Κατάλογος Εξαιρέσεων από Άδεια,,,,,,,,,,,,,
Όνομα Αδειούχου,Αριθμός Άδειας,Ημερομηνία Έναρξης,Ημερομηνία Λήξης,Ισχύς (KW),Αποθήκευση ενέργειας – Ισχύς εξόδου (kW),Αποθήκευση ενέργειας – Αποθηκευτική ισχύς (kWh),Τεχνολογία,Τύπος Τεχνολογίας,Καύσιμο,Τύπος Άδειας,Καθεστώς Λειτουργίας,Επαρχία,Δήμος/Κοινότητα
POWERDELIVERY LTD ,Ε005129/2025,12/12/2025,11/12/2055,120,-,-,ΑΠΕ,Φωτοβολταϊκό σύστημα,-,Λειτουργίας Σταθμού Παραγωγής Ηλεκτρισμού,Εμπορική Χρήση ,Λάρνακα,Αραδίππου
RISANTHI LTD,Ε005128/2025,09/12/2025,08/12/2030,6000,6000,6000,ΑΠΕ,Φωτοβολταϊκό Σύστημα,,Κατασκευής Σταθμού Παραγωγής Ηλεκτρισμού,Εμπορική Χρήση,Λευκωσία,Αγιοί Τριμιθιάς
RISANTHI LTD,Ε005127/2025,09/12/2025,08/12/2030,1540,1540,1540,ΑΠΕ,Φωτοβολταϊκό Σύστημα,,Κατασκευής Σταθμού Παραγωγής Ηλεκτρισμού,Εμπορική Χρήση,Λευκωσία,Δάλι
G.P. PARK PV LTD,Ε005126/2025,09/12/2025,08/12/2030,1070,1000,1000,ΑΠΕ,Φωτοβολταϊκό Σύστημα,,Κατασκευής Σταθμού Παραγωγής Ηλεκτρισμού,Εμπορική Χρήση,Λευκωσία,Πέρα
G.P. PARK PV LTD,Ε005125/2025,09/12/2025,08/12/2030,240,200,200,ΑΠΕ,Φωτοβολταϊκό Σύστημα,,Κατασκευής Σταθμού Παραγωγής Ηλεκτρισμού,Εμπορική Χρήση,Λευκωσία,Μαργί
K. KYTHREOTIS HOLDINGS PUBLIC LTD,Ε005124/2025,09/12/2025,08/12/2030,2295,-,-,ΑΠΕ,Φωτοβολταϊκό Σύστημα,,Κατασκευής Σταθμού Παραγωγής Ηλεκτρισμού,Εμπορική Χρήση,Λεμεσός,Ύψωνας
K. KYTHREOTIS HOLDINGS PUBLIC LTD,Ε005123/2025,09/12/2025,08/12/2030,1123,-,-,ΑΠΕ,Φωτοβολταϊκό Σύστημα,,Κατασκευής Σταθμού Παραγωγής Ηλεκτρισμού,Εμπορική Χρήση,Λεμεσός,Ύψωνας
TH. SOULIS ENERGY LTD,Ε005122/2025,09/12/2025,08/12/2030,0,400,1600,ΑΠΕ,Φωτοβολταϊκό Σύστημα,,Κατασκευής Σταθμού Παραγωγής Ηλεκτρισμού,Εμπορική Χρήση,Λάρνακα,Καλό Χωριό Λάρνακας
BIOLAND PROJECT 95 LTD,Ε005121/2025,03/12/2025,02/12/2055,692.3,-,-,ΑΠΕ,Φωτοβολταϊκό Σύστημα,,Λειτουργίας Σταθμού Παραγωγής Ηλεκτρισμού,Εμπορική Χρήση,Λάρνακα,Αλαμινό 
SECMAS ESTATES LTD,Ε005120/2025,26/11/2025,25/11/2030,550,-,-,ΑΠΕ,Φωτοβολταϊκό Σύστημα,,Κατασκευής Σταθμού Παραγωγής Ηλεκτρισμού,Εμπορική Χρήση,Λευκωσία,Σιά
WATTZ PROJECT 8 LTD,Ε005119/2025,26/11/2025,25/11/2030,660,660,2000,ΑΠΕ,Φωτοβολταϊκό Σύστημα,,Κατασκευής Σταθμού Παραγωγής Ηλεκτρισμού,Εμπορική Χρήση,Λευκωσία,Παλαιομέτοχο
Α. ΚΕΡΑΣΙ (ΦΩΤΟΒΟΛΤΑΙΚΑ) ΛΤΔ,Ε005118/2025,26/11/2025,25/11/2030,0,3000,8000,ΑΠΕ,Φωτοβολταϊκό Σύστημα,,Κατασκευής Σταθμού Παραγωγής Ηλεκτρισμού,Εμπορική Χρήση,Πάφος,Μηλιά
Α. ΚΕΡΑΣΙ (ΦΩΤΟΒΟΛΤΑΙΚΑ) ΛΤΔ,Ε005117/2025,26/11/2025,25/11/2030,0,3000,8000,ΑΠΕ,Φωτοβολταϊκό Σύστημα,,Κατασκευής Σταθμού Παραγωγής Ηλεκτρισμού,Εμπορική Χρήση,Πάφος,Μηλιά
VLASIOU ELECTRIC SISTERS &AMP; PARTNERS LTD,Ε005116/2025,21/11/2025,20/11/2055,2200,-,-,ΑΠΕ,Φωτοβολταϊκό Σύστημα,,Λειτουργίας Σταθμού Παραγωγής Ηλεκτρισμού,Εμπορική Χρήση,Λεμεσός,Τριμίκληνη
SUNA LTD,Ε005115/2025,21/11/2025,20/11/2055,4500,-,-,ΑΠΕ,Φωτοβολταϊκό Σύστημα,,Λειτουργίας Σταθμού Παραγωγής Ηλεκτρισμού,Εμπορική Χρήση,Λεμεσός,Κούκα
BIOLAND PROJECT 67 LTD,Ε005114/2025,21/11/2025,20/11/2030,0,120,360,ΑΠΕ,Φωτοβολταϊκό Σύστημα,,Κατασκευής Σταθμού Παραγωγής Ηλεκτρισμού,Εμπορική Χρήση,Λεμεσός,Σανίδα
BIOLAND PROJECT 67 LTD,Ε005113/2025,21/11/2025,20/11/2030,0,120,360,ΑΠΕ,Φωτοβολταϊκό Σύστημα,,Κατασκευής Σταθμού Παραγωγής Ηλεκτρισμού,Εμπορική Χρήση,Λεμεσός,Σανίδα
BIOLAND PROJECT 67 LTD,Ε005112/2025,21/11/2025,20/11/2030,0,120,360,ΑΠΕ,Φωτοβολταϊκό Σύστημα,,Κατασκευής Σταθμού Παραγωγής Ηλεκτρισμού,Εμπορική Χρήση,Λεμεσός,Σανίδα
P. LAMBI SOLAR ENTERPRISE LTD,Ε005111/2025,21/11/2025,20/11/2030,120,-,-,ΑΠΕ,Φωτοβολταϊκό Σύστημα,,Κατασκευής Σταθμού Παραγωγής Ηλεκτρισμού,Εμπορική Χρήση,Λάρνακα,Αραδίππου
ΦΥΣΙΚΟ ΠΡΟΣΩΠΟ,Ε005110/2025,21/11/2025,20/11/2030,119,-,-,ΑΠΕ,Φωτοβολταϊκό Σύστημα,,Κατασκευής Σταθμού Παραγωγής Ηλεκτρισμού,Εμπορική Χρήση,Λευκωσία,Τσέρι 
ΦΥΣΙΚΟ ΠΡΟΣΩΠΟ,Ε005109/2025,21/11/2025,20/11/2030,119,-,-,ΑΠΕ,Φωτοβολταϊκό Σύστημα,,Κατασκευής Σταθμού Παραγωγής Ηλεκτρισμού,Εμπορική Χρήση,Λευκωσία,Λακατάμεια
ANTIS ESTATES LTD,Ε005108/2025,12/11/2025,11/11/2037,300,-,-,Συμβατικά Καύσιμα,ΜΕΚ,Πετρέλαιο,Κατασκευής - Λειτουργίας,Εφεδρεία,Πάφος,Χλώρακα
ΦΑΡΜΑ Α.ΠΙΠΗ ΛΤΔ,Ε005107/2025,12/11/2025,11/11/2037,100,-,-,Συμβατικά Καύσιμα,ΜΕΚ,Πετρέλαιο,Κατασκευής - Λειτουργίας,Εφεδρεία,Λευκωσία,Άγιο Ιωάννη
ΑΓΡΟΚΤΗΜΑ ΤΣΟΥΜΑ ΛΤΔ,Ε005106/2025,12/11/2025,11/11/2037,100,-,-,Συμβατικά Καύσιμα,ΜΕΚ,Πετρέλαιο,Κατασκευής - Λειτουργίας,Εφεδρεία,Λευκωσία,Ορούντα
ΦΑΡΜΑ Ν.ΠΙΠΗΣ ΛΤΔ,Ε005105/2025,12/11/2025,11/11/2037,100,-,-,Συμβατικά Καύσιμα,ΜΕΚ,Πετρέλαιο,Κατασκευής - Λειτουργίας,Εφεδρεία,Λευκωσία,Πάνω Δευτερά
THE CYPRUS ANTI-CANCER SOCIETY,Ε005104/2025,12/11/2025,11/11/2037,35.2,-,-,Συμβατικά Καύσιμα,ΜΕΚ,Πετρέλαιο,Λειτουργίας Σταθμού Παραγωγής Ηλεκτρισμού,Εφεδρεία,Λεμεσός,-
CAPELIR INVESTMENTS LTD,Ε005103/2025,12/11/2025,11/11/2030,950,400,2000,ΑΠΕ,Φωτοβολταϊκό Σύστημα,,Κατασκευής Σταθμού Παραγωγής Ηλεκτρισμού,Εμπορική Χρήση,Λευκωσία,Πάνω Δευτερά
ELOADS ENERGIES STORAGE LTD,Ε005102/2025,12/11/2025,11/11/2030,8000,8000,25000,ΑΠΕ,Φωτοβολταϊκό Σύστημα,,Κατασκευής Σταθμού Παραγωγής Ηλεκτρισμού,Εμπορική Χρήση,Λάρνακα,Αθηένου
ELOADS ENERGIES STORAGE LTD,Ε005101/2025,12/11/2025,11/11/2030,1950,1950,5000,ΑΠΕ,Φωτοβολταϊκό Σύστημα,,Κατασκευής Σταθμού Παραγωγής Ηλεκτρισμού,Εμπορική Χρήση,Λάρνακα,Αθηένου
SPANERCOM LTD,Ε005100/2025,12/11/2025,11/11/2030,0,5000,20000,ΑΠΕ,Φωτοβολταϊκό Σύστημα,,Κατασκευής Σταθμού Παραγωγής Ηλεκτρισμού,Εμπορική Χρήση,Πάφος,Αναρίτα
SPANERCOM LTD,Ε005099/2025,12/11/2025,11/11/2030,0,5000,20000,ΑΠΕ,Φωτοβολταϊκό Σύστημα,,Κατασκευής Σταθμού Παραγωγής Ηλεκτρισμού,Εμπορική Χρήση,Πάφος,Αναρίτα
BP-S 105 LTD,Ε005098/2025,12/11/2025,11/11/2030,1000,1000,3000,ΑΠΕ,Φωτοβολταϊκό Σύστημα,,Κατασκευής Σταθμού Παραγωγής Ηλεκτρισμού,Εμπορική Χρήση,Λευκωσία,Αγία Βαρβάρα
SOLARWISE SOLUTIONS LTD,Ε005097/2025,12/11/2025,11/11/2030,2576,1600,3200,ΑΠΕ,Φωτοβολταϊκό Σύστημα,,Κατασκευής Σταθμού Παραγωγής Ηλεκτρισμού,Εμπορική Χρήση,Πάφος,Στενή
BP-S 160 LTD,Ε005096/2025,12/11/2025,11/11/2030,400,400,1200,ΑΠΕ,Φωτοβολταϊκό Σύστημα,,Κατασκευής Σταθμού Παραγωγής Ηλεκτρισμού,Εμπορική Χρήση,Λάρνακα,Αθηένου
BP-S 158 LTD,Ε005095/2025,12/11/2025,11/11/2030,700,700,2100,ΑΠΕ,Φωτοβολταϊκό Σύστημα,,Κατασκευής Σταθμού Παραγωγής Ηλεκτρισμού,Εμπορική Χρήση,Λεμεσός,Πισσούρι
FAST 41 ENERGY LTD,Ε005094/2025,12/11/2025,11/11/2030,744,-,-,ΑΠΕ,Φωτοβολταϊκό Σύστημα,,Κατασκευής Σταθμού Παραγωγής Ηλεκτρισμού,Εμπορική Χρήση,Λευκωσία,Περιστερώνα
ESPERIA ENERGY (AGLANTZIA 1) LTD,Ε005093/2025,12/11/2025,11/11/2030,7360,7360,25760,ΑΠΕ,Φωτοβολταϊκό Σύστημα,,Κατασκευής Σταθμού Παραγωγής Ηλεκτρισμού,Εμπορική Χρήση,Λευκωσία,Αγλαντζιά
ESPERIA ENERGY (XYLOTYMBOU 1) LTD,Ε005092/2025,12/11/2025,11/11/2030,7996,7996,24000,ΑΠΕ,Φωτοβολταϊκό Σύστημα,,Κατασκευής Σταθμού Παραγωγής Ηλεκτρισμού,Εμπορική Χρήση,Λάρνακα,Ξυλοτύμβου
ESPERIA ENERGY (TSERI 2) LTD,Ε005091/2025,12/11/2025,11/11/2030,4080,4080,14280,ΑΠΕ,Φωτοβολταϊκό Σύστημα,,Κατασκευής Σταθμού Παραγωγής Ηλεκτρισμού,Εμπορική Χρήση,Λευκωσία,Αλάμπρα
ESPERIA ENERGY (XYLOTYMBOU 1) LTD,Ε005090/2025,12/11/2025,11/11/2030,5746,5746,17240,ΑΠΕ,Φωτοβολταϊκό Σύστημα,,Κατασκευής Σταθμού Παραγωγής Ηλεκτρισμού,Εμπορική Χρήση,Λάρνακα,Ξυλοτύμβου
ESPERIA GREEN ENERGY LTD,Ε005089/2025,12/11/2025,11/11/2030,2448,2448,8690,ΑΠΕ,Φωτοβολταϊκό Σύστημα,,Κατασκευής Σταθμού Παραγωγής Ηλεκτρισμού,Εμπορική Χρήση,Λευκωσία,Αγία Βαρβάρα
BP-S 152 LTD,Ε005088/2025,12/11/2025,11/11/2030,1500,1500,4500,ΑΠΕ,Φωτοβολταϊκό Σύστημα,,Κατασκευής Σταθμού Παραγωγής Ηλεκτρισμού,Εμπορική Χρήση,Λάρνακα,Άγιο Θεόδωρο
BP-S 152 LTD,Ε005087/2025,12/11/2025,11/11/2030,1500,1500,4500,ΑΠΕ,Φωτοβολταϊκό Σύστημα,,Κατασκευής Σταθμού Παραγωγής Ηλεκτρισμού,Εμπορική Χρήση,Λάρνακα,Άγιο Θεόδωρο
SANTIAM INVESTMENT VI LTD,Ε005086/2025,12/11/2025,11/11/2030,0,1560,10000,ΑΠΕ,Φωτοβολταϊκό Σύστημα,,Κατασκευής Σταθμού Παραγωγής Ηλεκτρισμού,Εμπορική Χρήση,Λευκωσία,Άγιος Ιωάννης 
SANTIAM INVESTMENT V LTD,Ε005085/2025,12/11/2025,11/11/2030,0,1920,10000,ΑΠΕ,Φωτοβολταϊκό Σύστημα,,Κατασκευής Σταθμού Παραγωγής Ηλεκτρισμού,Εμπορική Χρήση,Λευκωσία,Άγιος Ιωάννης 
SANTIAM INVESTMENT IV LTD,Ε005084/2025,12/11/2025,11/11/2030,0,3600,10000,ΑΠΕ,Φωτοβολταϊκό Σύστημα,,Κατασκευής Σταθμού Παραγωγής Ηλεκτρισμού,Εμπορική Χρήση,Λευκωσία,Γέρι
SANTIAM INVESTMENT III LTD,Ε005083/2025,12/11/2025,11/11/2030,0,2260,10000,ΑΠΕ,Φωτοβολταϊκό Σύστημα,,Κατασκευής Σταθμού Παραγωγής Ηλεκτρισμού,Εμπορική Χρήση,Λευκωσία,Περιστερώνα
SANTIAM INVESTMENT IΙ LTD,Ε005082/2025,12/11/2025,11/11/2030,0,1900,10000,ΑΠΕ,Φωτοβολταϊκό Σύστημα,,Κατασκευής Σταθμού Παραγωγής Ηλεκτρισμού,Εμπορική Χρήση,Λευκωσία,Άγιος Ιωάννης 
SPACE GUARD LTD,Ε005081/2025,04/11/2025,03/11/2030,150,30,450,ΑΠΕ,Φωτοβολταϊκό Σύστημα,,Κατασκευής Σταθμού Παραγωγής Ηλεκτρισμού,Εμπορική Χρήση,Πάφος,Περιστερώνα
ΦΥΣΙΚΟ ΠΡΟΣΩΠΟ,Ε005080/2025,04/11/2025,03/11/2030,250,200,800,ΑΠΕ,Φωτοβολταϊκό Σύστημα,,Κατασκευής Σταθμού Παραγωγής Ηλεκτρισμού,Εμπορική Χρήση,Λευκωσία,Ορούντα
ΦΥΣΙΚΟ ΠΡΟΣΩΠΟ,Ε005079/2025,04/11/2025,03/11/2030,180,150,600,ΑΠΕ,Φωτοβολταϊκό Σύστημα,,Κατασκευής Σταθμού Παραγωγής Ηλεκτρισμού,Εμπορική Χρήση,Λευκωσία,Ορούντα
ΦΥΣΙΚΟ ΠΡΟΣΩΠΟ,Ε005078/2025,04/11/2025,03/11/2030,2000,2000,10000,ΑΠΕ,Φωτοβολταϊκό Σύστημα,,Κατασκευής Σταθμού Παραγωγής Ηλεκτρισμού,Εμπορική Χρήση,Λευκωσία,Νικητάρι
RAGUNA LTD,Ε005077/2025,04/11/2025,03/11/2030,2500,2500,4500,ΑΠΕ,Φωτοβολταϊκό Σύστημα,,Κατασκευής Σταθμού Παραγωγής Ηλεκτρισμού,Εμπορική Χρήση,Λεμεσός,Μαθικολώνη
THANOS CLUBHOTELS LTD,Ε005076/2025,04/11/2025,03/11/2027,260,-,-,ΑΠΕ,Φωτοβολταϊκό Σύστημα,,Κατασκευής Σταθμού Παραγωγής Ηλεκτρισμού,Αυτοπαραγωγή/Net-Billing,Πάφος,Νέο Χωριό
ΥΠΟΥΡΓΕΙΟ ΑΜΥΝΑΣ - ΕΘΝΙΚΗ ΦΡΟΥΡΑ- ΣΤΡΑΤΟΠΕΔΟ Δ. ΧΡΙΣΤΟΔΟΥΛΟΥ ΚΑΙ ΦΩΤΗ ΠΙΤΤΑ,Ε005075/2025,04/11/2025,03/11/2027,240,-,-,ΑΠΕ,Φωτοβολταϊκό Σύστημα,,Κατασκευής Σταθμού Παραγωγής Ηλεκτρισμού,Αυτοπαραγωγή/Net-Billing,Αμμόχωστος,Παραλίμνι-Δερύνεια-Φρέναρος
ΥΠΟΥΡΓΕΙΟ ΑΜΥΝΑΣ - ΕΘΝΙΚΗ ΦΡΟΥΡΑ- ΣΤΡΑΤΟΠΕΔΟ ΑΝΔΡΕΑ ΣΟΥΡΟΥΚΛΗ,Ε005074/2025,04/11/2025,03/11/2027,180,-,-,ΑΠΕ,Φωτοβολταϊκό Σύστημα,,Κατασκευής Σταθμού Παραγωγής Ηλεκτρισμού,Αυτοπαραγωγή/Net-Billing,Λάρνακα,-
ΥΠΟΥΡΓΕΙΟ ΑΜΥΝΑΣ - ΕΘΝΙΚΗ ΦΡΟΥΡΑ- ΣΤΡΑΤΟΠΕΔΟ ΑΥΞΕΝΤΙΟΥ,Ε005073/2025,04/11/2025,03/11/2027,80,-,-,ΑΠΕ,Φωτοβολταϊκό Σύστημα,,Κατασκευής Σταθμού Παραγωγής Ηλεκτρισμού,Αυτοπαραγωγή/Net-Billing,Λάρνακα,Κόση
ΥΠΟΥΡΓΕΙΟ ΑΜΥΝΑΣ - ΕΘΝΙΚΗ ΦΡΟΥΡΑ- ΣΤΡΑΤΟΠΕΔΟ ΙΝΕΙΑΣ-ΓΕΩΡΓΙΟΥ ΣΤΥΛΙΑΝΟΥ,Ε005072/2025,04/11/2025,03/11/2027,55,-,-,ΑΠΕ,Φωτοβολταϊκό Σύστημα,,Κατασκευής Σταθμού Παραγωγής Ηλεκτρισμού,Αυτοπαραγωγή/Net-Billing,Πάφος,"Ακάμα, Ίννεια"
ΥΠΟΥΡΓΕΙΟ ΑΜΥΝΑΣ - ΕΘΝΙΚΗ ΦΡΟΥΡΑ- ΔΟΙΚΗΣΗ ΝΑΥΤΙΚΟΥ,Ε005071/2025,04/11/2025,03/11/2027,55,-,-,ΑΠΕ,Φωτοβολταϊκό Σύστημα,,Κατασκευής Σταθμού Παραγωγής Ηλεκτρισμού,Αυτοπαραγωγή/Net-Billing,Λεμεσός,Πισσούρι
PETROLINA ELECTRIC LTD,Ε005070/2025,29/10/2025,28/10/2030,8000,8000,25000,ΑΠΕ,Φωτοβολταϊκό Σύστημα,,Κατασκευής Σταθμού Παραγωγής Ηλεκτρισμού,Εμπορική Χρήση,Λευκωσία,Περιστερώνα
ΦΥΣΙΚΟ ΠΡΟΣΩΠΟ,Ε005069/2025,29/10/2025,28/10/2030,150,-,-,ΑΠΕ,Φωτοβολταϊκό Σύστημα,,Κατασκευής Σταθμού Παραγωγής Ηλεκτρισμού,Εμπορική Χρήση,Λάρνακα,Αθηένου
C&AMP;P PROPERTY INVESTMENTS LTD,Ε005068/2025,29/10/2025,28/10/2030,250,250,250,ΑΠΕ,Φωτοβολταϊκό Σύστημα,,Κατασκευής Σταθμού Παραγωγής Ηλεκτρισμού,Εμπορική Χρήση,Πάφος,Πέγεια
PETROLINA ENERGY LTD,Ε005067/2025,29/10/2025,28/10/2030,2020,2020,5000,ΑΠΕ,Φωτοβολταϊκό Σύστημα,,Κατασκευής Σταθμού Παραγωγής Ηλεκτρισμού,Εμπορική Χρήση,Λάρνακα,Αραδίππου
WATTZ PROJECT 6 LTD,Ε005066/2025,29/10/2025,28/10/2030,1250,1250,4500,ΑΠΕ,Φωτοβολταϊκό Σύστημα,,Κατασκευής Σταθμού Παραγωγής Ηλεκτρισμού,Εμπορική Χρήση,Λεμεσός,Παραμύθα
WATTZ PROJECT 8 LTD,Ε005065/2025,29/10/2025,28/10/2030,2000,2000,8000,ΑΠΕ,Φωτοβολταϊκό Σύστημα,,Κατασκευής Σταθμού Παραγωγής Ηλεκτρισμού,Εμπορική Χρήση,Λευκωσία,Παλαιμέτοχο
WATTZ PROJECT 7 LTD,Ε005064/2025,29/10/2025,28/10/2030,1400,1400,4500,ΑΠΕ,Φωτοβολταϊκό Σύστημα,,Κατασκευής Σταθμού Παραγωγής Ηλεκτρισμού,Εμπορική Χρήση,Λεμεσός,Φασούλα
WATTZ PROJECT 7 LTD,Ε005063/2025,29/10/2025,28/10/2030,1100,1100,4500,ΑΠΕ,Φωτοβολταϊκό Σύστημα,,Κατασκευής Σταθμού Παραγωγής Ηλεκτρισμού,Εμπορική Χρήση,Λεμεσός,Φασούλα
PAKAT RES LTD,Ε005062/2025,29/10/2025,28/10/2030,119.34,-,-,ΑΠΕ,Φωτοβολταϊκό Σύστημα,,Κατασκευής Σταθμού Παραγωγής Ηλεκτρισμού,Εμπορική Χρήση,Πάφος,Μέσα Χωριό 
PVP ECOSPARKS ENERGY LTD,Ε005061/2025,21/10/2025,20/10/2030,990,990,2000,ΑΠΕ,Φωτοβολταϊκό Σύστημα,,Κατασκευής Σταθμού Παραγωγής Ηλεκτρισμού,Εμπορική Χρήση,Λάρνακα,Ξυλοτύμβου
PVP ECOSPARKS ENERGY LTD,Ε005060/2025,21/10/2025,20/10/2030,1400,1400,3000,ΑΠΕ,Φωτοβολταϊκό Σύστημα,,Κατασκευής Σταθμού Παραγωγής Ηλεκτρισμού,Εμπορική Χρήση,Λάρνακα,Ξυλοτύμβου
PVP ECOSPARKS ENERGY LTD,Ε005059/2025,21/10/2025,20/10/2030,1500,1500,3000,ΑΠΕ,Φωτοβολταϊκό Σύστημα,,Κατασκευής Σταθμού Παραγωγής Ηλεκτρισμού,Εμπορική Χρήση,Λάρνακα,Ξυλοτύμβου
PVP ECOSAVER ENERGY LTD,Ε005058/2025,21/10/2025,20/10/2030,1400,1400,3000,ΑΠΕ,Φωτοβολταϊκό Σύστημα,,Κατασκευής Σταθμού Παραγωγής Ηλεκτρισμού,Εμπορική Χρήση,Λάρνακα,Ξυλοτύμβου
PVP ECOSAVER ENERGY LTD,Ε005057/2025,21/10/2025,20/10/2030,1500,1500,3000,ΑΠΕ,Φωτοβολταϊκό Σύστημα,,Κατασκευής Σταθμού Παραγωγής Ηλεκτρισμού,Εμπορική Χρήση,Λάρνακα,Ξυλοτύμβου
PVP ECOSAVER ENERGY LTD,Ε005056/2025,21/10/2025,20/10/2030,1700,1700,5000,ΑΠΕ,Φωτοβολταϊκό Σύστημα,,Κατασκευής Σταθμού Παραγωγής Ηλεκτρισμού,Εμπορική Χρήση,Λάρνακα,Ξυλοτύμβου
PVP ECOSAVER ENERGY LTD,Ε005055/2025,21/10/2025,20/10/2030,990,990,2000,ΑΠΕ,Φωτοβολταϊκό Σύστημα,,Κατασκευής Σταθμού Παραγωγής Ηλεκτρισμού,Εμπορική Χρήση,Λάρνακα,Ξυλοτύμβου
BIOLAND PROJECT 66 LTD,Ε005054/2025,21/10/2025,20/10/2030,0,2000,6000,ΑΠΕ,Φωτοβολταϊκό Σύστημα,,Κατασκευής Σταθμού Παραγωγής Ηλεκτρισμού,Εμπορική Χρήση,Λάρνακα,Αλαμινό
CLASSONE SOLAR BREEZE LTD,Ε005053/2025,21/10/2025,20/10/2030,0,1500,6000,ΑΠΕ,Φωτοβολταϊκό Σύστημα,,Κατασκευής Σταθμού Παραγωγής Ηλεκτρισμού,Εμπορική Χρήση,Λεμεσός,Πισσούρι
CLASSONE SOLAR GARDEN LTD,Ε005052/2025,21/10/2025,20/10/2030,0,3000,12000,ΑΠΕ,Φωτοβολταϊκό Σύστημα,,Κατασκευής Σταθμού Παραγωγής Ηλεκτρισμού,Εμπορική Χρήση,Λεμεσός,Πισσούρι
BP-S 156 LTD,Ε005051/2025,21/10/2025,20/10/2030,1000,1000,3000,ΑΠΕ,Φωτοβολταϊκό Σύστημα,,Κατασκευής Σταθμού Παραγωγής Ηλεκτρισμού,Εμπορική Χρήση,Λάρνακα,Αλαμινό
BP-S 114 LTD,Ε005050/2025,21/10/2025,20/10/2030,1000,1000,3000,ΑΠΕ,Φωτοβολταϊκό Σύστημα,,Κατασκευής Σταθμού Παραγωγής Ηλεκτρισμού,Εμπορική Χρήση,Λάρνακα,Ξυλοτύμβου
BP-S 155 LTD,Ε005049/2025,21/10/2025,20/10/2030,700,700,2100,ΑΠΕ,Φωτοβολταϊκό Σύστημα,,Κατασκευής Σταθμού Παραγωγής Ηλεκτρισμού,Εμπορική Χρήση,Αμμόχωστος,Αυγόρου
BP-S 155 LTD,Ε005048/2025,21/10/2025,20/10/2030,900,900,2700,ΑΠΕ,Φωτοβολταϊκό Σύστημα,,Κατασκευής Σταθμού Παραγωγής Ηλεκτρισμού,Εμπορική Χρήση,Αμμόχωστος,Αυγόρου
SOLIGHT ELECTRICITY COMPANY LTD,Ε005047/2025,21/10/2025,20/10/2030,2140,1000,4500,ΑΠΕ,Φωτοβολταϊκό Σύστημα,,Κατασκευής Σταθμού Παραγωγής Ηλεκτρισμού,Εμπορική Χρήση,Λευκωσία,Κοκκινοτριμιθιά
PETROLINA ELECTRIC LTD,Ε005046/2025,21/10/2025,20/10/2030,1450,1450,5000,ΑΠΕ,Φωτοβολταϊκό Σύστημα,,Κατασκευής Σταθμού Παραγωγής Ηλεκτρισμού,Εμπορική Χρήση,Λάρνακα,Καλό Χωριό Λάρνακας
PETROLINA ELECTRIC LTD,Ε005045/2025,21/10/2025,20/10/2030,1400,1400,5000,ΑΠΕ,Φωτοβολταϊκό Σύστημα,,Κατασκευής Σταθμού Παραγωγής Ηλεκτρισμού,Εμπορική Χρήση,Αμμόχωστος,Φρέναρος
PETROLINA ELECTRIC LTD,Ε005044/2025,21/10/2025,20/10/2030,3260,3260,10000,ΑΠΕ,Φωτοβολταϊκό Σύστημα,,Κατασκευής Σταθμού Παραγωγής Ηλεκτρισμού,Εμπορική Χρήση,Λευκωσία,Περιστερώνα
PETROLINA ELECTRIC LTD,Ε005043/2025,21/10/2025,20/10/2030,4500,4500,15000,ΑΠΕ,Φωτοβολταϊκό Σύστημα,,Κατασκευής Σταθμού Παραγωγής Ηλεκτρισμού,Εμπορική Χρήση,Λευκωσία,Αναλιόντας
BP-S 157 LTD,Ε005042/2025,21/10/2025,20/10/2030,1400,1400,4200,ΑΠΕ,Φωτοβολταϊκό Σύστημα,,Κατασκευής Σταθμού Παραγωγής Ηλεκτρισμού,Εμπορική Χρήση,Λεμεσός,Πισσούρι
BP-S 157 LTD,Ε005041/2025,21/10/2025,20/10/2030,2100,2100,6300,ΑΠΕ,Φωτοβολταϊκό Σύστημα,,Κατασκευής Σταθμού Παραγωγής Ηλεκτρισμού,Εμπορική Χρήση,Λεμεσός,Πισσούρι
ABOVENERGY LTD,Ε005040/2025,21/10/2025,20/10/2030,990,990,2000,ΑΠΕ,Φωτοβολταϊκό Σύστημα,,Κατασκευής Σταθμού Παραγωγής Ηλεκτρισμού,Εμπορική Χρήση,Λάρνακα,Αθηένου
ABOVENERGY LTD,Ε005039/2025,21/10/2025,20/10/2030,2000,2000,4000,ΑΠΕ,Φωτοβολταϊκό Σύστημα,,Κατασκευής Σταθμού Παραγωγής Ηλεκτρισμού,Εμπορική Χρήση,Λάρνακα,Τερσεφάνου
BP-S 140 LTD,Ε005038/2025,21/10/2025,20/10/2030,1500,1500,4500,ΑΠΕ,Φωτοβολταϊκό Σύστημα,,Κατασκευής Σταθμού Παραγωγής Ηλεκτρισμού,Εμπορική Χρήση,Λάρνακα,Ξυλοτύμβου
BP-S 114 LTD,Ε005037/2025,21/10/2025,20/10/2030,1500,1500,4500,ΑΠΕ,Φωτοβολταϊκό Σύστημα,,Κατασκευής Σταθμού Παραγωγής Ηλεκτρισμού,Εμπορική Χρήση,Λάρνακα,Ξυλοτύμβου
BP-S 133 LTD,Ε005036/2025,21/10/2025,20/10/2030,150,150,450,ΑΠΕ,Φωτοβολταϊκό Σύστημα,,Κατασκευής Σταθμού Παραγωγής Ηλεκτρισμού,Εμπορική Χρήση,Πάφος,Στρουμπί
RES ZEUS ELECTRICITY COMPANY LTD,Ε005035/2025,21/10/2025,20/10/2030,2700,1000,4500,ΑΠΕ,Φωτοβολταϊκό Σύστημα,,Κατασκευής Σταθμού Παραγωγής Ηλεκτρισμού,Εμπορική Χρήση,Λευκωσία,Κοκκινοτριμιθιά
WATTZ PROJECT 2 LTD,Ε005034/2025,21/10/2025,20/10/2030,150,150,600,ΑΠΕ,Φωτοβολταϊκό Σύστημα,,Κατασκευής Σταθμού Παραγωγής Ηλεκτρισμού,Εμπορική Χρήση,Πάφος,Πολέμι 
PERLINA HOLDINGS LTD,Ε005033/2025,10/10/2025,09/10/2037,245,-,-,Συμβατικά Καύσιμα,ΜΕΚ,Πετρέλαιο,Κατασκευής - Λειτουργίας,Εφεδρεία,Λευκωσία,Στρόβολο
PERLINA HOLDINGS LTD,Ε005032/2025,10/10/2025,09/10/2037,36,-,-,Συμβατικά Καύσιμα,ΜΕΚ,Πετρέλαιο,Κατασκευής - Λειτουργίας,Εφεδρεία,Λευκωσία,-
PERLINA HOLDINGS LTD,Ε005031/2025,10/10/2025,09/10/2037,264,-,-,Συμβατικά Καύσιμα,ΜΕΚ,Πετρέλαιο,Κατασκευής - Λειτουργίας,Εφεδρεία,Λευκωσία,Στρόβολο
THEORIS N. KOUTSOU (KTIMATIKI) LTD,Ε005030/2025,10/10/2025,09/10/2037,150,-,-,Συμβατικά Καύσιμα,ΜΕΚ,Πετρέλαιο,Κατασκευής - Λειτουργίας,Εφεδρεία,Αμμόχωστος,Παραλίμνι
ΣΥΝΕΡΓΑΤΙΚΟΣ ΟΡΓΑΝΙΣΜΟΣ ΠΑΡΑΓΩΓΗΣ ΖΩΟΤΡΟΦΩΝ ΛΤΔ,Ε005029/2025,10/10/2025,09/10/2037,80,-,-,Συμβατικά Καύσιμα,ΜΕΚ,Πετρέλαιο,Κατασκευής - Λειτουργίας,Εφεδρεία,Λάρνακα,Αθηαίνου
BP-S 124 LTD,Ε005028/2025,10/10/2025,09/10/2030,1500,1500,6000,ΑΠΕ,Φωτοβολταϊκό Σύστημα,,Κατασκευής Σταθμού Παραγωγής Ηλεκτρισμού,Εμπορική Χρήση,Λευκωσία,Π. Κουτραφά
BP-S 124 LTD,Ε005027/2025,10/10/2025,09/10/2030,1500,1500,6000,ΑΠΕ,Φωτοβολταϊκό Σύστημα,,Κατασκευής Σταθμού Παραγωγής Ηλεκτρισμού,Εμπορική Χρήση,Λευκωσία,Π. Κουτραφά
BP-S 124 LTD,Ε005026/2025,10/10/2025,09/10/2030,1500,1500,6000,ΑΠΕ,Φωτοβολταϊκό Σύστημα,,Κατασκευής Σταθμού Παραγωγής Ηλεκτρισμού,Εμπορική Χρήση,Λευκωσία,Π. Κουτραφά
SIDESUNNY.COM CYPRUS LTD,Ε005025/2025,10/10/2025,09/10/2030,1000,-,-,ΑΠΕ,Φωτοβολταϊκό Σύστημα,,Κατασκευής Σταθμού Παραγωγής Ηλεκτρισμού,Εμπορική Χρήση,Πάφος,Μαραθούντα
NEW WAY ENGINEERING LTD,Ε005024/2025,10/10/2025,09/10/2030,150,30,450,ΑΠΕ,Φωτοβολταϊκό Σύστημα,,Κατασκευής Σταθμού Παραγωγής Ηλεκτρισμού,Εμπορική Χρήση,Πάφος,Ακάμα - Πάνω Αρόδες
ΦΥΣΙΚΟ ΠΡΟΣΩΠΟ,Ε005023/2025,10/10/2025,09/10/2030,150,-,-,ΑΠΕ,Φωτοβολταϊκό Σύστημα,,Κατασκευής Σταθμού Παραγωγής Ηλεκτρισμού,Εμπορική Χρήση,Πάφος,Πάνω Αρόδες
WATTZ PROJECT 5 LTD,Ε005022/2025,10/10/2025,09/10/2030,500,500,2000,ΑΠΕ,Φωτοβολταϊκό Σύστημα,,Κατασκευής Σταθμού Παραγωγής Ηλεκτρισμού,Εμπορική Χρήση,Λευκωσία,Αλάμπρα
WATTZ PROJECT 1 LTD,Ε005021/2025,10/10/2025,09/10/2030,1130,1130,4500,ΑΠΕ,Φωτοβολταϊκό Σύστημα,,Κατασκευής Σταθμού Παραγωγής Ηλεκτρισμού,Εμπορική Χρήση,Πάφος,Στρουμπί
MANDRILL LTD,Ε005020/2025,10/10/2025,09/10/2030,8000,5000,10000,ΑΠΕ,Φωτοβολταϊκό Σύστημα,,Κατασκευής Σταθμού Παραγωγής Ηλεκτρισμού,Εμπορική Χρήση,Λάρνακα,Πετροφάνι
WATTZ PROJECT 3 LTD,Ε005019/2025,10/10/2025,09/10/2030,500,-,-,ΑΠΕ,Φωτοβολταϊκό Σύστημα,,Κατασκευής Σταθμού Παραγωγής Ηλεκτρισμού,Εμπορική Χρήση,Λευκωσία,Γέρι
NEPHESH LTD,Ε005018/2025,10/10/2025,09/10/2030,0,1000,4000,ΑΠΕ,Φωτοβολταϊκό Σύστημα,,Κατασκευής Σταθμού Παραγωγής Ηλεκτρισμού,Εμπορική Χρήση,Πάφος,Κονιά
A &AMP; A MACEDONIA INVESTMENTS LTD,Ε005017/2025,10/10/2025,09/10/2055,499.96,-,-,ΑΠΕ,Φωτοβολταϊκό Σύστημα,,Λειτουργίας Σταθμού Παραγωγής Ηλεκτρισμού,Εμπορική Χρήση,Πάφος,Μελάδια 
P.K.X. MILLENIUM LTD,Ε005016/2025,06/10/2025,05/10/2037,80,-,-,Συμβατικά Καύσιμα,ΜΕΚ,Πετρέλαιο,Κατασκευής - Λειτουργίας,Εφεδρεία,Λευκωσία,Μαθιάτη
Λ &AMP; Ε ΥΠΕΡΑΓΟΡΑ ΑΛΑΜΠΡΙΤΗ ΛΤΔ,Ε005015/2025,06/10/2025,05/10/2037,176,-,-,Συμβατικά Καύσιμα,ΜΕΚ,Πετρέλαιο,Κατασκευής - Λειτουργίας,Εφεδρεία,Λάρνακα,Αραδίππου
ΚΕΡΑΜΕΙΟ ΑΝΔΡΕΑΣ ΚΑΣΑΠΗΣ ΛΤΔ,Ε005014/2025,06/10/2025,05/10/2037,160,-,-,Συμβατικά Καύσιμα,ΜΕΚ,Πετρέλαιο,Κατασκευής - Λειτουργίας,Εφεδρεία,Λάρνακα,Καλαβασό
CYFIELD CH100 LTD,Ε005013/2025,06/10/2025,05/10/2037,70,-,-,Συμβατικά Καύσιμα,ΜΕΚ,Πετρέλαιο,Κατασκευής - Λειτουργίας,Εφεδρεία,Λευκωσία,Στρόβολο
LIFEBOAT EDUCATIONAL SERVICES LTD,Ε005012/2025,06/10/2025,05/10/2037,220,-,-,Συμβατικά Καύσιμα,ΜΕΚ,Πετρέλαιο,Κατασκευής - Λειτουργίας,Εφεδρεία,Λεμεσός,Αγία Φύλαξις
CYFIELD CH89 LTD,Ε005011/2025,06/10/2025,05/10/2037,352,-,-,Συμβατικά Καύσιμα,ΜΕΚ,Πετρέλαιο,Κατασκευής - Λειτουργίας,Εφεδρεία,Λευκωσία,-
ΟΡΓΑΝΩΣΗ ΠΑΡΑΓΩΓΩΝ ΣΕΔΙΓΕΠ ΛΥΣΗΣ ΛΤΔ,Ε005010/2025,06/10/2025,05/10/2037,400,-,-,Συμβατικά Καύσιμα,ΜΕΚ,Πετρέλαιο,Κατασκευής - Λειτουργίας,Εφεδρεία,Λάρνακα,Δρομολαξιά
Α ΚΑΙ Α ΣΦΑΓΕΙΑ ΛΤΔ,Ε005009/2025,06/10/2025,05/10/2037,35.2,-,-,Συμβατικά Καύσιμα,ΜΕΚ,Πετρέλαιο,Κατασκευής - Λειτουργίας,Εφεδρεία,Λευκωσία,Άγιος Ιωάννης
VESPA PROPERTIES LTD,Ε005008/2025,06/10/2025,05/10/2037,35.2,-,-,Συμβατικά Καύσιμα,ΜΕΚ,Πετρέλαιο,Κατασκευής - Λειτουργίας,Εφεδρεία,Λεμεσός,Μέσα Γειτονιά
NELIADA INVESTMENTS LTD,Ε005007/2025,06/10/2025,05/10/2037,69,-,-,Συμβατικά Καύσιμα,ΜΕΚ,Πετρέλαιο,Κατασκευής - Λειτουργίας,Εφεδρεία,Λευκωσία,-
BP-S 100 LTD,Ε005006/2025,25/09/2025,24/09/2030,800,800,3200,ΑΠΕ,Φωτοβολταϊκό Σύστημα,,Κατασκευής Σταθμού Παραγωγής Ηλεκτρισμού,Εμπορική Χρήση,Αμμόχωστος,Άχνα
BP-S 100 LTD,Ε005005/2025,25/09/2025,24/09/2030,1500,1500,6000,ΑΠΕ,Φωτοβολταϊκό Σύστημα,,Κατασκευής Σταθμού Παραγωγής Ηλεκτρισμού,Εμπορική Χρήση,Αμμόχωστος,Άχνα
SAOLA LTD,Ε005004/2025,25/09/2025,24/09/2030,5000,5000,15000,ΑΠΕ,Φωτοβολταϊκό Σύστημα,,Κατασκευής Σταθμού Παραγωγής Ηλεκτρισμού,Εμπορική Χρήση,Λάρνακα,Άγιο Θεόδωρο
SAOLA LTD,Ε005003/2025,25/09/2025,24/09/2030,2000,2000,5000,ΑΠΕ,Φωτοβολταϊκό Σύστημα,,Κατασκευής Σταθμού Παραγωγής Ηλεκτρισμού,Εμπορική Χρήση,Λάρνακα,Αλαμινό
SAOLA LTD,Ε005002/2025,25/09/2025,24/09/2030,3000,3000,9000,ΑΠΕ,Φωτοβολταϊκό Σύστημα,,Κατασκευής Σταθμού Παραγωγής Ηλεκτρισμού,Εμπορική Χρήση,Λάρνακα,Αλαμινό
SAOLA LTD,Ε005001/2025,25/09/2025,24/09/2030,7000,7000,20000,ΑΠΕ,Φωτοβολταϊκό Σύστημα,,Κατασκευής Σταθμού Παραγωγής Ηλεκτρισμού,Εμπορική Χρήση,Λάρνακα,Αλαμινό
SAOLA LTD,Ε005000/2025,25/09/2025,24/09/2030,6500,6500,20000,ΑΠΕ,Φωτοβολταϊκό Σύστημα,,Κατασκευής Σταθμού Παραγωγής Ηλεκτρισμού,Εμπορική Χρήση,Λάρνακα,Αλαμινό
SAOLA LTD,Ε004999/2025,25/09/2025,24/09/2030,4000,4000,10000,ΑΠΕ,Φωτοβολταϊκό Σύστημα,,Κατασκευής Σταθμού Παραγωγής Ηλεκτρισμού,Εμπορική Χρήση,Λάρνακα,Αλαμινό
SAOLA LTD,Ε004998/2025,25/09/2025,24/09/2030,5500,5500,15000,ΑΠΕ,Φωτοβολταϊκό Σύστημα,,Κατασκευής Σταθμού Παραγωγής Ηλεκτρισμού,Εμπορική Χρήση,Λάρνακα,Αναφωτία
SAOLA LTD,Ε004997/2025,25/09/2025,24/09/2030,2500,2500,7500,ΑΠΕ,Φωτοβολταϊκό Σύστημα,,Κατασκευής Σταθμού Παραγωγής Ηλεκτρισμού,Εμπορική Χρήση,Λάρνακα,Αλαμινό
SAOLA LTD,Ε004996/2025,25/09/2025,24/09/2030,5500,5500,15000,ΑΠΕ,Φωτοβολταϊκό Σύστημα,,Κατασκευής Σταθμού Παραγωγής Ηλεκτρισμού,Εμπορική Χρήση,Λάρνακα,Άγιο Θεόδωρο
SAOLA LTD,Ε004995/2025,25/09/2025,24/09/2030,1200,1200,4000,ΑΠΕ,Φωτοβολταϊκό Σύστημα,,Κατασκευής Σταθμού Παραγωγής Ηλεκτρισμού,Εμπορική Χρήση,Λάρνακα,Άγιο Θεόδωρο
SAOLA LTD,Ε004994/2025,25/09/2025,24/09/2030,600,600,2000,ΑΠΕ,Φωτοβολταϊκό Σύστημα,,Κατασκευής Σταθμού Παραγωγής Ηλεκτρισμού,Εμπορική Χρήση,Λάρνακα,Άγιο Θεόδωρο
SAOLA LTD,Ε004993/2025,25/09/2025,24/09/2030,4000,4000,10000,ΑΠΕ,Φωτοβολταϊκό Σύστημα,,Κατασκευής Σταθμού Παραγωγής Ηλεκτρισμού,Εμπορική Χρήση,Λάρνακα,Άγιο Θεόδωρο
SAOLA LTD,Ε004992/2025,25/09/2025,24/09/2030,4000,4000,10000,ΑΠΕ,Φωτοβολταϊκό Σύστημα,,Κατασκευής Σταθμού Παραγωγής Ηλεκτρισμού,Εμπορική Χρήση,Λάρνακα,Άγιο Θεόδωρο
ΦΥΣΙΚΟ ΠΡΟΣΩΠΟ,Ε004991/2025,25/09/2025,24/09/2037,160,-,-,Συμβατικά Καύσιμα,ΜΕΚ,Πετρέλαιο,Κατασκευής - Λειτουργίας,Εφεδρεία,Λεμεσός,Μοναγρούλι 
AVERDE OPERATIONS LTD,Ε004990/2025,25/09/2025,24/09/2037,104,-,-,Συμβατικά Καύσιμα,ΜΕΚ,Πετρέλαιο,Κατασκευής - Λειτουργίας,Εφεδρεία,Λάρνακα,Πύλα
EUROPEAN UNIVERSITY- CYPRUS LTD,Ε004989/2025,25/09/2025,24/09/2037,405,-,-,Συμβατικά Καύσιμα,ΜΕΚ,Πετρέλαιο,Κατασκευής - Λειτουργίας,Εφεδρεία,Λευκωσία,Έγκωμη
ΚΤΗΜΑ Π. ΚΟΥΣΙΟΥΜΗ ΛΤΔ,Ε004988/2025,25/09/2025,24/09/2037,88,-,-,Συμβατικά Καύσιμα,ΜΕΚ,Πετρέλαιο,Κατασκευής - Λειτουργίας,Εφεδρεία,Λευκωσία,Πέρα Χωριό
ΚΤΗΜΑ Π. ΚΟΥΣΙΟΥΜΗ ΛΤΔ,Ε004987/2025,25/09/2025,24/09/2037,44,-,-,Συμβατικά Καύσιμα,ΜΕΚ,Πετρέλαιο,Κατασκευής - Λειτουργίας,Εφεδρεία,Λευκωσία,Πέρα Χωριό
YIALLOUROU EUROFOODS LTD,Ε004986/2025,25/09/2025,24/09/2037,440,-,-,Συμβατικά Καύσιμα,ΜΕΚ,Πετρέλαιο,Κατασκευής - Λειτουργίας,Εφεδρεία,Λάρνακα,Αραδίππου
WARGAMING GROUP LTD,Ε004985/2025,25/09/2025,24/09/2037,88,-,-,Συμβατικά Καύσιμα,ΜΕΚ,Πετρέλαιο,Κατασκευής - Λειτουργίας,Εφεδρεία,Λευκωσία,-
WARGAMING GROUP LTD,Ε004984/2025,25/09/2025,24/09/2037,50,-,-,Συμβατικά Καύσιμα,ΜΕΚ,Πετρέλαιο,Κατασκευής - Λειτουργίας,Εφεδρεία,Λευκωσία,-
ERGOMAKERS LTD,Ε004983/2025,25/09/2025,24/09/2037,885,-,-,Συμβατικά Καύσιμα,ΜΕΚ,Πετρέλαιο,Κατασκευής - Λειτουργίας,Εφεδρεία,Λεμεσός,-
ΦΑΡΜΑ Χ. ΧΡΙΣΤΟΔΟΥΛΟΥ ΛΤΔ,Ε004982/2025,25/09/2025,24/09/2037,132,-,-,Συμβατικά Καύσιμα,ΜΕΚ,Πετρέλαιο,Κατασκευής - Λειτουργίας,Εφεδρεία,Λεμεσός,Μοναγρούλι 
ΣΤΕΓΗ ΕΥΓΗΡΙΑΣ ΑΓΙΟΣ ΑΝΤΩΝΙΟΣ,Ε004981/2025,25/09/2025,24/09/2037,80,-,-,Συμβατικά Καύσιμα,ΜΕΚ,Πετρέλαιο,Κατασκευής - Λειτουργίας,Εφεδρεία,Λευκωσία,Λακατάμεια
ΤΜΗΜΑ ΔΗΜΟΣΙΩΝ ΕΡΓΩΝ,Ε004980/2025,25/09/2025,24/09/2037,352,-,-,Συμβατικά Καύσιμα,ΜΕΚ,Πετρέλαιο,Κατασκευής - Λειτουργίας,Εφεδρεία,Λευκωσία,Αγλαντζιά
ΚΟΚΙΤΑ (ΕΡΓΟΣΤΑΣΙΟ ΖΩΟΤΡΟΦΩΝ) ΛΤΔ,Ε004979/2025,25/09/2025,24/09/2037,120,-,-,Συμβατικά Καύσιμα,ΜΕΚ,Πετρέλαιο,Κατασκευής - Λειτουργίας,Εφεδρεία,Λάρνακα,Αραδίππου
GRAVIERON COMPANY LTD,Ε004978/2025,25/09/2025,24/09/2037,515,-,-,Συμβατικά Καύσιμα,ΜΕΚ,Πετρέλαιο,Κατασκευής - Λειτουργίας,Εφεδρεία,Αμμόχωστος,Αγία Νάπα
E.M.A. FOODS TRADING LTD,Ε004977/2025,25/09/2025,24/09/2037,96,-,-,Συμβατικά Καύσιμα,ΜΕΚ,Πετρέλαιο,Κατασκευής - Λειτουργίας,Εφεδρεία,Λάρνακα,Αραδίππου
EASY POWER (CYPRUS) LTD,Ε004976/2025,17/09/2025,16/09/2030,0,4696,11328,ΑΠΕ,Φωτοβολταϊκό Σύστημα,,Κατασκευής Σταθμού Παραγωγής Ηλεκτρισμού,Εμπορική Χρήση,Λευκωσία,Άγιος Σοζώμενος
EASY POWER (CYPRUS) LTD,Ε004975/2025,17/09/2025,16/09/2030,0,5580,11328,ΑΠΕ,Φωτοβολταϊκό Σύστημα,,Κατασκευής Σταθμού Παραγωγής Ηλεκτρισμού,Εμπορική Χρήση,Λευκωσία,Άγιο Σοζώμενος
CKG SUN ENERGY LTD,Ε004974/2025,17/09/2025,16/09/2030,0,1000,2060,ΑΠΕ,Φωτοβολταϊκό Σύστημα,,Κατασκευής Σταθμού Παραγωγής Ηλεκτρισμού,Εμπορική Χρήση,Λάρνακα,Σκαρίνου
BIOLAND PROJECT 57 LTD,Ε004973/2025,17/09/2025,16/09/2030,1500,1500,6000,ΑΠΕ,Φωτοβολταϊκό Σύστημα,,Κατασκευής Σταθμού Παραγωγής Ηλεκτρισμού,Εμπορική Χρήση,Λάρνακα,Αθηένου
Y.A. WINDENERGY LTD,Ε004972/2025,17/09/2025,16/09/2030,0,600,2400,ΑΠΕ,Φωτοβολταϊκό Σύστημα,,Κατασκευής Σταθμού Παραγωγής Ηλεκτρισμού,Εμπορική Χρήση,Λευκωσία,Δάλι
BIOLAND PROJECT 64 LTD,Ε004971/2025,17/09/2025,16/09/2030,0,450,1800,ΑΠΕ,Φωτοβολταϊκό Σύστημα,,Κατασκευής Σταθμού Παραγωγής Ηλεκτρισμού,Εμπορική Χρήση,Λάρνακα,Απλάντα
BIOLAND PROJECT 64 LTD,Ε004970/2025,17/09/2025,16/09/2030,0,1200,4800,ΑΠΕ,Φωτοβολταϊκό Σύστημα,,Κατασκευής Σταθμού Παραγωγής Ηλεκτρισμού,Εμπορική Χρήση,Λάρνακα,Αναφωτία
BIOLAND PROJECT 36 LTD,Ε004969/2025,17/09/2025,16/09/2030,0,2000,8000,ΑΠΕ,Φωτοβολταϊκό Σύστημα,,Κατασκευής Σταθμού Παραγωγής Ηλεκτρισμού,Εμπορική Χρήση,Λάρνακα,Κοφίνου
BIOLAND PROJECT 17 LTD,Ε004968/2025,17/09/2025,16/09/2030,0,400,1600,ΑΠΕ,Φωτοβολταϊκό Σύστημα,,Κατασκευής Σταθμού Παραγωγής Ηλεκτρισμού,Εμπορική Χρήση,Λευκωσία,Πάνω Κουτραφά
BIOLAND PROJECT 17 LTD,Ε004967/2025,17/09/2025,16/09/2030,0,990,3996,ΑΠΕ,Φωτοβολταϊκό Σύστημα,,Κατασκευής Σταθμού Παραγωγής Ηλεκτρισμού,Εμπορική Χρήση,Λευκωσία,Κάτω Κουτραφά
BIOLAND PROJECT 17 LTD,Ε004966/2025,17/09/2025,16/09/2030,0,1000,4000,ΑΠΕ,Φωτοβολταϊκό Σύστημα,,Κατασκευής Σταθμού Παραγωγής Ηλεκτρισμού,Εμπορική Χρήση,Λευκωσία,Πάνω Κουτραφάς
BIOLAND PROJECT 16 LTD,Ε004965/2025,17/09/2025,16/09/2030,0,700,2800,ΑΠΕ,Φωτοβολταϊκό Σύστημα,,Κατασκευής Σταθμού Παραγωγής Ηλεκτρισμού,Εμπορική Χρήση,Λάρνακα,Μαρώνι
BIOLAND PROJECT 21 LTD,Ε004964/2025,17/09/2025,16/09/2030,0,700,2800,ΑΠΕ,Φωτοβολταϊκό Σύστημα,,Κατασκευής Σταθμού Παραγωγής Ηλεκτρισμού,Εμπορική Χρήση,Λάρνακα,Κοφίνου
BIOLAND PROJECT 38 LTD,Ε004963/2025,17/09/2025,16/09/2030,0,700,2800,ΑΠΕ,Φωτοβολταϊκό Σύστημα,,Κατασκευής Σταθμού Παραγωγής Ηλεκτρισμού,Εμπορική Χρήση,Λάρνακα,Άχνα
DLM FAMILIAR SOLAR LTD,Ε004962/2025,17/09/2025,16/09/2030,0,150,600,ΑΠΕ,Φωτοβολταϊκό Σύστημα,,Κατασκευής Σταθμού Παραγωγής Ηλεκτρισμού,Εμπορική Χρήση,Λευκωσία,Μαλούντα
BP-S 106 LTD,Ε004961/2025,17/09/2025,16/09/2030,0,700,2800,ΑΠΕ,Φωτοβολταϊκό Σύστημα,,Κατασκευής Σταθμού Παραγωγής Ηλεκτρισμού,Εμπορική Χρήση,Λάρνακα,Αλεθρικό
 AK SOLAR LTD,Ε004960/2025,17/09/2025,16/09/2030,0,150,600,ΑΠΕ,Φωτοβολταϊκό Σύστημα,,Κατασκευής Σταθμού Παραγωγής Ηλεκτρισμού,Εμπορική Χρήση,Λευκωσία,Αγία Μαρίνα Ξυλιάτου
BIOLAND PROJECT 60 LTD,Ε004959/2025,17/09/2025,16/09/2030,0,999,3996,ΑΠΕ,Φωτοβολταϊκό Σύστημα,,Κατασκευής Σταθμού Παραγωγής Ηλεκτρισμού,Εμπορική Χρήση,Λάρνακα,Αραδίππου
DLKC SOLAR LTD,Ε004958/2025,17/09/2025,16/09/2030,0,150,600,ΑΠΕ,Φωτοβολταϊκό Σύστημα,,Κατασκευής Σταθμού Παραγωγής Ηλεκτρισμού,Εμπορική Χρήση,Λευκωσία,Αγία Μαρίνα Ξυλιάτου
LPV STARLIGHT SYSTEMS LTD,Ε004957/2025,17/09/2025,16/09/2030,0,1500,6000,ΑΠΕ,Φωτοβολταϊκό Σύστημα,,Κατασκευής Σταθμού Παραγωγής Ηλεκτρισμού,Εμπορική Χρήση,Αμμόχωστος,Λιοπέτρι
BIOLAND PROJECT 2 LTD,Ε004956/2025,17/09/2025,16/09/2030,0,2237,8920,ΑΠΕ,Φωτοβολταϊκό Σύστημα,,Κατασκευής Σταθμού Παραγωγής Ηλεκτρισμού,Εμπορική Χρήση,Λάρνακα,Κοφίνου
BIOLAND PROJECT 35 LTD,Ε004955/2025,17/09/2025,16/09/2030,0,1700,6800,ΑΠΕ,Φωτοβολταϊκό Σύστημα,,Κατασκευής Σταθμού Παραγωγής Ηλεκτρισμού,Εμπορική Χρήση,Πάφος,Πόλη Χρυσοχούς
BIOLAND PROJECT 32 LTD,Ε004954/2025,17/09/2025,16/09/2030,0,300,1200,ΑΠΕ,Φωτοβολταϊκό Σύστημα,,Κατασκευής Σταθμού Παραγωγής Ηλεκτρισμού,Εμπορική Χρήση,Λάρνακα,Μενόγεια
BIOLAND PROJECT 22 LTD,Ε004953/2025,17/09/2025,16/09/2030,0,800,3200,ΑΠΕ,Φωτοβολταϊκό Σύστημα,,Κατασκευής Σταθμού Παραγωγής Ηλεκτρισμού,Εμπορική Χρήση,Λάρνακα,Αραδίππου
BIOLAND PROJECT 45 LTD,Ε004952/2025,17/09/2025,16/09/2030,0,900,3600,ΑΠΕ,Φωτοβολταϊκό Σύστημα,,Κατασκευής Σταθμού Παραγωγής Ηλεκτρισμού,Εμπορική Χρήση,Λάρνακα,Αραδίππου
BIOLAND PROJECT 44 LTD,Ε004951/2025,17/09/2025,16/09/2030,0,3500,14000,ΑΠΕ,Φωτοβολταϊκό Σύστημα,,Κατασκευής Σταθμού Παραγωγής Ηλεκτρισμού,Εμπορική Χρήση,Λευκωσία, Πάνω Δευτερά
BIOLAND PROJECT 62 LTD,Ε004950/2025,17/09/2025,16/09/2030,0,1500,6000,ΑΠΕ,Φωτοβολταϊκό Σύστημα,,Κατασκευής Σταθμού Παραγωγής Ηλεκτρισμού,Εμπορική Χρήση,Λάρνακα,Αναφωτία
BIOLAND PROJECT 31 LTD,Ε004949/2025,17/09/2025,16/09/2030,0,700,2800,ΑΠΕ,Φωτοβολταϊκό Σύστημα,,Κατασκευής Σταθμού Παραγωγής Ηλεκτρισμού,Εμπορική Χρήση,Λάρνακα,Μενόγεια
BIOLAND PROJECT 61 LTD,Ε004948/2025,17/09/2025,16/09/2030,0,999,3996,ΑΠΕ,Φωτοβολταϊκό Σύστημα,,Κατασκευής Σταθμού Παραγωγής Ηλεκτρισμού,Εμπορική Χρήση,Λάρνακα,Αναφωτίδα
BIOLAND PROJECT 55 LTD,Ε004947/2025,17/09/2025,16/09/2030,0,999,3996,ΑΠΕ,Φωτοβολταϊκό Σύστημα,,Κατασκευής Σταθμού Παραγωγής Ηλεκτρισμού,Εμπορική Χρήση,Λάρνακα,Αραδίππου
BIOLAND PROJECT 55 LTD,Ε004946/2025,17/09/2025,16/09/2030,0,999,3996,ΑΠΕ,Φωτοβολταϊκό Σύστημα,,Κατασκευής Σταθμού Παραγωγής Ηλεκτρισμού,Εμπορική Χρήση,Λάρνακα,Αραδίππου
BIOLAND PROJECT 30 LTD,Ε004945/2025,17/09/2025,16/09/2030,0,1500,6000,ΑΠΕ,Φωτοβολταϊκό Σύστημα,,Κατασκευής Σταθμού Παραγωγής Ηλεκτρισμού,Εμπορική Χρήση,Λευκωσία,Μαργί
BIOLAND PROJECT 53 LTD,Ε004944/2025,17/09/2025,16/09/2030,0,1200,4800,ΑΠΕ,Φωτοβολταϊκό Σύστημα,,Κατασκευής Σταθμού Παραγωγής Ηλεκτρισμού,Εμπορική Χρήση,Λευκωσία,Τσέρι 
BIOLAND PROJECT 53 LTD,Ε004943/2025,17/09/2025,16/09/2030,0,300,1200,ΑΠΕ,Φωτοβολταϊκό Σύστημα,,Κατασκευής Σταθμού Παραγωγής Ηλεκτρισμού,Εμπορική Χρήση,Λευκωσία,Τσέρι 
BIOLAND PROJECT 29 LTD,Ε004942/2025,17/09/2025,16/09/2030,0,900,3600,ΑΠΕ,Φωτοβολταϊκό Σύστημα,,Κατασκευής Σταθμού Παραγωγής Ηλεκτρισμού,Εμπορική Χρήση,Λευκωσία,Αγιοί Τριμιθιάς
BIOLAND PROJECT 47 LTD,Ε004941/2025,17/09/2025,16/09/2030,0,1200,4800,ΑΠΕ,Φωτοβολταϊκό Σύστημα,,Κατασκευής Σταθμού Παραγωγής Ηλεκτρισμού,Εμπορική Χρήση,Λάρνακα,Μαζωτός
BIOLAND PROJECT 27 LTD,Ε004940/2025,17/09/2025,16/09/2030,0,500,2000,ΑΠΕ,Φωτοβολταϊκό Σύστημα,,Κατασκευής Σταθμού Παραγωγής Ηλεκτρισμού,Εμπορική Χρήση,Λάρνακα,Αθηένου
BIOLAND PROJECT 27 LTD,Ε004939/2025,17/09/2025,16/09/2030,0,2500,10000,ΑΠΕ,Φωτοβολταϊκό Σύστημα,,Κατασκευής Σταθμού Παραγωγής Ηλεκτρισμού,Εμπορική Χρήση,Λάρνακα,Αθηένου
BIOLAND PROJECT 24 LTD,Ε004938/2025,17/09/2025,16/09/2030,0,1200,4800,ΑΠΕ,Φωτοβολταϊκό Σύστημα,,Κατασκευής Σταθμού Παραγωγής Ηλεκτρισμού,Εμπορική Χρήση,Λάρνακα,Μαρώνι
BIOLAND PROJECT 19 LTD,Ε004937/2025,17/09/2025,16/09/2030,0,2000,8000,ΑΠΕ,Φωτοβολταϊκό Σύστημα,,Κατασκευής Σταθμού Παραγωγής Ηλεκτρισμού,Εμπορική Χρήση,Λευκωσία,Αγιοί Τριμιθιάς
BIOLAND PROJECT 19 LTD,Ε004936/2025,17/09/2025,16/09/2030,0,2000,8000,ΑΠΕ,Φωτοβολταϊκό Σύστημα,,Κατασκευής Σταθμού Παραγωγής Ηλεκτρισμού,Εμπορική Χρήση,Αμμόχωστος,Αυγόρου
BIOLAND PROJECT 18 LTD,Ε004935/2025,17/09/2025,16/09/2030,0,1200,4800,ΑΠΕ,Φωτοβολταϊκό Σύστημα,,Κατασκευής Σταθμού Παραγωγής Ηλεκτρισμού,Εμπορική Χρήση,Λάρνακα,Αβδελερό
BIOLAND PROJECT 16 LTD,Ε004934/2025,17/09/2025,16/09/2030,0,1300,5200,ΑΠΕ,Φωτοβολταϊκό Σύστημα,,Κατασκευής Σταθμού Παραγωγής Ηλεκτρισμού,Εμπορική Χρήση,Λάρνακα,Μαρώνι
M.X. GREENENERGY LTD,Ε004933/2025,03/09/2025,02/09/2030,0,2800,12000,ΑΠΕ,Φωτοβολταϊκό Σύστημα,,Κατασκευής Σταθμού Παραγωγής Ηλεκτρισμού,Εμπορική Χρήση,Αμμόχωστος,Φρέναρος
A.V. EARTH REGENERATION LTD,Ε004932/2025,03/09/2025,02/09/2030,0,1799,10000,ΑΠΕ,Φωτοβολταϊκό Σύστημα,,Κατασκευής Σταθμού Παραγωγής Ηλεκτρισμού,Εμπορική Χρήση,Λάρνακα,Αραδίππου
M.X. GREENENERGY LTD,Ε004931/2025,03/09/2025,02/09/2030,0,2600,10000,ΑΠΕ,Φωτοβολταϊκό Σύστημα,,Κατασκευής Σταθμού Παραγωγής Ηλεκτρισμού,Εμπορική Χρήση,Λευκωσία,Τσέρι 
CAVEXOUN LTD,Ε004930/2025,03/09/2025,02/09/2030,0,1000,2060,ΑΠΕ,Φωτοβολταϊκό Σύστημα,,Κατασκευής Σταθμού Παραγωγής Ηλεκτρισμού,Εμπορική Χρήση,Λευκωσία,Αστρομερίτη
THREE HATS LTD,Ε004929/2025,03/09/2025,02/09/2030,0,3000,6100,ΑΠΕ,Φωτοβολταϊκό Σύστημα,,Κατασκευής Σταθμού Παραγωγής Ηλεκτρισμού,Εμπορική Χρήση,Λευκωσία,Δένεια
THREE HATS LTD,Ε004928/2025,03/09/2025,02/09/2030,0,1000,2060,ΑΠΕ,Φωτοβολταϊκό Σύστημα,,Κατασκευής Σταθμού Παραγωγής Ηλεκτρισμού,Εμπορική Χρήση,Λευκωσία,Άγιος Ιωάννης Μαλούντας
GALASCOPE LTD,Ε004927/2025,03/09/2025,02/09/2030,0,5000,20000,ΑΠΕ,Φωτοβολταϊκό Σύστημα,,Κατασκευής Σταθμού Παραγωγής Ηλεκτρισμού,Εμπορική Χρήση,Αμμόχωστος,Αυγόρου
GALASCOPE LTD,Ε004926/2025,03/09/2025,02/09/2030,0,2500,10000,ΑΠΕ,Φωτοβολταϊκό Σύστημα,,Κατασκευής Σταθμού Παραγωγής Ηλεκτρισμού,Εμπορική Χρήση,Αμμόχωστος,Αυγόρου
CYFIELD ENGINEERING AND CONTRACTING PUBLIC LTD,Ε004925/2025,26/08/2025,25/08/2055,120,-,-,ΑΠΕ,Φωτοβολταϊκό Σύστημα,,Λειτουργίας Σταθμού Παραγωγής Ηλεκτρισμού,Αυτοπαραγωγή/Net-Billing,Αμμόχωστος,Άχνα 
L&AMP;A SUNCARE ENERGY SOLUTIONS LTD,Ε004924/2025,26/08/2025,25/08/2055,200,-,-,ΑΠΕ,Φωτοβολταϊκό Σύστημα,,Λειτουργίας Σταθμού Παραγωγής Ηλεκτρισμού,Εμπορική Χρήση,Λάρνακα,Καλό Χωριό Λάρνακας 
ΚΕΝΤΡΟΝ ΤΑ ΦΑΝΑΡΙΑ ΤΗΣ ΜΑΡΟΥΛΛΟΥΣ ΛΤΔ,Ε004923/2025,26/08/2025,25/08/2037,99,-,-,Συμβατικά Καύσιμα,ΜΕΚ,Πετρέλαιο,Κατασκευής - Λειτουργίας,Εφεδρεία,Λευκωσία,Παλαιχωρί Ορεινής
M. PAPANDREOU FARM LTD,Ε004922/2025,26/08/2025,25/08/2037,88,-,-,Συμβατικά Καύσιμα,ΜΕΚ,Πετρέλαιο,Κατασκευής - Λειτουργίας,Εφεδρεία,Λευκωσία,Μένοικο
WARGAMING GROUP LTD,Ε004921/2025,26/08/2025,25/08/2037,176,-,-,Συμβατικά Καύσιμα,ΜΕΚ,Πετρέλαιο,Κατασκευής - Λειτουργίας,Εφεδρεία,Λευκωσία,-
ΕΠΑΡΧΙΑΚΟΣ ΟΡΓΑΝΙΣΜΟΣ ΑΥΤΟΔΙΟΙΚΗΣΗΣ ΛΑΡΝΑΚΑΣ,Ε004920/2025,29/07/2025,28/07/2027,700,-,-,ΑΠΕ,Φωτοβολταϊκό Σύστημα,,Κατασκευής Σταθμού Παραγωγής Ηλεκτρισμού,Αυτοπαραγωγή/Net-Billing,Λάρνακα,-
LEONETTI SERVICES LTD,Ε004919/2025,29/07/2025,28/07/2027,808,-,-,ΑΠΕ,Φωτοβολταϊκό Σύστημα,,Κατασκευής Σταθμού Παραγωγής Ηλεκτρισμού,Αυτοπαραγωγή/Net-Billing,Λεμεσός,Μουτταγιάκα
ΦΥΣΙΚΟ ΠΡΟΣΩΠΟ,Ε004918/2025,29/07/2025,28/07/2027,80,-,-,ΑΠΕ,Φωτοβολταϊκό Σύστημα,,Κατασκευής Σταθμού Παραγωγής Ηλεκτρισμού,Αυτοπαραγωγή/Net-Billing,Λευκωσία,Αγιοί Τριμιθιάς
YIOTLAND LTD,Ε004917/2025,29/07/2025,28/07/2027,71.78,-,-,ΑΠΕ,Φωτοβολταϊκό Σύστημα,,Κατασκευής Σταθμού Παραγωγής Ηλεκτρισμού,Αυτοπαραγωγή/Net-Billing,Πάφος,Αγία Μαρίνα Χρυσοχούς
ZELDE HOLDINGS LTD,Ε004916/2025,24/07/2025,23/07/2030,6846,-,-,ΑΠΕ,Φωτοβολταϊκό Σύστημα,,Κατασκευής Σταθμού Παραγωγής Ηλεκτρισμού,Εμπορική Χρήση,Λάρνακα,Αναφωτία
ONERED LTD,Ε004915/2025,24/07/2025,23/07/2030,1890,-,-,ΑΠΕ,Φωτοβολταϊκό Σύστημα,,Κατασκευής Σταθμού Παραγωγής Ηλεκτρισμού,Εμπορική Χρήση,Λάρνακα,Κιβισίλι
ONERED LTD,Ε004914/2025,24/07/2025,23/07/2030,1274,-,-,ΑΠΕ,Φωτοβολταϊκό Σύστημα,,Κατασκευής Σταθμού Παραγωγής Ηλεκτρισμού,Εμπορική Χρήση,Λάρνακα,Σοφτιάδες
ΦΥΣΙΚΟ ΠΡΟΣΩΠΟ,Ε004913/2025,24/07/2025,23/07/2030,950,950,1900,ΑΠΕ,Φωτοβολταϊκό Σύστημα,,Κατασκευής Σταθμού Παραγωγής Ηλεκτρισμού,Εμπορική Χρήση,Λευκωσία,Περιστερώνα
S.S.H. SOLAR ENERGY PLUS LTD,Ε004912/2025,24/07/2025,23/07/2030,695,500,3500,ΑΠΕ,Φωτοβολταϊκό Σύστημα,,Κατασκευής Σταθμού Παραγωγής Ηλεκτρισμού,Εμπορική Χρήση,Λευκωσία,Γέρι
ΦΥΣΙΚΟ ΠΡΟΣΩΠΟ,Ε004911/2025,24/07/2025,23/07/2030,706,700,2500,ΑΠΕ,Φωτοβολταϊκό Σύστημα,,Κατασκευής Σταθμού Παραγωγής Ηλεκτρισμού,Εμπορική Χρήση,Λευκωσία,Ποταμιά
BP-S 153 LTD,Ε004910/2025,24/07/2025,23/07/2030,1500,1500,6000,ΑΠΕ,Φωτοβολταϊκό Σύστημα,,Κατασκευής Σταθμού Παραγωγής Ηλεκτρισμού,Εμπορική Χρήση,Λάρνακα,Δρομολαξιά
BP-S 153 LTD,Ε004909/2025,24/07/2025,23/07/2030,1500,1500,6000,ΑΠΕ,Φωτοβολταϊκό Σύστημα,,Κατασκευής Σταθμού Παραγωγής Ηλεκτρισμού,Εμπορική Χρήση,Λάρνακα,Δρομολαξιά
BP-S 153 LTD,Ε004908/2025,24/07/2025,23/07/2030,1500,1500,6000,ΑΠΕ,Φωτοβολταϊκό Σύστημα,,Κατασκευής Σταθμού Παραγωγής Ηλεκτρισμού,Εμπορική Χρήση,Λάρνακα,Δρομολαξιά
BP-S 112 LTD,Ε004907/2025,24/07/2025,23/07/2030,500,500,2000,ΑΠΕ,Φωτοβολταϊκό Σύστημα,,Κατασκευής Σταθμού Παραγωγής Ηλεκτρισμού,Εμπορική Χρήση,Λευκωσία,Λύμπια
BP-S 112 LTD,Ε004906/2025,24/07/2025,23/07/2030,500,500,2000,ΑΠΕ,Φωτοβολταϊκό Σύστημα,,Κατασκευής Σταθμού Παραγωγής Ηλεκτρισμού,Εμπορική Χρήση,Λευκωσία,Λύμπια
RENAV CO LTD,Ε004905/2025,24/07/2025,23/07/2037,100,-,-,Συμβατικά Καύσιμα,ΜΕΚ,Πετρέλαιο,Κατασκευής - Λειτουργίας,Εφεδρεία,Λευκωσία,Αναλιόντας
V.E.G.M. DEVELOPERS LTD,Ε004904/2025,24/07/2025,23/07/2037,640,-,-,Συμβατικά Καύσιμα,ΜΕΚ,Πετρέλαιο,Κατασκευής - Λειτουργίας,Εφεδρεία,Λεμεσός,"Αμαθούντα, Γερμασόγεια"
AGORA LEFKARA LTD,Ε004903/2025,24/07/2025,23/07/2037,128,-,-,Συμβατικά Καύσιμα,ΜΕΚ,Πετρέλαιο,Κατασκευής - Λειτουργίας,Εφεδρεία,Λάρνακα,Πάνω Λεύκαρα
MASTER METALSMITHS LTD,Ε004902/2025,24/07/2025,23/07/2037,80,-,-,Συμβατικά Καύσιμα,ΜΕΚ,Πετρέλαιο,Κατασκευής - Λειτουργίας,Εφεδρεία,Λάρνακα,Αθηένου
ΑΡΧΗ ΗΛΕΚΤΡΙΣΜΟΥ ΚΥΠΡΟΥ,Ε004901/2025,24/07/2025,23/07/2037,200,-,-,Συμβατικά Καύσιμα,ΜΕΚ,Πετρέλαιο,Λειτουργίας Σταθμού Παραγωγής Ηλεκτρισμού,Εφεδρεία,Λεμεσός,Κάτω Πολεμίδια
RGK LARNASKY LTD,Ε004900/2025,24/07/2025,23/07/2037,137,-,-,Συμβατικά Καύσιμα,ΜΕΚ,Πετρέλαιο,Κατασκευής - Λειτουργίας,Εφεδρεία,Λάρνακα,-
ΓΙΑΝΝΑΚΗΣ &AMP; ΖΩΗΡΩ ΣΤΕΦΑΝΗ ΛΤΔ,Ε004899/2025,24/07/2025,23/07/2037,40,-,-,Συμβατικά Καύσιμα,ΜΕΚ,Πετρέλαιο,Κατασκευής - Λειτουργίας,Εφεδρεία,Λεμεσός,Πάχνα
 WTE WASSERTECHNIK GMBH,Ε004898/2025,29/07/2025,28/07/2055,147.84,-,-,ΑΠΕ,Φωτοβολταϊκό Σύστημα,,Λειτουργίας Σταθμού Παραγωγής Ηλεκτρισμού,Αυτοπαραγωγή/Net-Billing,Λευκωσία,Πάνω Δευτερά 
AGM SUNFIELD LTD,Ε004897/2025,24/07/2025,23/07/2055,1000,-,-,ΑΠΕ,Φωτοβολταϊκό Σύστημα,,Λειτουργίας Σταθμού Παραγωγής Ηλεκτρισμού,Εμπορική Χρήση,Λευκωσία,Δάλι
RENEWABLE SOLARVIKING LTD,Ε004896/2025,16/07/2025,15/07/2055,150,-,-,ΑΠΕ,Φωτοβολταϊκό Σύστημα,,Λειτουργίας Σταθμού Παραγωγής Ηλεκτρισμού,Εμπορική Χρήση,Πάφος,Σίμου 
PIG GEN A. N. LTD,Ε004895/2025,16/07/2025,15/07/2027,88,-,-,ΑΠΕ,Φωτοβολταϊκό Σύστημα,,Κατασκευής Σταθμού Παραγωγής Ηλεκτρισμού,Αυτοπαραγωγή/Net-Billing,Λευκωσία,Κάτω Μονή
HERMES AIRPORTS LTD,Ε004894/2025,16/07/2025,15/07/2027,1100,-,-,ΑΠΕ,Φωτοβολταϊκό Σύστημα,,Κατασκευής Σταθμού Παραγωγής Ηλεκτρισμού,Αυτοπαραγωγή/Net-Billing,Πάφος,"Ιεροκήπια, Τίμη"
HERMES AIRPORTS LTD,Ε004893/2025,16/07/2025,15/07/2027,1500,-,-,ΑΠΕ,Φωτοβολταϊκό Σύστημα,,Κατασκευής Σταθμού Παραγωγής Ηλεκτρισμού,Αυτοπαραγωγή/Net-Billing,Λάρνακα,Δρομολαξιά - Μενεού
ΔΗ. ΜΗ. ΓΕΝΙΚΕΣ ΕΠΙΧΕΙΡΗΣΕΙΣ ΛΤΔ,Ε004892/2025,04/07/2025,03/07/2037,100,-,-,Συμβατικά Καύσιμα,ΜΕΚ,Πετρέλαιο,Κατασκευής - Λειτουργίας,Εφεδρεία,Λάρνακα,Αγγλισίδες
ΑΡΤΟΠΟΙΕΙΑ ΣΩΤΗΡΗΣ ΛΑΔΑΣ ΛΤΔ,Ε004891/2025,04/07/2025,03/07/2037,88,-,-,Συμβατικά Καύσιμα,ΜΕΚ,Πετρέλαιο,Κατασκευής - Λειτουργίας,Εφεδρεία,Λευκωσία,Αγία Βαρβάρα
KPMG MLS SERVICES LTD,Ε004890/2025,04/07/2025,03/07/2037,440,-,-,Συμβατικά Καύσιμα,ΜΕΚ,Πετρέλαιο,Κατασκευής - Λειτουργίας,Εφεδρεία,Λεμεσός,-
NAM HOSPITALITY &AMP; TOURIST LTD,Ε004889/2025,04/07/2025,03/07/2037,100,-,-,Συμβατικά Καύσιμα,ΜΕΚ,Πετρέλαιο,Κατασκευής - Λειτουργίας,Εφεδρεία,Λεμεσός,Άγιος Τύχωνας
EUROPEAN UNIVERSITY - CYPRUS LTD,Ε004888/2025,04/07/2025,03/07/2037,360,-,-,Συμβατικά Καύσιμα,ΜΕΚ,Πετρέλαιο,Κατασκευής - Λειτουργίας,Εφεδρεία,Λευκωσία,Έγκωμη
D&AMP;A CHARALAMBOUS FOODSTUFF SUPPLIERS LTD,Ε004887/2025,04/07/2025,03/07/2037,200,-,-,Συμβατικά Καύσιμα,ΜΕΚ,Πετρέλαιο,Κατασκευής - Λειτουργίας,Εφεδρεία,Πάφος,Κονιά
ΠΑΝΟΣ ΧΑΤΖΗΚΩΣΤΑΣ Ι.Ε.Π.Ε,Ε004886/2025,04/07/2025,03/07/2037,70.4,-,-,Συμβατικά Καύσιμα,ΜΕΚ,Πετρέλαιο,Κατασκευής - Λειτουργίας,Εφεδρεία,Λευκωσία,Τρυπιώτη
ΥΠΟΥΡΓΕΙΟ ΥΓΕΙΑΣ (ΠΑΓΚΥΠΡΙΟ ΚΕΝΤΡΟ ΑΙΜΑΤΟΣ),Ε004885/2025,04/07/2025,03/07/2037,357,-,-,Συμβατικά Καύσιμα,ΜΕΚ,Πετρέλαιο,Κατασκευής - Λειτουργίας,Εφεδρεία,Λευκωσία,Γέρι
CPT CYPRUS PUBLIC TRANSPORT SERVICES AND OPERATIONS LTD,Ε004884/2025,04/07/2025,03/07/2037,320,-,-,Συμβατικά Καύσιμα,ΜΕΚ,Πετρέλαιο,Κατασκευής - Λειτουργίας,Εφεδρεία,Λευκωσία,Γέρι
ΒΙΟΜΗΧΑΝΙΑ ΓΑΛΑΚΤΟΣ ΖΗΤΑ ΛΤΔ,Ε004883/2025,04/07/2025,03/07/2037,380,-,-,Συμβατικά Καύσιμα,ΜΕΚ,Πετρέλαιο,Κατασκευής - Λειτουργίας,Εφεδρεία,Πάφος,Μεσόγη
KPMG MLS SERVICES LTD,Ε004882/2025,04/07/2025,03/07/2037,560,-,-,Συμβατικά Καύσιμα,ΜΕΚ,Πετρέλαιο,Κατασκευής - Λειτουργίας,Εφεδρεία,Λευκωσία,-
ΦΥΣΙΚΟ ΠΡΟΣΩΠΟ,Ε004881/2025,04/07/2025,03/07/2037,880,-,-,Συμβατικά Καύσιμα,ΜΕΚ,Πετρέλαιο,Κατασκευής - Λειτουργίας,Εφεδρεία,Λευκωσία,Κακοπετριά
EUROPEAN UNIVERSITY - CYPRUS LTD,Ε004880/2025,04/07/2025,03/07/2037,88,-,-,Συμβατικά Καύσιμα,ΜΕΚ,Πετρέλαιο,Κατασκευής - Λειτουργίας,Εφεδρεία,Λευκωσία,Έγκωμη
ΟΡΓΑΝΙΣΜΟΣ ΚΡΑΤΙΚΩΝ ΥΠΗΡΕΣΙΩΝ ΥΓΕΙΑΣ - ΚΕΝΤΡΟ ΥΓΕΙΑΣ ΑΚΑΚΙΟΥ,Ε004879/2025,04/07/2025,03/07/2037,265,-,-,Συμβατικά Καύσιμα,ΜΕΚ,Πετρέλαιο,Κατασκευής - Λειτουργίας,Εφεδρεία,Λευκωσία,Ακάκι
SIDESUNNY.COM CYPRUS LTD,Ε004878/2025,02/07/2025,01/07/2030,1000,-,-,ΑΠΕ,Φωτοβολταϊκό Σύστημα,,Κατασκευής Σταθμού Παραγωγής Ηλεκτρισμού,Εμπορική Χρήση,Πάφος,Αρμού
DROMON ENERGY LTD,Ε004877/2025,02/07/2025,01/07/2030,2280,2280,2280,ΑΠΕ,Φωτοβολταϊκό Σύστημα,,Κατασκευής Σταθμού Παραγωγής Ηλεκτρισμού,Εμπορική Χρήση,Πάφος,Άγιος Δημητριανός 
ΦΥΣΙΚΟ ΠΡΟΣΩΠΟ,Ε004876/2025,02/07/2025,01/07/2030,1000,-,-,ΑΠΕ,Φωτοβολταϊκό Σύστημα,,Κατασκευής Σταθμού Παραγωγής Ηλεκτρισμού,Εμπορική Χρήση,Λεμεσός,Άρσος
IGVA SOLAR ENERGY LTD,Ε004875/2025,02/07/2025,01/07/2030,7995,7995,6000,ΑΠΕ,Φωτοβολταϊκό Σύστημα,,Κατασκευής Σταθμού Παραγωγής Ηλεκτρισμού,Εμπορική Χρήση,Λάρνακα,Ορμήδεια
IGVA SOLAR ENERGY LTD,Ε004874/2025,02/07/2025,01/07/2030,6050,6050,5000,ΑΠΕ,Φωτοβολταϊκό Σύστημα,,Κατασκευής Σταθμού Παραγωγής Ηλεκτρισμού,Εμπορική Χρήση,Λάρνακα,Ορμήδεια
ΦΥΣΙΚΟ ΠΡΟΣΩΠΟ,Ε004873/2025,02/07/2025,01/07/2030,55,55,120,ΑΠΕ,Ηλιοθερμικός Σταθμός,,Κατασκευής Σταθμού Παραγωγής Ηλεκτρισμού,Εμπορική Χρήση,Λάρνακα,Αραδίππου
ANIZO ENERGY PARK LTD,Ε004872/2025,02/07/2025,01/07/2055,119.04,-,-,ΑΠΕ,Φωτοβολταϊκό Σύστημα,,Λειτουργίας Σταθμού Παραγωγής Ηλεκτρισμού,Εμπορική Χρήση,Λάρνακα,Ξυλοφάγου 
ΠΤΗΝΟΣΦΑΓΕΙΟ Ο ΠΕΤΕΙΝΟΣ ΛΤΔ,Ε004871/2025,16/06/2025,15/06/2037,80,-,-,Συμβατικά Καύσιμα,ΜΕΚ,Πετρέλαιο,Κατασκευής - Λειτουργίας,Εφεδρεία,Λάρνακα,Αραδίππου
ΠΟΛΥΚΛΙΝΙΚΗ ΠΑΡΑΛΙΜΝΙΟΥ ΛΗΤΩ ΛΤΔ,Ε004870/2025,16/06/2025,15/06/2037,176,-,-,Συμβατικά Καύσιμα,ΜΕΚ,Πετρέλαιο,Κατασκευής - Λειτουργίας,Εφεδρεία,Αμμόχωστος,Παραλίμνι
ΕΣΤΙΑΤΟΡΙΟ Μ.Α ΕΥΚΑΛΥΠΤΟΙ ΤΟΥ ΔΑΛΙΟΥ ,Ε004869/2025,16/06/2025,15/06/2037,64,-,-,Συμβατικά Καύσιμα,ΜΕΚ,Πετρέλαιο,Κατασκευής - Λειτουργίας,Εφεδρεία,Λευκωσία,Ιδαλίου
APHRODITE HOTELS LTD,Ε004868/2025,16/06/2025,15/06/2037,580,-,-,Συμβατικά Καύσιμα,ΜΕΚ,Πετρέλαιο,Λειτουργίας Σταθμού Παραγωγής Ηλεκτρισμού,Εφεδρεία,Πάφος,Κούκλια
ΕΠΑΡΧΙΑΚΟΣ ΟΡΓΑΝΙΣΜΟΣ ΑΥΤΟΔΙΟΙΚΗΣΗΣ ΛΕΜΕΣΟΥ ,Ε004867/2025,16/06/2025,15/06/2037,80,-,-,Συμβατικά Καύσιμα,ΜΕΚ,Πετρέλαιο,Κατασκευής - Λειτουργίας,Εφεδρεία,Λεμεσός,Αμαθούντα
ΕΠΑΡΧΙΑΚΟΣ ΟΡΓΑΝΙΣΜΟΣ ΑΥΤΟΔΙΟΙΚΗΣΗΣ ΛΕΜΕΣΟΥ ,Ε004866/2025,16/06/2025,15/06/2037,32,-,-,Συμβατικά Καύσιμα,ΜΕΚ,Πετρέλαιο,Κατασκευής - Λειτουργίας,Εφεδρεία,Λεμεσός,Αγία Φύλα
ΕΠΑΡΧΙΑΚΟΣ ΟΡΓΑΝΙΣΜΟΣ ΑΥΤΟΔΙΟΙΚΗΣΗΣ ΛΕΜΕΣΟΥ ,Ε004865/2025,16/06/2025,15/06/2037,80,-,-,Συμβατικά Καύσιμα,ΜΕΚ,Πετρέλαιο,Κατασκευής - Λειτουργίας,Εφεδρεία,Λεμεσός,Αγία Φύλα
ΕΠΑΡΧΙΑΚΟΣ ΟΡΓΑΝΙΣΜΟΣ ΑΥΤΟΔΙΟΙΚΗΣΗΣ ΛΕΜΕΣΟΥ ,Ε004864/2025,16/06/2025,15/06/2037,80,-,-,Συμβατικά Καύσιμα,ΜΕΚ,Πετρέλαιο,Κατασκευής - Λειτουργίας,Εφεδρεία,Λεμεσός,Μέσα Γειτονιά
ΕΠΑΡΧΙΑΚΟΣ ΟΡΓΑΝΙΣΜΟΣ ΑΥΤΟΔΙΟΙΚΗΣΗΣ ΛΕΜΕΣΟΥ ,Ε004863/2025,16/06/2025,15/06/2037,32,-,-,Συμβατικά Καύσιμα,ΜΕΚ,Πετρέλαιο,Κατασκευής - Λειτουργίας,Εφεδρεία,Λεμεσός,Αποστόλου Πέτρου και Παύλου
ΕΠΑΡΧΙΑΚΟΣ ΟΡΓΑΝΙΣΜΟΣ ΑΥΤΟΔΙΟΙΚΗΣΗΣ ΛΕΜΕΣΟΥ ,Ε004862/2025,16/06/2025,15/06/2037,95,-,-,Συμβατικά Καύσιμα,ΜΕΚ,Πετρέλαιο,Κατασκευής - Λειτουργίας,Εφεδρεία,Λεμεσός,-
 NEW WAY ENGINEERING LTD,Ε004861/2025,24/06/2025,23/06/2055,119.84,-,-,ΑΠΕ,Φωτοβολταϊκό Σύστημα,,Λειτουργίας Σταθμού Παραγωγής Ηλεκτρισμού,Εμπορική Χρήση,Πάφος,Πάνω Αρόδες
ΦΥΣΙΚΟ ΠΡΟΣΩΠΟ,Ε004860/2025,24/06/2025,23/06/2055,119.84,-,-,ΑΠΕ,Φωτοβολταϊκό Σύστημα,,Λειτουργίας Σταθμού Παραγωγής Ηλεκτρισμού,Εμπορική Χρήση,Πάφος,Κισσόνεργα
 RES ZEUS ELECTRICITY COMPANY LTD,Ε004859/2025,16/06/2025,15/06/2030,0,3000,13420,ΑΠΕ,Φωτοβολταϊκό Σύστημα,,Κατασκευής Σταθμού Παραγωγής Ηλεκτρισμού,Εμπορική Χρήση,Λευκωσία,Κοκκινοτριμιθιά
SOLIGHT ELECTRICITY COMPANY LTD,Ε004858/2025,16/06/2025,15/06/2030,0,3000,13420,ΑΠΕ,Φωτοβολταϊκό Σύστημα,,Κατασκευής Σταθμού Παραγωγής Ηλεκτρισμού,Εμπορική Χρήση,Λευκωσία,Κοκκινοτριμιθιά 
YM ENERGIAN (CYPRUS) LTD,Ε004857/2025,16/06/2025,15/06/2030,1134,1000,2000,ΑΠΕ,Φωτοβολταϊκό Σύστημα,,Κατασκευής Σταθμού Παραγωγής Ηλεκτρισμού,Εμπορική Χρήση,Λάρνακα,Άγιο Θεόδωρο
YM ENERGIAN (CYPRUS) LTD,Ε004856/2025,16/06/2025,15/06/2030,1208,1000,2000,ΑΠΕ,Φωτοβολταϊκό Σύστημα,,Κατασκευής Σταθμού Παραγωγής Ηλεκτρισμού,Εμπορική Χρήση,Λάρνακα,Άγιο Θεόδωρο
YM ENERGIAN (CYPRUS) LTD,Ε004855/2025,16/06/2025,15/06/2030,6748,5000,10000,ΑΠΕ,Φωτοβολταϊκό Σύστημα,,Κατασκευής Σταθμού Παραγωγής Ηλεκτρισμού,Εμπορική Χρήση,Λάρνακα,Άγιο Θεόδωρο
YM ENERGIAN (CYPRUS) LTD,Ε004854/2025,16/06/2025,15/06/2030,5224,5000,10000,ΑΠΕ,Φωτοβολταϊκό Σύστημα,,Κατασκευής Σταθμού Παραγωγής Ηλεκτρισμού,Εμπορική Χρήση,Λάρνακα,Άγιο Θεόδωρο
YM ENERGIAN (CYPRUS) LTD,Ε004853/2025,16/06/2025,15/06/2030,1896,1750,3500,ΑΠΕ,Φωτοβολταϊκό Σύστημα,,Κατασκευής Σταθμού Παραγωγής Ηλεκτρισμού,Εμπορική Χρήση,Λάρνακα,Άγιο Θεόδωρο
VEMARIA ENTERPRISES LTD,Ε004852/2025,16/06/2025,15/06/2030,0,2500,7500,ΑΠΕ,Φωτοβολταϊκό Σύστημα,,Κατασκευής Σταθμού Παραγωγής Ηλεκτρισμού,Εμπορική Χρήση,Λευκωσία,Άγιος Ιωάννης Μαλούντας
 VEMARIA ENTERPRISES LTD,Ε004851/2025,16/06/2025,15/06/2030,0,5000,12500,ΑΠΕ,Φωτοβολταϊκό Σύστημα,,Κατασκευής Σταθμού Παραγωγής Ηλεκτρισμού,Εμπορική Χρήση,Λευκωσία,Άγιος Ιωάννης Μαλούντας
IGVA SOLAR ENERGY LTD,Ε004850/2025,16/06/2025,15/06/2030,1970,1970,2000,ΑΠΕ,Φωτοβολταϊκό Σύστημα,,Κατασκευής Σταθμού Παραγωγής Ηλεκτρισμού,Εμπορική Χρήση,Λάρνακα,Πετροφάνι
IGVA SOLAR ENERGY LTD,Ε004849/2025,16/06/2025,15/06/2030,3900,2500,10000,ΑΠΕ,Φωτοβολταϊκό Σύστημα,,Κατασκευής Σταθμού Παραγωγής Ηλεκτρισμού,Εμπορική Χρήση,Λάρνακα,Πετροφάνι
WATTZ PROJECT 5 LTD,Ε004848/2025,16/06/2025,15/06/2030,1730,1730,8000,ΑΠΕ,Φωτοβολταϊκό Σύστημα,,Κατασκευής Σταθμού Παραγωγής Ηλεκτρισμού,Εμπορική Χρήση,Λευκωσία,Αλάμπρα
E. S. EXCO CONSTRUCTION LTD,Ε004847/2025,16/06/2025,15/06/2030,882,-,-,ΑΠΕ,Φωτοβολταϊκό Σύστημα,,Κατασκευής Σταθμού Παραγωγής Ηλεκτρισμού,Εμπορική Χρήση,Λάρνακα,Άγιο Θεόδωρο
 ΗΛΙΟΜΟΡΦΟΝ 1 ΛΤΔ,Ε004846/2025,16/06/2025,15/06/2030,0,5000,10110,ΑΠΕ,Φωτοβολταϊκό Σύστημα,,Κατασκευής Σταθμού Παραγωγής Ηλεκτρισμού,Εμπορική Χρήση,Λευκωσία,Άγιος Επιφάνειος Σολέας
ARMOLIA INVESTMENTS LTD,Ε004845/2025,16/06/2025,15/06/2030,0,5000,10110,ΑΠΕ,Φωτοβολταϊκό Σύστημα,,Κατασκευής Σταθμού Παραγωγής Ηλεκτρισμού,Εμπορική Χρήση,Λευκωσία,Άγιος Επιφάνειος Σολέας
ΗΦΑΙΣΤΟΣ ΦΩΤΟΒΟΛΤΑΙΚΟ ΠΑΡΚΟ ΛΤΔ,Ε004844/2025,16/06/2025,15/06/2030,1442.7,1250,3000,ΑΠΕ,Φωτοβολταϊκό Σύστημα,,Κατασκευής Σταθμού Παραγωγής Ηλεκτρισμού,Εμπορική Χρήση,Λευκωσία,Νικητάρι
DONNA AND MAMMA HEALTH CARE (MIND) LTD,Ε004843/2025,11/06/2025,10/06/2037,598,-,-,Συμβατικά Καύσιμα,ΜΕΚ,,Κατασκευής - Λειτουργίας,Εφεδρεία,Λευκωσία,Στρόβολος
PRODOM ESTATES LTD,Ε004842/2025,11/06/2025,10/06/2037,272,-,-,Συμβατικά Καύσιμα,ΜΕΚ,Πετρέλαιο,Κατασκευής - Λειτουργίας,Εφεδρεία,Λευκωσία,Έγκωμη
THE CYPRUS FOUNDATION FOR MUSCULAR DYSTROPHY RESEARCH,Ε004841/2025,11/06/2025,10/06/2037,895,-,-,Συμβατικά Καύσιμα,ΜΕΚ,Πετρέλαιο,Κατασκευής - Λειτουργίας,Εφεδρεία,Λευκωσία,Άγιος Δομέτιος
ΠΤΗΝΕΚ ΛΤΔ,Ε004840/2025,11/06/2025,10/06/2037,300,-,-,Συμβατικά Καύσιμα,ΜΕΚ,Πετρέλαιο,Κατασκευής - Λειτουργίας,Εφεδρεία,Λευκωσία,Μαρκί
IAKOVOS PHOTIADES FOODSTUFF SUPPLIERS LTD,Ε004839/2025,11/06/2025,10/06/2037,100,-,-,Συμβατικά Καύσιμα,ΜΕΚ,Πετρέλαιο,Κατασκευής - Λειτουργίας,Εφεδρεία,Λευκωσία,Λακατάμεια
ΚΥΠΡΙΑΚΟΣ ΟΡΓΑΝΙΣΜΟΣ ΔΙΑΧΕΙΡΙΣΗΣ ΑΠΟΘΕΜΑΤΩΝ ΠΕΤΡΕΛΑΙΟΕΙΔΩΝ (ΚΟΔΑΠ),Ε004838/2025,11/06/2025,10/06/2037,353,-,-,Συμβατικά Καύσιμα,ΜΕΚ,Πετρέλαιο,Κατασκευής - Λειτουργίας,Εφεδρεία,Λάρνακα,Μαρί
LCIS SOLAR PARKS LTD,Ε004837/2025,11/06/2025,10/06/2055,900,-,-,ΑΠΕ,Φωτοβολταϊκό Σύστημα,,Λειτουργίας Σταθμού Παραγωγής Ηλεκτρισμού,Εμπορική Χρήση,Πάφος,Νατά 
CSAP INVESTMENTS LTD,Ε004836/2025,11/06/2025,10/06/2055,3300,-,-,ΑΠΕ,Φωτοβολταϊκό Σύστημα,,Λειτουργίας Σταθμού Παραγωγής Ηλεκτρισμού,Εμπορική Χρήση,Λευκωσία,Μαργί 
THE CYPRUS PHASSOURI ESTATES LTD,Ε004835/2025,04/06/2025,03/06/2027,272,-,-,ΑΠΕ,Φωτοβολταϊκό Σύστημα,,Κατασκευής Σταθμού Παραγωγής Ηλεκτρισμού,Αυτοπαραγωγή/Net-Billing,Λεμεσός,Ακρωτήρι
THE CYPRUS PHASSOURI ESTATES LTD,Ε004834/2025,04/06/2025,03/06/2027,200,-,-,ΑΠΕ,Φωτοβολταϊκό Σύστημα,,Κατασκευής Σταθμού Παραγωγής Ηλεκτρισμού,Αυτοπαραγωγή/Net-Billing,Λεμεσός,Ακρωτήρι
ΤHE CYPRUS PHASSOURI PLANTATIONS CO LTD,Ε004833/2025,04/06/2025,03/06/2027,160,-,-,ΑΠΕ,Φωτοβολταϊκό Σύστημα,,Κατασκευής Σταθμού Παραγωγής Ηλεκτρισμού,Αυτοπαραγωγή/Net-Billing,Λεμεσός,Ακρωτήρι
ΠΑΓΩΤΑ ΠΑΠΑΦΙΛΙΠΠΟΥ &AMP; ΠΑΤΙΣΕΡΙ ΠΑΝΑΓΙΩΤΗΣ ΛΤΔ,Ε004832/2025,04/06/2025,03/06/2027,58,-,-,ΑΠΕ,Φωτοβολταϊκό Σύστημα,,Κατασκευής Σταθμού Παραγωγής Ηλεκτρισμού,Αυτοπαραγωγή/Net-Billing,Λευκωσία,Παλαιομέτοχο
POP LIFE SUPERMARKETS LTD,Ε004830/2025,04/06/2025,03/06/2027,90.2,-,-,ΑΠΕ,Φωτοβολταϊκό Σύστημα,,Κατασκευής Σταθμού Παραγωγής Ηλεκτρισμού,Αυτοπαραγωγή/Net-Billing,Αμμόχωστος,Παραλίμνι
ELECTRA HOLIDAY VILLAGE LTD,Ε004829/2025,04/06/2025,03/06/2027,300,-,-,ΑΠΕ,Φωτοβολταϊκό Σύστημα,,Κατασκευής Σταθμού Παραγωγής Ηλεκτρισμού,Αυτοπαραγωγή/Net-Billing,Αμμόχωστος,Αγία Νάπα
ΤΜΗΜΑ ΑΝΑΠΤΥΞΕΩΣ ΥΔΑΤΩΝ,Ε004828/2025,04/06/2025,03/06/2027,113,-,-,ΑΠΕ,Φωτοβολταϊκό Σύστημα,,Κατασκευής Σταθμού Παραγωγής Ηλεκτρισμού,Αυτοπαραγωγή/Net-Billing,Λευκωσία,Πάνω Δευτερά
J. &AMP; D. PANAYI BAKERY LTD,Ε004827/2025,04/06/2025,03/06/2027,100,-,-,ΑΠΕ,Φωτοβολταϊκό Σύστημα,,Κατασκευής Σταθμού Παραγωγής Ηλεκτρισμού,Virtual Net-Billing,Λευκωσία,Ποτάμι
ΕΠΑΡΧΙΑΚΟΣ ΟΡΓΑΝΙΣΜΟΣ ΑΥΤΟΔΙΟΙΚΗΣΗΣ ΛΑΡΝΑΚΑΣ ,Ε004826/2025,04/06/2025,03/06/2027,60,-,-,ΑΠΕ,Φωτοβολταϊκό Σύστημα,,Κατασκευής Σταθμού Παραγωγής Ηλεκτρισμού,Αυτοπαραγωγή/Net-Billing,Λάρνακα,-
SIDESUNNY.COM CYPRUS LTD,Ε004825/2025,04/06/2025,03/06/2030,1000,-,-,ΑΠΕ,Φωτοβολταϊκό Σύστημα,,Κατασκευής Σταθμού Παραγωγής Ηλεκτρισμού,Εμπορική Χρήση,Πάφος,Αρμού
SIDESUNNY.COM CYPRUS LTD,Ε004824/2025,04/06/2025,03/06/2030,1000,-,-,ΑΠΕ,Φωτοβολταϊκό Σύστημα,,Κατασκευής Σταθμού Παραγωγής Ηλεκτρισμού,Εμπορική Χρήση,Πάφος,Αρμού
SIDESUNNY.COM CYPRUS LTD,Ε004823/2025,04/06/2025,03/06/2030,1000,-,-,ΑΠΕ,Φωτοβολταϊκό Σύστημα,,Κατασκευής Σταθμού Παραγωγής Ηλεκτρισμού,Εμπορική Χρήση,Πάφος,Αρμού
ΦΥΣΙΚΟ ΠΡΟΣΩΠΟ,Ε004821/2025,29/05/2025,28/05/2030,150,30,450,ΑΠΕ,Φωτοβολταϊκό Σύστημα,,Κατασκευής Σταθμού Παραγωγής Ηλεκτρισμού,Εμπορική Χρήση,Πάφος,Ακάμας - Πάνω Αρόδες
NEW WAY ENGINEERING LTD,Ε004820/2025,29/05/2025,28/05/2030,150,30,450,ΑΠΕ,Φωτοβολταϊκό Σύστημα,,Κατασκευής Σταθμού Παραγωγής Ηλεκτρισμού,Εμπορική Χρήση,Πάφος,Ακάμα - Κάθικα
GKA ENERGY LTD,Ε004819/2025,29/05/2025,28/05/2030,919,800,2060,ΑΠΕ,Φωτοβολταϊκό Σύστημα,,Κατασκευής Σταθμού Παραγωγής Ηλεκτρισμού,Εμπορική Χρήση,Πάφος,Δρούσεια
GKA ENERGY LTD,Ε004818/2025,29/05/2025,28/05/2030,1155,1000,2370,ΑΠΕ,Φωτοβολταϊκό Σύστημα,,Κατασκευής Σταθμού Παραγωγής Ηλεκτρισμού,Εμπορική Χρήση,Πάφος,Δρούσεια
DAISYRISE VENTURES LTD,Ε004817/2025,29/05/2025,28/05/2030,7000,5000,20000,ΑΠΕ,Φωτοβολταϊκό Σύστημα,,Κατασκευής Σταθμού Παραγωγής Ηλεκτρισμού,Εμπορική Χρήση,Λεμεσός,Παρεκκλησιά
ΦΥΣΙΚΟ ΠΡΟΣΩΠΟ,Ε004816/2025,29/05/2025,28/05/2030,150,-,-,ΑΠΕ,Φωτοβολταϊκό Σύστημα,,Κατασκευής Σταθμού Παραγωγής Ηλεκτρισμού,Εμπορική Χρήση,Πάφος,Κονιά
IGVA SOLAR ENERGY LTD,Ε004815/2025,29/05/2025,28/05/2030,1500,1000,4000,ΑΠΕ,Φωτοβολταϊκό Σύστημα,,Κατασκευής Σταθμού Παραγωγής Ηλεκτρισμού,Εμπορική Χρήση,Λευκωσία,Αρεδιού
ΦΥΣΙΚΟ ΠΡΟΣΩΠΟ,Ε004814/2025,29/05/2025,28/05/2030,149.99,-,-,ΑΠΕ,Φωτοβολταϊκό Σύστημα,,Κατασκευής Σταθμού Παραγωγής Ηλεκτρισμού,Εμπορική Χρήση,Λευκωσία,Κλήρου
ΝΕΑ ΣΥΝΕΡΓΑΤΙΚΗ ΕΤΑΙΡΕΙΑ ΒΙΟΜΗΧΑΝΙΚΗΣ ΕΠΕΞΕΡΓΑΣΙΑΣ ΓΕΩΡΓΙΚΗΣ ΠΑΡΑΓΩΓΗΣ (ΣΕΒΕΓΕΠ) ΛΤΔ,Ε004813/2025,29/05/2025,28/05/2055,800,-,-,ΑΠΕ,Φωτοβολταϊκό Σύστημα,,Λειτουργίας Σταθμού Παραγωγής Ηλεκτρισμού,Αυτοπαραγωγή/Net-Billing,Λευκωσία,Αστρομερίτη 
BIOLAND PROJECT 66 LTD,Ε004812/2025,29/05/2025,28/05/2055,2000,-,-,ΑΠΕ,Φωτοβολταϊκό Σύστημα,,Λειτουργίας Σταθμού Παραγωγής Ηλεκτρισμού,Εμπορική Χρήση,Λάρνακα,Αλαμινό 
 ΗΦΑΙΣΤΟΣ ΦΩΤΟΒΟΛΤΑΙΚΟ ΠΑΡΚΟ ΛΤΔ,Ε004811/2025,23/05/2025,22/05/2030,486,200,372,ΑΠΕ,Φωτοβολταϊκό Σύστημα,,Κατασκευής Σταθμού Παραγωγής Ηλεκτρισμού,Εμπορική Χρήση,Λευκωσία,Αγία Βαρβάρα
ΗΦΑΙΣΤΟΣ ΦΩΤΟΒΟΛΤΑΙΚΟ ΠΑΡΚΟ ΛΤΔ,Ε004810/2025,23/05/2025,22/05/2030,913.88,500,1100,ΑΠΕ,Φωτοβολταϊκό Σύστημα,,Κατασκευής Σταθμού Παραγωγής Ηλεκτρισμού,Εμπορική Χρήση,Αμμόχωστος,Αχερίτου
ARISTOKLIA SOLAR LTD,Ε004809/2025,23/05/2025,22/05/2030,1562.4,2000,3720,ΑΠΕ,Φωτοβολταϊκό Σύστημα,,Κατασκευής Σταθμού Παραγωγής Ηλεκτρισμού,Εμπορική Χρήση,Λευκωσία,Βυζακιά
ΦΥΣΙΚΟ ΠΡΟΣΩΠΟ,Ε004808/2025,23/05/2025,22/05/2030,3278.76,2500,5000,ΑΠΕ,Φωτοβολταϊκό Σύστημα,,Κατασκευής Σταθμού Παραγωγής Ηλεκτρισμού,Εμπορική Χρήση,Λεμεσός,Πάχνα
CARCALINA LTD,Ε004807/2025,23/05/2025,22/05/2030,7300,2500,5000,ΑΠΕ,Φωτοβολταϊκό Σύστημα,,Κατασκευής Σταθμού Παραγωγής Ηλεκτρισμού,Εμπορική Χρήση,Λευκωσία,Λινού
BP-S 119 LTD,Ε004806/2025,23/05/2025,22/05/2030,1500,1500,3000,ΑΠΕ,Φωτοβολταϊκό Σύστημα,,Κατασκευής Σταθμού Παραγωγής Ηλεκτρισμού,Εμπορική Χρήση,Λευκωσία,Λύμπια
A.S. SOLAR PARKS LTD,Ε004805/2025,23/05/2025,22/05/2030,979,-,-,ΑΠΕ,Φωτοβολταϊκό Σύστημα,,Κατασκευής Σταθμού Παραγωγής Ηλεκτρισμού,Εμπορική Χρήση,Λευκωσία,Πάνω Κουτραφάς
A.CH. DMD FUTURE ENERGY LTD,Ε004804/2025,23/05/2025,22/05/2030,1000,100,3000,ΑΠΕ,Φωτοβολταϊκό Σύστημα,,Κατασκευής Σταθμού Παραγωγής Ηλεκτρισμού,Εμπορική Χρήση,Πάφος,Μηλιά
IGVA SOLAR ENERGY LTD,Ε004803/2025,23/05/2025,22/05/2030,2000,2000,2000,ΑΠΕ,Φωτοβολταϊκό Σύστημα,,Κατασκευής Σταθμού Παραγωγής Ηλεκτρισμού,Εμπορική Χρήση,Λάρνακα,Αραδίππου
ΑΡΧΗ ΛΙΜΕΝΩΝ ΚΥΠΡΟΥ,Ε004802/2025,23/05/2025,22/05/2037,330,-,-,Συμβατικά Καύσιμα,ΜΕΚ,Πετρέλαιο,Κατασκευής - Λειτουργίας,Εφεδρεία,Λεμεσός,-
IAKOVOS PHOTIADES FOODSTUFF SUPPLIERS LTD,Ε004801/2025,23/05/2025,22/05/2037,106,-,-,Συμβατικά Καύσιμα,ΜΕΚ,Πετρέλαιο,Κατασκευής - Λειτουργίας,Εφεδρεία,Λευκωσία,Έγκωμη
ΦΥΣΙΚΟ ΠΡΟΣΩΠΟ,Ε004800/2025,23/05/2025,22/05/2037,33,-,-,Συμβατικά Καύσιμα,ΜΕΚ,Πετρέλαιο,Κατασκευής - Λειτουργίας,Εφεδρεία,Λευκωσία,Στρόβολο
THE CYPRUS ANTI-CANCER SOCIETY,Ε004799/2025,23/05/2025,22/05/2037,248,-,-,Συμβατικά Καύσιμα,ΜΕΚ,Πετρέλαιο,Κατασκευής - Λειτουργίας,Εφεδρεία,Λευκωσία,Στρόβολος
SENPOLIA LTD,Ε004798/2025,23/05/2025,22/05/2037,400,-,-,Συμβατικά Καύσιμα,ΜΕΚ,Πετρέλαιο,Κατασκευής - Λειτουργίας,Εφεδρεία,Λεμεσός,-
Χ.Α. ΠΑΠΑΕΛΛΗΝΑΣ ΕΜΠΟΡΙΚΗ ΛΤΔ,Ε004797/2025,23/05/2025,22/05/2037,268,-,-,Συμβατικά Καύσιμα,ΜΕΚ,Πετρέλαιο,Κατασκευής - Λειτουργίας,Εφεδρεία,Λευκωσία,Αστρομερίτη
ΚΥΠΡΙΑΚΟΣ ΟΡΓΑΝΙΣΜΟΣ ΑΘΛΗΤΙΣΜΟΥ,Ε004796/2025,23/05/2025,22/05/2037,928,-,-,Συμβατικά Καύσιμα,ΜΕΚ,Πετρέλαιο,Κατασκευής - Λειτουργίας,Εφεδρεία,Λεμεσός,Πολεμιδιών
EBOS TECHNOLOGIES LTD,Ε004795/2025,23/05/2025,22/05/2037,88,-,-,Συμβατικά Καύσιμα,ΜΕΚ,Πετρέλαιο,Κατασκευής - Λειτουργίας,Εφεδρεία,Λευκωσία,Λακατάμεια
CHRISTODOULOS FARM LTD,Ε004794/2025,23/05/2025,22/05/2037,80,-,-,Συμβατικά Καύσιμα,ΜΕΚ,Πετρέλαιο,Κατασκευής - Λειτουργίας,Εφεδρεία,Αμμόχωστος,Φρέναρος
IOANNOU ALTERNATIVE ENERGY LTD,Ε004793/2025,21/05/2025,20/05/2055,1000,-,-,ΑΠΕ,Φωτοβολταϊκό Σύστημα,,Λειτουργίας Σταθμού Παραγωγής Ηλεκτρισμού,Εμπορική Χρήση,Λεμεσός,Ύψωνα 
ΥΠΟΥΡΓΕΙΟ ΑΜΥΝΑΣ,Ε004792/2025,14/05/2025,13/05/2037,98,-,-,Συμβατικά Καύσιμα,ΜΕΚ,Πετρέλαιο,Κατασκευής - Λειτουργίας,Εφεδρεία,Λεμεσός,-
R. A. VOUYIOUKLAKIS LTD,Ε004791/2025,14/05/2025,13/05/2037,560,-,-,Συμβατικά Καύσιμα,ΜΕΚ,Πετρέλαιο,Κατασκευής - Λειτουργίας,Εφεδρεία,Λάρνακα,Σκαρίνου
VTT VASILIKO LTD,Ε004790/2025,14/05/2025,13/05/2037,68,-,-,Συμβατικά Καύσιμα,ΜΕΚ,Πετρέλαιο,Κατασκευής - Λειτουργίας,Εφεδρεία,Λάρνακα,Μαρί
MEDITERRANEAN HOSPITAL OF CYPRUS LTD,Ε004789/2025,14/05/2025,13/05/2037,200,-,-,Συμβατικά Καύσιμα,ΜΕΚ,Πετρέλαιο,Κατασκευής - Λειτουργίας,Εφεδρεία,Λεμεσός,Αγία Φύλα
SENPOLIA LTD,Ε004788/2025,14/05/2025,13/05/2037,80,-,-,Συμβατικά Καύσιμα,ΜΕΚ,Πετρέλαιο,Κατασκευής - Λειτουργίας,Εφεδρεία,Λεμεσός,-
ΦΥΣΙΚΟ ΠΡΟΣΩΠΟ,Ε004787/2025,14/05/2025,13/05/2037,245,-,-,Συμβατικά Καύσιμα,ΜΕΚ,Πετρέλαιο,Κατασκευής - Λειτουργίας,Εφεδρεία,Λευκωσία,Στρόβολος
K. PROTOPAPAS AGRICULTURAL ENTERPRISES LTD,Ε004786/2025,14/05/2025,13/05/2037,55,-,-,Συμβατικά Καύσιμα,ΜΕΚ,Πετρέλαιο,Κατασκευής - Λειτουργίας,Εφεδρεία,Λευκωσία,Πάνω Δευτερά
ΤΑΜΕΙΟ ΕΥΗΜΕΡΙΑΣ ΠΡΟΣΩΠΙΚΟΥ ΑΤΗΚ,Ε004785/2025,14/05/2025,13/05/2037,320,-,-,Συμβατικά Καύσιμα,ΜΕΚ,Πετρέλαιο,Λειτουργίας Σταθμού Παραγωγής Ηλεκτρισμού,Εφεδρεία,Λευκωσία,Άγιος Νικόλαος - Κακοπετριά
F &AMP; D GALAZIS ESTATES LTD,Ε004784/2025,14/05/2025,13/05/2037,323.4,-,-,Συμβατικά Καύσιμα,ΜΕΚ,Πετρέλαιο,Κατασκευής - Λειτουργίας,Εφεδρεία,Λευκωσία,Άγιος Αντρέας
KRYPTO SECURITY (CYPRUS) LTD,Ε004783/2025,14/05/2025,13/05/2037,80,-,-,Συμβατικά Καύσιμα,ΜΕΚ,Πετρέλαιο,Κατασκευής - Λειτουργίας,Εφεδρεία,Λεμεσός,Άγιος Αθανάσιος
GKA ENERGY LTD,Ε004782/2025,14/05/2025,13/05/2030,899,800,2060,ΑΠΕ,Φωτοβολταϊκό Σύστημα,,Κατασκευής Σταθμού Παραγωγής Ηλεκτρισμού,Εμπορική Χρήση,Αμμόχωστος,Φρέναρος
GKA ENERGY LTD,Ε004781/2025,14/05/2025,13/05/2030,6511,6400,13210,ΑΠΕ,Φωτοβολταϊκό Σύστημα,,Κατασκευής Σταθμού Παραγωγής Ηλεκτρισμού,Εμπορική Χρήση,Λάρνακα,Πύλα
FIVE RED LTD,Ε004780/2025,14/05/2025,13/05/2030,987,-,-,ΑΠΕ,Φωτοβολταϊκό Σύστημα,,Κατασκευής Σταθμού Παραγωγής Ηλεκτρισμού,Εμπορική Χρήση,Λάρνακα,Αλαμινός
ΚΩΝΣΤΑΝΤΙΝΟΣ ΑΛΕΞΑΝΔΡΟΥ,Ε004779/2025,14/05/2025,13/05/2030,150,30,450,ΑΠΕ,Φωτοβολταϊκό Σύστημα,,Κατασκευής Σταθμού Παραγωγής Ηλεκτρισμού,Εμπορική Χρήση,Λευκωσία,Κάτω Μονή 
PETROLINA ENERGY LTD,Ε004778/2025,14/05/2025,13/05/2030,2201,-,-,ΑΠΕ,Φωτοβολταϊκό Σύστημα,,Κατασκευής Σταθμού Παραγωγής Ηλεκτρισμού,Εμπορική Χρήση,Λάρνακα,Αραδίππου
FIVE RED LTD,Ε004777/2025,14/05/2025,13/05/2030,1980,-,-,ΑΠΕ,Φωτοβολταϊκό Σύστημα,,Κατασκευής Σταθμού Παραγωγής Ηλεκτρισμού,Εμπορική Χρήση,Λάρνακα,Τερσεφάνου
BP-S 154 LTD,Ε004776/2025,14/05/2025,13/05/2030,1200,1200,4800,ΑΠΕ,Φωτοβολταϊκό Σύστημα,,Κατασκευής Σταθμού Παραγωγής Ηλεκτρισμού,Εμπορική Χρήση,Λάρνακα,Δρομολαξιά
BP-S 154 LTD,Ε004775/2025,14/05/2025,13/05/2030,1500,1500,6000,ΑΠΕ,Φωτοβολταϊκό Σύστημα,,Κατασκευής Σταθμού Παραγωγής Ηλεκτρισμού,Εμπορική Χρήση,Λάρνακα,Δρομολαξιά
CROTALINA LTD,Ε004774/2025,14/05/2025,13/05/2030,6500,2500,5000,ΑΠΕ,Φωτοβολταϊκό Σύστημα,,Κατασκευής Σταθμού Παραγωγής Ηλεκτρισμού,Εμπορική Χρήση,Λάρνακα,Δρομολαξιά-Μενεού-Τερσεφάνου
APHRODITE HILLS RESORT LTD,Ε004773/2025,14/05/2025,13/05/2055,147.07,-,-,ΑΠΕ,Φωτοβολταϊκό Σύστημα,,Λειτουργίας Σταθμού Παραγωγής Ηλεκτρισμού,Αυτοπαραγωγή/Net-Billing,Πάφος,Κούκλια
ΑΡΗΣ ΑΘΛΗΤΙΚΕΣ ΕΓΚΑΤΑΣΤΑΣΕΙΣ ΛΤΔ,Ε004772/2025,05/05/2025,04/05/2030,2150,2000,4400,ΑΠΕ,Φωτοβολταϊκό Σύστημα,,Κατασκευής Σταθμού Παραγωγής Ηλεκτρισμού,Εμπορική Χρήση,Λεμεσός,Μοναγρούλι
ΑΡΗΣ ΑΘΛΗΤΙΚΕΣ ΕΓΚΑΤΑΣΤΑΣΕΙΣ ΛΤΔ,Ε004771/2025,05/05/2025,04/05/2030,2590,2400,5420,ΑΠΕ,Φωτοβολταϊκό Σύστημα,,Κατασκευής Σταθμού Παραγωγής Ηλεκτρισμού,Εμπορική Χρήση,Λεμεσός,Μοναγρούλι
ΑΡΗΣ ΑΘΛΗΤΙΚΕΣ ΕΓΚΑΤΑΣΤΑΣΕΙΣ ΛΤΔ,Ε004770/2025,05/05/2025,04/05/2030,7960,7800,16260,ΑΠΕ,Φωτοβολταϊκό Σύστημα,,Κατασκευής Σταθμού Παραγωγής Ηλεκτρισμού,Εμπορική Χρήση,Λεμεσός,Μοναγρούλι
AGRISOLAR LTD,Ε004769/2025,05/05/2025,04/05/2030,3385,3000,3000,ΑΠΕ,Φωτοβολταϊκό Σύστημα,,Κατασκευής Σταθμού Παραγωγής Ηλεκτρισμού,Εμπορική Χρήση,Λευκωσία,Πάνω Κουτραφάς
AGRISOLAR LTD,Ε004768/2025,05/05/2025,04/05/2030,2000,2000,2000,ΑΠΕ,Φωτοβολταϊκό Σύστημα,,Κατασκευής Σταθμού Παραγωγής Ηλεκτρισμού,Εμπορική Χρήση,Λευκωσία,Πάνω Κουτραφάς
ΕΡΜΗΣ ΑΝΤΩΝΙΑΔΗΣ ΛΤΔ,Ε004767/2025,05/05/2025,04/05/2030,400,-,-,ΑΠΕ,Φωτοβολταϊκό Σύστημα,,Κατασκευής Σταθμού Παραγωγής Ηλεκτρισμού,Εμπορική Χρήση,Πάφος,Θρηνιά
ΕΡΜΗΣ ΑΝΤΩΝΙΑΔΗΣ ΛΤΔ,Ε004766/2025,05/05/2025,04/05/2030,800,-,-,ΑΠΕ,Φωτοβολταϊκό Σύστημα,,Κατασκευής Σταθμού Παραγωγής Ηλεκτρισμού,Εμπορική Χρήση,Πάφος,Θρηνιά
ΦΥΣΙΚΟ ΠΡΟΣΩΠΟ,Ε004765/2025,05/05/2025,04/05/2030,4004,4000,24000,ΑΠΕ,Φωτοβολταϊκό Σύστημα,,Κατασκευής Σταθμού Παραγωγής Ηλεκτρισμού,Εμπορική Χρήση,Λευκωσία,Πάνω Δευτερά
D.P. ELSIM LTD,Ε004764/2025,23/04/2025,22/04/2030,7000,-,-,ΑΠΕ,Φωτοβολταϊκό Σύστημα,,Κατασκευής Σταθμού Παραγωγής Ηλεκτρισμού,Εμπορική Χρήση,Λάρνακα,Αθηαίνου
D.P. ELSIM LTD,Ε004763/2025,23/04/2025,22/04/2030,4000,-,-,ΑΠΕ,Φωτοβολταϊκό Σύστημα,,Κατασκευής Σταθμού Παραγωγής Ηλεκτρισμού,Εμπορική Χρήση,Λάρνακα,Αθηαίνου
D.P. ELSIM LTD,Ε004762/2025,23/04/2025,22/04/2030,5000,-,-,ΑΠΕ,Φωτοβολταϊκό Σύστημα,,Κατασκευής Σταθμού Παραγωγής Ηλεκτρισμού,Εμπορική Χρήση,Λάρνακα,Αθηαίνου
D.P. ELSIM LTD,Ε004761/2025,23/04/2025,22/04/2030,4500,-,-,ΑΠΕ,Φωτοβολταϊκό Σύστημα,,Κατασκευής Σταθμού Παραγωγής Ηλεκτρισμού,Εμπορική Χρήση,Λάρνακα,Αθηαίνου
VITATRACE NUTRITION LTD,Ε004760/2025,23/04/2025,22/04/2027,61.58,-,-,ΑΠΕ,Φωτοβολταϊκό Σύστημα,,Κατασκευής Σταθμού Παραγωγής Ηλεκτρισμού,Αυτοπαραγωγή/Net-Billing,Λευκωσία,Στρόβολο
VITATRACE NUTRITION LTD,Ε004759/2025,23/04/2025,22/04/2027,59,-,-,ΑΠΕ,Φωτοβολταϊκό Σύστημα,,Κατασκευής Σταθμού Παραγωγής Ηλεκτρισμού,Αυτοπαραγωγή/Net-Billing,Λευκωσία,Στρόβολο
ΙΕΡΑ ΜΟΝΗ ΜΑΧΑΙΡΑ,Ε004758/2025,23/04/2025,22/04/2027,149,-,-,ΑΠΕ,Φωτοβολταϊκό Σύστημα,,Κατασκευής Σταθμού Παραγωγής Ηλεκτρισμού,Αυτοπαραγωγή/Net-Billing,Λευκωσία,Λαζανιά
PELETICO PLASTERS LTD,Ε004757/2025,23/04/2025,22/04/2027,728,-,-,ΑΠΕ,Φωτοβολταϊκό Σύστημα,,Κατασκευής Σταθμού Παραγωγής Ηλεκτρισμού,Αυτοπαραγωγή/Net-Billing,Λάρνακα,Αραδίππου
KING EVELTHON HOTEL LTD,Ε004756/2025,23/04/2025,22/04/2027,1053,-,-,ΑΠΕ,Φωτοβολταϊκό Σύστημα,,Κατασκευής Σταθμού Παραγωγής Ηλεκτρισμού,Αυτοπαραγωγή/Net-Billing,Πάφος,Χλώρκα
ΠΑΝΕΠΙΣΤΗΜΙΟ ΚΥΠΡΟΥ,Ε004755/2025,23/04/2025,22/04/2027,5000,-,-,ΑΠΕ,Φωτοβολταϊκό Σύστημα,,Κατασκευής Σταθμού Παραγωγής Ηλεκτρισμού,Αυτοπαραγωγή/Net-Billing,Λευκωσία,Αγλαντζιά
ΛΑΤΟΜΕΙΑ ΛΑΤΟΥΡΟΣ ΛΤΔ,Ε004754/2025,23/04/2025,22/04/2027,1530,-,-,ΑΠΕ,Φωτοβολταϊκό Σύστημα,,Κατασκευής Σταθμού Παραγωγής Ηλεκτρισμού,Αυτοπαραγωγή/Net-Billing,Λευκωσία,Ιδαλίου
ΥΦΥΠΟΥΡΓΕΙΟ ΜΕΤΑΝΑΣΤΕΥΣΗΣ ΚΑΙ ΔΙΕΘΝΟΥΣ ΠΡΟΣΤΑΣΙΑΣ - ΥΠΗΡΕΣΙΑ ΑΣΥΛΟΥ,Ε004753/2025,23/04/2025,22/04/2027,221.72,-,-,ΑΠΕ,Φωτοβολταϊκό Σύστημα,,Κατασκευής Σταθμού Παραγωγής Ηλεκτρισμού,Αυτοπαραγωγή/Net-Billing,Λάρνακα,Μενόγεια
ADAR PROPERTY DEVELOPMENT COMPANY LTD,Ε004752/2025,23/04/2025,22/04/2027,210,-,-,ΑΠΕ,Φωτοβολταϊκό Σύστημα,,Κατασκευής Σταθμού Παραγωγής Ηλεκτρισμού,Αυτοπαραγωγή/Net-Billing,Λεμεσός,Πάχνα
ΠΑΝΕΠΙΣΤΗΜΙΟ ΚΥΠΡΟΥ,Ε004751/2025,23/04/2025,22/04/2027,74.25,-,-,ΑΠΕ,Φωτοβολταϊκό Σύστημα,,Κατασκευής Σταθμού Παραγωγής Ηλεκτρισμού,Αυτοπαραγωγή/Net-Billing,Λευκωσία,Αγλαντζιά
UNITED NATIONS PEACEKEEPING FORCE IN CYPRUS - UNFICYP,Ε004750/2025,23/04/2025,22/04/2027,60,-,-,ΑΠΕ,Φωτοβολταϊκό Σύστημα,,Κατασκευής Σταθμού Παραγωγής Ηλεκτρισμού,Αυτοπαραγωγή/Net-Billing,Λάρνακα,Πύλα
ΚΕΡΑΜΕΙΟ ΑΝΔΡΕΑΣ ΚΑΣΑΠΗΣ ΛΤΔ,Ε004749/2025,23/04/2025,22/04/2027,320,-,-,ΑΠΕ,Φωτοβολταϊκό Σύστημα,,Κατασκευής Σταθμού Παραγωγής Ηλεκτρισμού,Αυτοπαραγωγή/Net-Billing,Λάρνακα,Καλαβασός
GP RODIK SERVICES LTD,Ε004748/2025,15/04/2025,14/04/2030,2580,-,-,ΑΠΕ,Φωτοβολταϊκό Σύστημα,,Κατασκευής Σταθμού Παραγωγής Ηλεκτρισμού,Εμπορική Χρήση,Λάρνακα,Αβδελερό
GP RODIK SERVICES LTD,Ε004747/2025,15/04/2025,14/04/2030,5000,-,-,ΑΠΕ,Φωτοβολταϊκό Σύστημα,,Κατασκευής Σταθμού Παραγωγής Ηλεκτρισμού,Εμπορική Χρήση,Λάρνακα,Αβδελερό
GP RODIK SERVICES LTD,Ε004746/2025,15/04/2025,14/04/2030,4780,-,-,ΑΠΕ,Φωτοβολταϊκό Σύστημα,,Κατασκευής Σταθμού Παραγωγής Ηλεκτρισμού,Εμπορική Χρήση,Λάρνακα,Αβδελερό
GP RODIK SERVICES LTD,Ε004745/2025,15/04/2025,14/04/2030,2915,-,-,ΑΠΕ,Φωτοβολταϊκό Σύστημα,,Κατασκευής Σταθμού Παραγωγής Ηλεκτρισμού,Εμπορική Χρήση,Λάρνακα,Αβδελερό
GP RODIK SERVICES LTD,Ε004744/2025,15/04/2025,14/04/2030,4050,-,-,ΑΠΕ,Φωτοβολταϊκό Σύστημα,,Κατασκευής Σταθμού Παραγωγής Ηλεκτρισμού,Εμπορική Χρήση,Λάρνακα,Αβδελερό
GP RODIK SERVICES LTD,Ε004743/2025,15/04/2025,14/04/2030,2790,-,-,ΑΠΕ,Φωτοβολταϊκό Σύστημα,,Κατασκευής Σταθμού Παραγωγής Ηλεκτρισμού,Εμπορική Χρήση,Λάρνακα,Αβδελερό
GP RODIK SERVICES LTD,Ε004742/2025,15/04/2025,14/04/2030,4910,-,-,ΑΠΕ,Φωτοβολταϊκό Σύστημα,,Κατασκευής Σταθμού Παραγωγής Ηλεκτρισμού,Εμπορική Χρήση,Λάρνακα,Αβδελερό
GP RODIK SERVICES LTD,Ε004741/2025,15/04/2025,14/04/2030,4990,-,-,ΑΠΕ,Φωτοβολταϊκό Σύστημα,,Κατασκευής Σταθμού Παραγωγής Ηλεκτρισμού,Εμπορική Χρήση,Λάρνακα,Αβδελερό
GP RODIK SERVICES LTD,Ε004740/2025,15/04/2025,14/04/2030,4890,-,-,ΑΠΕ,Φωτοβολταϊκό Σύστημα,,Κατασκευής Σταθμού Παραγωγής Ηλεκτρισμού,Εμπορική Χρήση,Λάρνακα,Αβδελερό
GP RODIK SERVICES LTD,Ε004739/2025,15/04/2025,14/04/2030,3340,-,-,ΑΠΕ,Φωτοβολταϊκό Σύστημα,,Κατασκευής Σταθμού Παραγωγής Ηλεκτρισμού,Εμπορική Χρήση,Λάρνακα,Αβδελερό
GP RODIK SERVICES LTD,Ε004738/2025,15/04/2025,14/04/2030,4950,-,-,ΑΠΕ,Φωτοβολταϊκό Σύστημα,,Κατασκευής Σταθμού Παραγωγής Ηλεκτρισμού,Εμπορική Χρήση,Λάρνακα,Αβδελερό
KOSTAS TEA FOR TWO LTD,Ε004737/2025,23/04/2025,22/04/2027,149.64,-,-,ΑΠΕ,Φωτοβολταϊκό Σύστημα,,Κατασκευής Σταθμού Παραγωγής Ηλεκτρισμού,Αυτοπαραγωγή/Net-Billing,Πάφος,Μαραθούντα
YIOTLAND LTD,Ε004736/2025,23/04/2025,22/04/2027,71.78,-,-,ΑΠΕ,Φωτοβολταϊκό Σύστημα,,Κατασκευής Σταθμού Παραγωγής Ηλεκτρισμού,Αυτοπαραγωγή/Net-Billing,Πάφος,Πομός
PLETEA INVESTMENTS LTD,Ε004735/2025,15/04/2025,14/04/2030,6110,3000,5000,ΑΠΕ,Φωτοβολταϊκό Σύστημα,,Κατασκευής Σταθμού Παραγωγής Ηλεκτρισμού,Εμπορική Χρήση,Λάρνακα,Αθηαίνου
CYPV SUNRISING ENERGY LTD,Ε004734/2025,07/04/2025,06/04/2030,0,3000,6100,ΑΠΕ,Φωτοβολταϊκό Σύστημα,,Κατασκευής Σταθμού Παραγωγής Ηλεκτρισμού,Εμπορική Χρήση,Λευκωσία,Άγιος Ιωάννης
GIGAWATT GLOBAL (CYPRUS) LTD,Ε004733/2025,07/04/2025,06/04/2030,0,5000,10110,ΑΠΕ,Φωτοβολταϊκό Σύστημα,,Κατασκευής Σταθμού Παραγωγής Ηλεκτρισμού,Εμπορική Χρήση,Λευκωσία,Άγιος Ιωάννης
GIGAWATT GLOBAL (CYPRUS) LTD,Ε004732/2025,07/04/2025,06/04/2030,0,5000,10110,ΑΠΕ,Φωτοβολταϊκό Σύστημα,,Κατασκευής Σταθμού Παραγωγής Ηλεκτρισμού,Εμπορική Χρήση,Λευκωσία,Άγιος Ιωάννης
CYPRUS TRADING CORPORATION PLC,Ε004731/2025,07/04/2025,06/04/2037,320,-,-,Συμβατικά Καύσιμα,ΜΕΚ,Πετρέλαιο,Κατασκευής - Λειτουργίας,Εφεδρεία,Λευκωσία,Στρόβολο
CYPRUS TRADING CORPORATION PLC,Ε004730/2025,07/04/2025,06/04/2037,364,-,-,Συμβατικά Καύσιμα,ΜΕΚ,Πετρέλαιο,Κατασκευής - Λειτουργίας,Εφεδρεία,Λευκωσία,Στρόβολο
LAIKO - COSMOS TRADING LTD,Ε004729/2025,07/04/2025,06/04/2037,440,-,-,Συμβατικά Καύσιμα,ΜΕΚ,Πετρέλαιο,Κατασκευής - Λειτουργίας,Εφεδρεία,Λευκωσία,Δάλι
MUFG FUND SERVICES (CYPRUS) LTD,Ε004728/2025,07/04/2025,06/04/2037,132,-,-,Συμβατικά Καύσιμα,ΜΕΚ,Πετρέλαιο,Κατασκευής - Λειτουργίας,Εφεδρεία,Λεμεσός,Γερμασόγια
ΛΑΙΚΟΝ ΚΑΦΕΚΟΠΤΕΙΟΝ ΔΗΜΟΣΙΑ ΛΤΔ,Ε004727/2025,07/04/2025,06/04/2037,440,-,-,Συμβατικά Καύσιμα,ΜΕΚ,Πετρέλαιο,Κατασκευής - Λειτουργίας,Εφεδρεία,Λευκωσία,Δάλι
CADAL LTD,Ε004726/2025,07/04/2025,06/04/2037,1000,-,-,Συμβατικά Καύσιμα,ΜΕΚ,Πετρέλαιο,Κατασκευής - Λειτουργίας,Εφεδρεία,Λευκωσία,Δάλι
CADAL LTD,Ε004725/2025,07/04/2025,06/04/2037,800,-,-,Συμβατικά Καύσιμα,ΜΕΚ,Πετρέλαιο,Κατασκευής - Λειτουργίας,Εφεδρεία,Λευκωσία,Δάλι
CADAL LTD,Ε004724/2025,07/04/2025,06/04/2037,400,-,-,Συμβατικά Καύσιμα,ΜΕΚ,Πετρέλαιο,Κατασκευής - Λειτουργίας,Εφεδρεία,Λευκωσία,Δάλι
SUNMAR RESIDENCE LTD,Ε004723/2025,07/04/2025,06/04/2037,464,-,-,Συμβατικά Καύσιμα,ΜΕΚ,Πετρέλαιο,Κατασκευής - Λειτουργίας,Εφεδρεία,Λεμεσός,Γερμασόγεια 
LIDL CYPRUS,Ε004722/2025,07/04/2025,06/04/2037,272,-,-,Συμβατικά Καύσιμα,ΜΕΚ,Πετρέλαιο,Κατασκευής - Λειτουργίας,Εφεδρεία,Πάφος,-
GLYKI NERO ESTATE COMPANY LTD (ELYSIUM LTD),Ε004721/2025,07/04/2025,06/04/2037,640,-,-,Συμβατικά Καύσιμα,ΜΕΚ,Πετρέλαιο,Κατασκευής - Λειτουργίας,Εφεδρεία,Πάφος,-
ΥΠΟΥΡΓΕΙΟ ΕΣΩΤΕΡΙΚΩΝ - ΤΜΗΜΑ ΚΤΗΜΑΤΟΛΟΓΙΟΥ ΚΑΙ ΧΩΡΟΜΕΤΡΙΑΣ,Ε004720/2025,07/04/2025,06/04/2037,564,-,-,Συμβατικά Καύσιμα,ΜΕΚ,Πετρέλαιο,Κατασκευής - Λειτουργίας,Εφεδρεία,Λευκωσία,Αγλαντζιά
EFSTATHIOS CH. CONSTANTINIDES LTD,Ε004719/2025,07/04/2025,06/04/2037,32,-,-,Συμβατικά Καύσιμα,ΜΕΚ,Πετρέλαιο,Κατασκευής - Λειτουργίας,Εφεδρεία,Λεμεσός,Κάτω Πολεμίδια
ΑΝΩΤΑΤΟ ΔΙΚΑΣΤΗΡΙΟ ΚΥΠΡΟΥ,Ε004718/2025,07/04/2025,06/04/2037,176,-,-,Συμβατικά Καύσιμα,ΜΕΚ,Πετρέλαιο,Κατασκευής - Λειτουργίας,Εφεδρεία,Λευκωσία,-
ΦΥΣΙΚΟ ΠΡΟΣΩΠΟ,Ε004717/2025,15/04/2025,14/04/2055,119,-,-,ΑΠΕ,Φωτοβολταϊκό Σύστημα,,Λειτουργίας Σταθμού Παραγωγής Ηλεκτρισμού,Εμπορική Χρήση,Πάφος,Μέσα Χωριό 
A.V. EARTH REGENERATION LTD,Ε004716/2025,07/04/2025,06/04/2055,1799,-,-,ΑΠΕ,Φωτοβολταϊκό Σύστημα,,Λειτουργίας Σταθμού Παραγωγής Ηλεκτρισμού,Εμπορική Χρήση,Λάρνακα,Αραδίππου 
LEALOUS LTD,Ε004715/2025,28/03/2025,27/03/2030,2764.5,-,-,ΑΠΕ,Φωτοβολταϊκό Σύστημα,,Κατασκευής Σταθμού Παραγωγής Ηλεκτρισμού,Εμπορική Χρήση,Λάρνακα,Δρομολαξιά
ΦΥΣΙΚΟ ΠΡΟΣΩΠΟ,Ε004714/2025,28/03/2025,27/03/2030,150,30,450,ΑΠΕ,Φωτοβολταϊκό Σύστημα,,Κατασκευής Σταθμού Παραγωγής Ηλεκτρισμού,Εμπορική Χρήση,Πάφος,Φιλούσα Χρυσοχούς
PANASKA TRADING COMPANY LTD,Ε004713/2025,28/03/2025,27/03/2030,0,300,1200,ΑΠΕ,Φωτοβολταϊκό Σύστημα,,Κατασκευής Σταθμού Παραγωγής Ηλεκτρισμού,Εμπορική Χρήση,Λευκωσία,Γέρι
GKA ENERGY LTD,Ε004712/2025,28/03/2025,27/03/2030,2240,2000,4070,ΑΠΕ,Φωτοβολταϊκό Σύστημα,,Κατασκευής Σταθμού Παραγωγής Ηλεκτρισμού,Εμπορική Χρήση,Λευκωσία,Κάτω Κουτραφά
ROYAL VALLEY HOLDINGS LTD,Ε004711/2025,28/03/2025,27/03/2030,4350,4350,6000,ΑΠΕ,Φωτοβολταϊκό Σύστημα,,Κατασκευής Σταθμού Παραγωγής Ηλεκτρισμού,Εμπορική Χρήση,Λευκωσία,Ποταμιά
ΦΥΣΙΚΟ ΠΡΟΣΩΠΟ,Ε004709/2025,28/03/2025,27/03/2030,525,-,-,ΑΠΕ,Φωτοβολταϊκό Σύστημα,,Κατασκευής Σταθμού Παραγωγής Ηλεκτρισμού,Εμπορική Χρήση,Αμμόχωστος,Φρέναρος
HELLENIQ RENEWABLES CYPRUS PACHNA LTD,Ε004708/2025,28/03/2025,27/03/2030,3000,1500,6000,ΑΠΕ,Φωτοβολταϊκό Σύστημα,,Κατασκευής Σταθμού Παραγωγής Ηλεκτρισμού,Εμπορική Χρήση,Λεμεσός,Αψιού
HELLENIQ RENEWABLES CYPRUS AGIA VARVARA LTD,Ε004707/2025,28/03/2025,27/03/2030,1370,1000,4000,ΑΠΕ,Φωτοβολταϊκό Σύστημα,,Κατασκευής Σταθμού Παραγωγής Ηλεκτρισμού,Εμπορική Χρήση,Λευκωσία,Πάνω Δευτερά
ΦΥΣΙΚΟ ΠΡΟΣΩΠΟ,Ε004706/2025,28/03/2025,27/03/2030,119.34,-,-,ΑΠΕ,Φωτοβολταϊκό Σύστημα,,Κατασκευής Σταθμού Παραγωγής Ηλεκτρισμού,Εμπορική Χρήση,Πάφος,Πέγεια
BP-S 119 LTD,Ε004705/2025,28/03/2025,27/03/2030,500,500,1000,ΑΠΕ,Φωτοβολταϊκό Σύστημα,,Κατασκευής Σταθμού Παραγωγής Ηλεκτρισμού,Εμπορική Χρήση,Λευκωσία,Λύμπια
ΦΥΣΙΚΟ ΠΡΟΣΩΠΟ,Ε004704/2025,28/03/2025,27/03/2030,500,500,500,ΑΠΕ,Φωτοβολταϊκό Σύστημα,,Κατασκευής Σταθμού Παραγωγής Ηλεκτρισμού,Εμπορική Χρήση,Λευκωσία,Αγιοί Τριμιθάς
SUN DANCE CITY LTD,Ε004703/2025,28/03/2025,27/03/2030,446,400,1000,ΑΠΕ,Φωτοβολταϊκό Σύστημα,,Κατασκευής Σταθμού Παραγωγής Ηλεκτρισμού,Εμπορική Χρήση,Αμμόχωστος,Αυγόρου
TREZALO LTD,Ε004702/2025,28/03/2025,27/03/2037,128,-,-,Συμβατικά Καύσιμα,ΜΕΚ,Πετρέλαιο,Κατασκευής - Λειτουργίας,Εφεδρεία,Πάφος,Πέγεια
E. EVANGELOU HOTELS LTD,Ε004701/2025,28/03/2025,27/03/2037,500,-,-,Συμβατικά Καύσιμα,ΜΕΚ,Πετρέλαιο,Κατασκευής - Λειτουργίας,Εφεδρεία,Αμμόχωστος,Παραλίμνι
ΚΕΡΑΜΕΙΟ ΛΗΔΡΑ ΛΤΔ,Ε004700/2025,28/03/2025,27/03/2037,708,-,-,Συμβατικά Καύσιμα,ΜΕΚ,Πετρέλαιο,Κατασκευής - Λειτουργίας,Εφεδρεία,Λευκωσία,Αγία Βαρβάρα
ΑΣΤΥΝΟΜΙΑ ΚΥΠΡΟΥ,Ε004699/2025,28/03/2025,27/03/2037,32,-,-,Συμβατικά Καύσιμα,ΜΕΚ,Πετρέλαιο,Κατασκευής - Λειτουργίας,Εφεδρεία,Λεμεσός,Πισσούρι
ΑΣΤΥΝΟΜΙΑ ΚΥΠΡΟΥ,Ε004698/2025,28/03/2025,27/03/2037,32,-,-,Συμβατικά Καύσιμα,ΜΕΚ,Πετρέλαιο,Κατασκευής - Λειτουργίας,Εφεδρεία,Πάφος,Κούκλια
ΑΣΤΥΝΟΜΙΑ ΚΥΠΡΟΥ,Ε004697/2025,28/03/2025,27/03/2037,80,-,-,Συμβατικά Καύσιμα,ΜΕΚ,Πετρέλαιο,Κατασκευής - Λειτουργίας,Εφεδρεία,Λευκωσία,Αγλαντζιά
ΦΥΣΙΚΟ ΠΡΟΣΩΠΟ,Ε004696/2025,28/03/2025,27/03/2055,119.78,-,-,ΑΠΕ,Φωτοβολταϊκό Σύστημα,,Λειτουργίας Σταθμού Παραγωγής Ηλεκτρισμού,Εμπορική Χρήση,Λάρνακα,Αραδίππου 
BP-S 137 LTD,Ε004695/2025,21/03/2025,20/03/2030,700,700,2800,ΑΠΕ,Φωτοβολταϊκό Σύστημα,,Κατασκευής Σταθμού Παραγωγής Ηλεκτρισμού,Εμπορική Χρήση,Λάρνακα,Ορμήδεια
ΦΥΣΙΚΟ ΠΡΟΣΩΠΟ,Ε004694/2025,21/03/2025,20/03/2030,150,30,450,ΑΠΕ,Φωτοβολταϊκό Σύστημα,,Κατασκευής Σταθμού Παραγωγής Ηλεκτρισμού,Εμπορική Χρήση,Πάφος,Πέγεια
A.CH. DMD FUTURE ENERGY LTD,Ε004693/2025,21/03/2025,20/03/2030,1000,100,3000,ΑΠΕ,Φωτοβολταϊκό Σύστημα,,Κατασκευής Σταθμού Παραγωγής Ηλεκτρισμού,Εμπορική Χρήση,Πάφος,Πέγεια
A.CH. DMD FUTURE ENERGY LTD,Ε004692/2025,21/03/2025,20/03/2030,1000,100,3000,ΑΠΕ,Φωτοβολταϊκό Σύστημα,,Κατασκευής Σταθμού Παραγωγής Ηλεκτρισμού,Εμπορική Χρήση,Πάφος,"Ακάμας, Πέγεια"
BP-S 100 LTD,Ε004691/2025,21/03/2025,20/03/2030,1100,1100,4400,ΑΠΕ,Φωτοβολταϊκό Σύστημα,,Κατασκευής Σταθμού Παραγωγής Ηλεκτρισμού,Εμπορική Χρήση,Αμμόχωστος,Αυγόρου
BP-S 115 LTD,Ε004690/2025,21/03/2025,20/03/2030,1100,1100,4400,ΑΠΕ,Φωτοβολταϊκό Σύστημα,,Κατασκευής Σταθμού Παραγωγής Ηλεκτρισμού,Εμπορική Χρήση,Αμμόχωστος,Σωτήρα
IGVA SOLAR ENERGY LTD,Ε004689/2025,21/03/2025,20/03/2030,4500,3000,3000,ΑΠΕ,Φωτοβολταϊκό Σύστημα,,Κατασκευής Σταθμού Παραγωγής Ηλεκτρισμού,Εμπορική Χρήση,Λευκωσία,Πέρα Ορεινής
PETRONAV MARITIME LTD,Ε004688/2025,21/03/2025,20/03/2037,105,-,-,Συμβατικά Καύσιμα,ΜΕΚ,Πετρέλαιο,Κατασκευής - Λειτουργίας,Εφεδρεία,Λεμεσός,-
S.D.T. IOANNIDES BROS LTD,Ε004687/2025,21/03/2025,20/03/2037,480,-,-,Συμβατικά Καύσιμα,ΜΕΚ,Πετρέλαιο,Κατασκευής - Λειτουργίας,Εφεδρεία,Λευκωσία,Λακατάμια
MICHAELIDES WINERY LTD,Ε004686/2025,21/03/2025,20/03/2037,99.2,-,-,Συμβατικά Καύσιμα,ΜΕΚ,Ντίζελ,Κατασκευής - Λειτουργίας,Εφεδρεία,Λεμεσός,Κοιλάνι
EUROFRESH FRUIT &AMP; VEGETABLES LTD,Ε004685/2025,21/03/2025,20/03/2037,240,-,-,Συμβατικά Καύσιμα,ΜΕΚ,Πετρέλαιο,Κατασκευής - Λειτουργίας,Εφεδρεία,Λευκωσία,Γέρι
TELDAN LTD,Ε004684/2025,21/03/2025,20/03/2037,150,-,-,Συμβατικά Καύσιμα,ΜΕΚ,Πετρέλαιο,Κατασκευής - Λειτουργίας,Εφεδρεία,Πάφος,Χλώρακας
ΕΠΑΡΧΙΑΚΟΣ ΟΡΓΑΝΙΣΜΟΣ ΑΥΤΟΔΙΟΙΚΗΣΗΣ ΛΕΜΕΣΟΥ ,Ε004683/2025,21/03/2025,20/03/2055,220,-,-,ΑΠΕ,Βιοαέριο,Βιοαέριο,Λειτουργίας Σταθμού Παραγωγής Ηλεκτρισμού,Αυτοπαραγωγή/Net-Billing,Λεμεσός,Κάτω Πολεμίδια
BIOLAND PROJECT 67 LTD,Ε004682/2025,21/03/2025,20/03/2055,120,-,-,ΑΠΕ,Φωτοβολταϊκό Σύστημα,,Λειτουργίας Σταθμού Παραγωγής Ηλεκτρισμού,Εμπορική Χρήση,Λεμεσός,Σανίδα 
BIOLAND PROJECT 67 LTD,Ε004681/2025,21/03/2025,20/03/2055,120,-,-,ΑΠΕ,Φωτοβολταϊκό Σύστημα,,Λειτουργίας Σταθμού Παραγωγής Ηλεκτρισμού,Εμπορική Χρήση,Λεμεσός,Σανίδα 
ΔΗΜΟΣ ΑΡΑΔΙΠΠΟΥ,Ε004680/2025,13/03/2025,12/03/2055,2960,-,-,ΑΠΕ,Φωτοβολταϊκό Σύστημα,,Λειτουργίας Σταθμού Παραγωγής Ηλεκτρισμού,Εμπορική Χρήση,Λάρνακα,Αραδίππου 
ΒΙΟΜΗΧΑΝΙΑ ΓΙΑΒΑΣΗΣ ΛΤΔ,Ε004679/2025,13/03/2025,12/03/2037,58,-,-,Συμβατικά Καύσιμα,ΜΕΚ,Πετρέλαιο,Κατασκευής - Λειτουργίας,Εφεδρεία,Λευκωσία,Στρόβολος
ANVER HOLDINGS LTD ,Ε004678/2025,13/03/2025,12/03/2037,250,-,-,Συμβατικά Καύσιμα,ΜΕΚ,Πετρέλαιο,Λειτουργίας Σταθμού Παραγωγής Ηλεκτρισμού,Εφεδρεία,Πάφος,Γεροσκήπου
ΔΗΜΟΣ ΠΟΛΕΜΙΔΙΩΝ,Ε004677/2025,06/03/2025,05/03/2030,5904,1968,10182,ΑΠΕ,Φωτοβολταϊκό Σύστημα,,Κατασκευής Σταθμού Παραγωγής Ηλεκτρισμού,Εμπορική Χρήση,Λεμεσός,Κάτω Πολεμίδια
DAISYRISE VENTURES LTD,Ε004676/2025,06/03/2025,05/03/2030,4500,2000,8400,ΑΠΕ,Φωτοβολταϊκό Σύστημα,,Κατασκευής Σταθμού Παραγωγής Ηλεκτρισμού,Εμπορική Χρήση,Λεμεσός,Ανώγυρα
ΦΥΣΙΚΟ ΠΡΟΣΩΠΟ,Ε004675/2025,27/02/2025,26/02/2030,500,500,500,ΑΠΕ,Φωτοβολταϊκό Σύστημα,,Κατασκευής Σταθμού Παραγωγής Ηλεκτρισμού,Εμπορική Χρήση,Λευκωσία,Αγιοί Τριμιθάς
AGM GREENFIELD LTD,Ε004674/2025,27/02/2025,26/02/2030,1000,1000,4500,ΑΠΕ,Φωτοβολταϊκό Σύστημα,,Κατασκευής Σταθμού Παραγωγής Ηλεκτρισμού,Εμπορική Χρήση,Αμμόχωστος,Φρέναρος
HELIOPEX 5 LTD,Ε004673/2025,27/02/2025,26/02/2030,2800,2800,5000,ΑΠΕ,Φωτοβολταϊκό Σύστημα,,Κατασκευής Σταθμού Παραγωγής Ηλεκτρισμού,Εμπορική Χρήση,Λάρνακα,Πετροφάνι
PHOENIX POWER 4 LTD,Ε004672/2025,27/02/2025,26/02/2030,7500,-,-,ΑΠΕ,Φωτοβολταϊκό Σύστημα,,Κατασκευής Σταθμού Παραγωγής Ηλεκτρισμού,Εμπορική Χρήση,Αμμόχωστος,Άχνα
SVEA SOLAR CYPRUS LTD,Ε004671/2025,21/02/2025,20/02/2030,0,3000,6880,ΑΠΕ,Φωτοβολταϊκό Σύστημα,,Κατασκευής Σταθμού Παραγωγής Ηλεκτρισμού,Εμπορική Χρήση,Λευκωσία,Ανάγια
BP-S 108 LTD,Ε004670/2025,21/02/2025,20/02/2030,400,400,800,ΑΠΕ,Φωτοβολταϊκό Σύστημα,,Κατασκευής Σταθμού Παραγωγής Ηλεκτρισμού,Εμπορική Χρήση,Λάρνακα,Ορμήδεια
BP-S 111 LTD,Ε004669/2025,21/02/2025,20/02/2030,900,900,1800,ΑΠΕ,Φωτοβολταϊκό Σύστημα,,Κατασκευής Σταθμού Παραγωγής Ηλεκτρισμού,Εμπορική Χρήση,Λάρνακα,Αναφωτίδα
ΦΥΣΙΚΟ ΠΡΟΣΩΠΟ,Ε004668/2025,21/02/2025,20/02/2030,1500,-,-,ΑΠΕ,Φωτοβολταϊκό Σύστημα,,Κατασκευής Σταθμού Παραγωγής Ηλεκτρισμού,Εμπορική Χρήση,Λάρνακα,Μαρώνι
DTGS UNITY HOLDINGS LTD,Ε004667/2025,27/02/2025,26/02/2055,119,-,-,ΑΠΕ,Φωτοβολταϊκό Σύστημα,,Λειτουργίας Σταθμού Παραγωγής Ηλεκτρισμού,Εμπορική Χρήση,Πάφος,Περιστερώνα Πάφου 
ΦΥΣΙΚΟ ΠΡΟΣΩΠΟ,Ε004666/2025,21/02/2025,20/02/2055,150,-,-,ΑΠΕ,Φωτοβολταϊκό Σύστημα,,Λειτουργίας Σταθμού Παραγωγής Ηλεκτρισμού,Εμπορική Χρήση,Πάφος,Γεροσκήπου 
NEPHESH LTD,Ε004665/2025,21/02/2025,20/02/2055,1000,-,-,ΑΠΕ,Φωτοβολταϊκό Σύστημα,,Λειτουργίας Σταθμού Παραγωγής Ηλεκτρισμού,Εμπορική Χρήση,Πάφος,Κονιά 
TEKOS RENEWABLE TECHNOLOGIES LTD,Ε004664/2025,14/02/2025,13/02/2055,1940,-,-,ΑΠΕ,Φωτοβολταϊκό Σύστημα,,Λειτουργίας Σταθμού Παραγωγής Ηλεκτρισμού,Εμπορική Χρήση,Λεμεσός,Μοναγρούλι 
VLPG PLANT LTD,Ε004663/2025,10/02/2025,09/02/2037,128,-,-,Συμβατικά Καύσιμα,ΜΕΚ,Πετρέλαιο,Κατασκευής - Λειτουργίας,Εφεδρεία,Λάρνακα,Μαρί-Βασιλικό
VLPG PLANT LTD,Ε004662/2025,10/02/2025,09/02/2037,648,-,-,Συμβατικά Καύσιμα,ΜΕΚ,,Κατασκευής - Λειτουργίας,Εφεδρεία,Λάρνακα,Μαρί-Βασιλικό
ALLTIME TOURIST COMPLEX LTD,Ε004661/2025,10/02/2025,09/02/2037,600,-,-,Συμβατικά Καύσιμα,ΜΕΚ,,Κατασκευής - Λειτουργίας,Εφεδρεία,Λεμεσός,Πύργος
ΠΑΡΑΔΕΙΣΙΩΤΗΣ ΛΤΔ,Ε004660/2025,10/02/2025,09/02/2037,132,-,-,Συμβατικά Καύσιμα,ΜΕΚ,Πετρέλαιο,Κατασκευής - Λειτουργίας,Εφεδρεία,Λάρνακα,Μοσφιλωτή
ΠΑΡΑΔΕΙΣΙΩΤΗΣ ΛΤΔ,Ε004659/2025,10/02/2025,09/02/2037,80,-,-,Συμβατικά Καύσιμα,ΜΕΚ,Πετρέλαιο,Κατασκευής - Λειτουργίας,Εφεδρεία,Λευκωσία,Περιστερώνα
ΠΑΡΑΔΕΙΣΙΩΤΗΣ ΛΤΔ,Ε004658/2025,10/02/2025,09/02/2037,60,-,-,Συμβατικά Καύσιμα,ΜΕΚ,Πετρέλαιο,Κατασκευής - Λειτουργίας,Εφεδρεία,Λάρνακα,Ορά
ΠΑΡΑΔΕΙΣΙΩΤΗΣ ΛΤΔ,Ε004657/2025,10/02/2025,09/02/2037,120,-,-,Συμβατικά Καύσιμα,ΜΕΚ,Πετρέλαιο,Κατασκευής - Λειτουργίας,Εφεδρεία,Λάρνακα,Ορά
ΠΑΡΑΔΕΙΣΙΩΤΗΣ ΛΤΔ ,Ε004656/2025,10/02/2025,09/02/2037,88,-,-,Συμβατικά Καύσιμα,ΜΕΚ,Πετρέλαιο,Κατασκευής - Λειτουργίας,Εφεδρεία,Λάρνακα,Ορά
ΧΡΙΣΤΙΝΑ ΚΩΝΣΤΑΝΤΙΝΟΥ ΛΤΔ,Ε004655/2025,10/02/2025,09/02/2037,50,-,-,Συμβατικά Καύσιμα,ΜΕΚ,Πετρέλαιο,Κατασκευής - Λειτουργίας,Εφεδρεία,Λεμεσός,Πραστιό Αυδήμου
FATTAL HOTEL MANAGEMENT (CYPRUS) LTD,Ε004654/2025,10/02/2025,09/02/2037,800,-,-,Συμβατικά Καύσιμα,ΜΕΚ,Πετρέλαιο,Κατασκευής - Λειτουργίας,Εφεδρεία,Λεμεσός,-
PRIME AREAS DEVELOPERS LTD,Ε004653/2025,10/02/2025,09/02/2037,132,-,-,Συμβατικά Καύσιμα,ΜΕΚ,Πετρέλαιο,Λειτουργίας Σταθμού Παραγωγής Ηλεκτρισμού,Εφεδρεία,Λευκωσία,Ακρόπολης
JOVARAS LTD,Ε004652/2025,10/02/2025,09/02/2037,1000,-,-,Συμβατικά Καύσιμα,ΜΕΚ,Πετρέλαιο,Κατασκευής - Λειτουργίας,Εφεδρεία,Λεμεσός,Γερμασόγεια
ΔΗΜΟΣ ΛΕΥΚΩΣΙΑΣ,Ε004651/2025,10/02/2025,09/02/2037,720,-,-,Συμβατικά Καύσιμα,ΜΕΚ,Πετρέλαιο,Κατασκευής - Λειτουργίας,Εφεδρεία,Λευκωσία,Λευκωσίας
AKECHETA LTD,Ε004650/2025,10/02/2025,09/02/2037,220,-,-,Συμβατικά Καύσιμα,ΜΕΚ,Πετρέλαιο,Κατασκευής - Λειτουργίας,Εφεδρεία,Πάφος,Χλώρακας
ΜΥΛΟΣ ΖΩΟΤΡΟΦΩΝ Ι. ΙΩΑΚΕΙΜ ΛΤΔ,Ε004649/2025,10/02/2025,09/02/2037,723,-,-,Συμβατικά Καύσιμα,ΜΕΚ,Πετρέλαιο,Κατασκευής - Λειτουργίας,Εφεδρεία,Λάρνακα,Δρομολαξιά
ANCHORAGE DEVELOPMENTS LTD,Ε004648/2025,10/02/2025,09/02/2037,280,-,-,Συμβατικά Καύσιμα,ΜΕΚ,Πετρέλαιο,Κατασκευής - Λειτουργίας,Εφεδρεία,Αμμόχωστος,Αγία Νάπα 
Λ &AMP; Κ ΛΟΥΚΑ ΨΥΚΤΙΚΕΣ ΚΑΤΑΣΚΕΥΕΣ ΛΤΔ,Ε004647/2025,10/02/2025,09/02/2037,36,-,-,Συμβατικά Καύσιμα,ΜΕΚ,Πετρέλαιο,Κατασκευής - Λειτουργίας,Εφεδρεία,Λευκωσία,Λύμπια
JPB ENERGY LTD,Ε004646/2025,10/02/2025,09/02/2030,1500,1500,6000,ΑΠΕ,Φωτοβολταϊκό Σύστημα,,Κατασκευής Σταθμού Παραγωγής Ηλεκτρισμού,Εμπορική Χρήση,Λεμεσός,Μοναγρούλι
ΚΑΡΡΟΣΗΣ ΛΤΔ,Ε004645/2025,10/02/2025,09/02/2030,129,-,-,ΑΠΕ,Φωτοβολταϊκό Σύστημα,,Κατασκευής Σταθμού Παραγωγής Ηλεκτρισμού,Εμπορική Χρήση,Πάφος,Λετύμβου
ΑΡΚΙΝΑ (ΑΝΑΝΕΩΣΙΜΕΣ ΠΗΓΕΣ ΕΝΕΡΓΕΙΑΣ) ΛΤΔ,Ε004644/2025,10/02/2025,09/02/2030,67,-,-,ΑΠΕ,Φωτοβολταϊκό Σύστημα,,Κατασκευής Σταθμού Παραγωγής Ηλεκτρισμού,Εμπορική Χρήση,Πάφος,Λετύμβου
ΑΡΚΙΝΑ (ΑΝΑΝΕΩΣΙΜΕΣ ΠΗΓΕΣ ΕΝΕΡΓΕΙΑΣ) ΛΤΔ,Ε004643/2025,10/02/2025,09/02/2030,129,-,-,ΑΠΕ,Φωτοβολταϊκό Σύστημα,,Κατασκευής Σταθμού Παραγωγής Ηλεκτρισμού,Εμπορική Χρήση,Πάφος,Λετύμβου
ΑΡΚΙΝΑ (ΑΝΑΝΕΩΣΙΜΕΣ ΠΗΓΕΣ ΕΝΕΡΓΕΙΑΣ) ΛΤΔ,Ε004642/2025,10/02/2025,09/02/2030,129,-,-,ΑΠΕ,Φωτοβολταϊκό Σύστημα,,Κατασκευής Σταθμού Παραγωγής Ηλεκτρισμού,Εμπορική Χρήση,Πάφος,Λετύμβου
WINVESTPOLIS ENERGY LTD,Ε004641/2025,10/02/2025,09/02/2030,2000,2000,4000,ΑΠΕ,Φωτοβολταϊκό Σύστημα,,Κατασκευής Σταθμού Παραγωγής Ηλεκτρισμού,Εμπορική Χρήση,Λευκωσία,Γέρι
HERMES AIRPORTS LTD,Ε004640/2025,10/02/2025,09/02/2037,120,-,-,Συμβατικά Καύσιμα,ΜΕΚ,Πετρέλαιο,Κατασκευής - Λειτουργίας,Εφεδρεία,Λάρνακα,-
HERMES AIRPORTS LTD,Ε004639/2025,10/02/2025,09/02/2037,205,-,-,Συμβατικά Καύσιμα,ΜΕΚ,Πετρέλαιο,Κατασκευής - Λειτουργίας,Εφεδρεία,Λάρνακα,Λάρνακα
FIVE ROCKS BEACH LTD,Ε004638/2025,10/02/2025,09/02/2037,150,-,-,Συμβατικά Καύσιμα,ΜΕΚ,Πετρέλαιο,Κατασκευής - Λειτουργίας,Εφεδρεία,Πάφος,Κισσόνεργα
S. PETSAS ENERGY LTD,Ε004637/2025,10/02/2025,09/02/2055,862.4,-,-,ΑΠΕ,Φωτοβολταϊκό Σύστημα,,Λειτουργίας Σταθμού Παραγωγής Ηλεκτρισμού,Εμπορική Χρήση,Λευκωσία,Τσέρι 
ΦΥΣΙΚΟ ΠΡΟΣΩΠΟ,Ε004636/2025,21/01/2025,20/01/2055,150,-,-,ΑΠΕ,Φωτοβολταϊκό Σύστημα,,Λειτουργίας Σταθμού Παραγωγής Ηλεκτρισμού,Εμπορική Χρήση,Πάφος,Πολέμι 
VIRTUAL ENERGY NET LTD,Ε004635/2025,10/01/2025,09/01/2030,1000,1000,2000,ΑΠΕ,Φωτοβολταϊκό Σύστημα,,Κατασκευής Σταθμού Παραγωγής Ηλεκτρισμού,Εμπορική Χρήση,Λευκωσία,Τσερίου
 CYRUS SOLAR LTD,Ε004634/2025,10/01/2025,09/01/2030,1510,1500,3000,ΑΠΕ,Φωτοβολταϊκό Σύστημα,,Κατασκευής Σταθμού Παραγωγής Ηλεκτρισμού,Εμπορική Χρήση,Λάρνακα,Αναφωτίδα
CYRUS ENERGY LTD,Ε004633/2025,10/01/2025,09/01/2030,2164,2000,5000,ΑΠΕ,Φωτοβολταϊκό Σύστημα,,Κατασκευής Σταθμού Παραγωγής Ηλεκτρισμού,Εμπορική Χρήση,Λευκωσία,Πέρα
HELLENIQ RENEWABLES CYPRUS AGIA VARVARA LTD,Ε004632/2025,10/01/2025,09/01/2030,2919,450,900,ΑΠΕ,Φωτοβολταϊκό Σύστημα,,Κατασκευής Σταθμού Παραγωγής Ηλεκτρισμού,Εμπορική Χρήση,Λευκωσία,Λινού
HELLENIQ RENEWABLES CYPRUS AGIA VARVARA LTD,Ε004631/2025,10/01/2025,09/01/2030,1995,300,600,ΑΠΕ,Φωτοβολταϊκό Σύστημα,,Κατασκευής Σταθμού Παραγωγής Ηλεκτρισμού,Εμπορική Χρήση,Λευκωσία,Λινού
ΚΑΡΡΟΣΗΣ ΛΤΔ,Ε004630/2025,10/01/2025,09/01/2030,129,-,-,ΑΠΕ,Φωτοβολταϊκό Σύστημα,,Κατασκευής Σταθμού Παραγωγής Ηλεκτρισμού,Εμπορική Χρήση,Πάφος,Λετύμβου
ΚΑΡΡΟΣΗΣ ΛΤΔ,Ε004629/2025,10/01/2025,09/01/2030,129,-,-,ΑΠΕ,Φωτοβολταϊκό Σύστημα,,Κατασκευής Σταθμού Παραγωγής Ηλεκτρισμού,Εμπορική Χρήση,Πάφος,Λετύμβου
ΚΑΡΡΟΣΗΣ ΛΤΔ,Ε004628/2025,10/01/2025,09/01/2030,129,-,-,ΑΠΕ,Φωτοβολταϊκό Σύστημα,,Κατασκευής Σταθμού Παραγωγής Ηλεκτρισμού,Εμπορική Χρήση,Πάφος,Λετύμβου
ΚΑΡΡΟΣΗΣ ΛΤΔ,Ε004627/2025,10/01/2025,09/01/2030,129,-,-,ΑΠΕ,Φωτοβολταϊκό Σύστημα,,Κατασκευής Σταθμού Παραγωγής Ηλεκτρισμού,Εμπορική Χρήση,Πάφος,Λετύμβου
ΚΑΡΡΟΣΗΣ ΛΤΔ,Ε004626/2025,10/01/2025,09/01/2030,129,-,-,ΑΠΕ,Φωτοβολταϊκό Σύστημα,,Κατασκευής Σταθμού Παραγωγής Ηλεκτρισμού,Εμπορική Χρήση,Πάφος,Λετύμβου
ΚΑΡΡΟΣΗΣ ΛΤΔ,Ε004625/2025,10/01/2025,09/01/2030,129,-,-,ΑΠΕ,Φωτοβολταϊκό Σύστημα,,Κατασκευής Σταθμού Παραγωγής Ηλεκτρισμού,Εμπορική Χρήση,Πάφος,Λετύμβου
ΦΥΣΙΚΟ ΠΡΟΣΩΠΟ,Ε004624/2025,10/01/2025,09/01/2030,199.8,119.8,399.6,ΑΠΕ,Φωτοβολταϊκό Σύστημα,,Κατασκευής Σταθμού Παραγωγής Ηλεκτρισμού,Εμπορική Χρήση,Λάρνακα,Αραδίππου
SOLARTECH PARK 3 (I.B) LTD,Ε004623/2025,10/01/2025,09/01/2030,480,3000,3000,ΑΠΕ,Φωτοβολταϊκό Σύστημα,,Κατασκευής Σταθμού Παραγωγής Ηλεκτρισμού,Εμπορική Χρήση,Λευκωσία,Ορούντα
SUN PADIVAN GROUP LTD,Ε004622/2025,20/12/2024,19/12/2029,5331,-,-,ΑΠΕ,Φωτοβολταϊκό Σύστημα,,Κατασκευής Σταθμού Παραγωγής Ηλεκτρισμού,Εμπορική Χρήση,Λάρνακα,Ξυλοτύμπου
SUN PADIVAN GROUP LTD,Ε004621/2025,20/12/2024,19/12/2029,3496,-,-,ΑΠΕ,Φωτοβολταϊκό Σύστημα,,Κατασκευής Σταθμού Παραγωγής Ηλεκτρισμού,Εμπορική Χρήση,Λάρνακα,Ξυλοτύμπου
SUN PADIVAN GROUP LTD,Ε004620/2025,20/12/2024,19/12/2029,2167,-,-,ΑΠΕ,Φωτοβολταϊκό Σύστημα,,Κατασκευής Σταθμού Παραγωγής Ηλεκτρισμού,Εμπορική Χρήση,Λάρνακα,Ξυλοτύμπου
A.M. ODYSSEY SOLAR LTD,Ε004619/2024,20/12/2024,19/12/2054,100,-,-,ΑΠΕ,Φωτοβολταϊκό Σύστημα,,Λειτουργίας Σταθμού Παραγωγής Ηλεκτρισμού,Εμπορική Χρήση,Λευκωσία,Ορούντα
BIOLAND PROJECT 55 LTD,Ε004618/2024,20/12/2024,19/12/2054,999,-,-,ΑΠΕ,Φωτοβολταϊκό Σύστημα,,Λειτουργίας Σταθμού Παραγωγής Ηλεκτρισμού,Εμπορική Χρήση,Λάρνακα,Αραδίππου
K &AMP; K VASILIKON WINERY (KATHIKAS) LTD,Ε004617/2024,13/12/2024,12/12/2026,104,-,-,ΑΠΕ,Φωτοβολταϊκό Σύστημα,,Κατασκευής Σταθμού Παραγωγής Ηλεκτρισμού,Αυτοπαραγωγή/Net-Billing,Πάφος,"Ακάμας, Κάθικας"
NIKOS KKOLIAS SUPERMARKET CO LTD,Ε004616/2024,13/12/2024,12/12/2026,167.91,-,-,ΑΠΕ,Φωτοβολταϊκό Σύστημα,,Κατασκευής Σταθμού Παραγωγής Ηλεκτρισμού,Αυτοπαραγωγή/Net-Billing,Λευκωσία,Λακατάμια
HELIOPEX 5 LTD,Ε004615/2024,06/12/2024,05/12/2029,8000,8000,14000,ΑΠΕ,Φωτοβολταϊκό Σύστημα,,Κατασκευής Σταθμού Παραγωγής Ηλεκτρισμού,Εμπορική Χρήση,Λάρνακα,Αθηαίνου
IACOVOU PV PARK 1 LTD,Ε004614/2024,06/12/2024,05/12/2029,4000,-,-,ΑΠΕ,Φωτοβολταϊκό Σύστημα,,Κατασκευής Σταθμού Παραγωγής Ηλεκτρισμού,Εμπορική Χρήση,Λάρνακα,Λεύκαρα-Κόρνο
S.S.H. SOLAR ENERGY PLUS LTD,Ε004613/2024,06/12/2024,05/12/2029,1800,-,-,ΑΠΕ,Φωτοβολταϊκό Σύστημα,,Κατασκευής Σταθμού Παραγωγής Ηλεκτρισμού,Εμπορική Χρήση,Λευκωσία,Γέρι
TEKOS RENEWABLE TECHNOLOGIES LTD,Ε004612/2024,06/12/2024,05/12/2029,1250,-,-,ΑΠΕ,Φωτοβολταϊκό Σύστημα,,Κατασκευής Σταθμού Παραγωγής Ηλεκτρισμού,Εμπορική Χρήση,Λεμεσός,Μοναγρούλι
S.H. VETERINARY SERVICES LTD,Ε004610/2024,06/12/2024,05/12/2026,100,-,-,ΑΠΕ,Φωτοβολταϊκό Σύστημα,,Κατασκευής Σταθμού Παραγωγής Ηλεκτρισμού,Αυτοπαραγωγή/Net-Billing,Λεμεσός,Παραμύθα
ΜΙΧΑΛΗΣ Μ. ΣΑΒΒΑ &AMP; ΥΙΟΙ (ΒΑΦΕΣ ΑΥΤΟΚΙΝΗΤΩΝ) ΛΤΔ,Ε004609/2024,06/12/2024,05/12/2026,54.88,-,-,ΑΠΕ,Φωτοβολταϊκό Σύστημα,,Κατασκευής Σταθμού Παραγωγής Ηλεκτρισμού,Αυτοπαραγωγή/Net-Billing,Λεμεσός,Μέσα Γειτονιά
D &AMP; A CHARALAMBOUS FOODSTUFF SUPPLIERS LTD,Ε004608/2024,06/12/2024,05/12/2054,216,-,-,ΑΠΕ,Φωτοβολταϊκό Σύστημα,,Λειτουργίας Σταθμού Παραγωγής Ηλεκτρισμού,Αυτοπαραγωγή/Net-Billing,Πάφος,Κονιά
AVISSINOS PHOTOVOLTAIC PARK LTD,Ε004607/2024,06/12/2024,05/12/2054,150,-,-,ΑΠΕ,Φωτοβολταϊκό Σύστημα,,Λειτουργίας Σταθμού Παραγωγής Ηλεκτρισμού,Εμπορική Χρήση,Λευκωσία,Μαργί 
ΦΥΣΙΚΟ ΠΡΟΣΩΠΟ,Ε004606/2024,29/11/2024,28/11/2029,1080,-,-,ΑΠΕ,Φωτοβολταϊκό Σύστημα,,Κατασκευής Σταθμού Παραγωγής Ηλεκτρισμού,Εμπορική Χρήση,Λεμεσός,Πάχνα
BP-S 152 LTD,Ε004605/2024,29/11/2024,28/11/2029,4000,4000,8000,ΑΠΕ,Φωτοβολταϊκό Σύστημα,,Κατασκευής Σταθμού Παραγωγής Ηλεκτρισμού,Εμπορική Χρήση,Λάρνακα,Άγιος Θεόδωρος
PHOENIX POWER 5 LTD,Ε004604/2024,29/11/2024,28/11/2029,3700,-,-,ΑΠΕ,Φωτοβολταϊκό Σύστημα,,Κατασκευής Σταθμού Παραγωγής Ηλεκτρισμού,Εμπορική Χρήση,Λάρνακα,Ορμήδεια
ΑΡΤΟΠΟΙΕΙΑ Α.Ε ΠΑΠΑΔΟΠΟΥΛΛΟΥ &AMP; ΥΙΟΙ ΛΤΔ,Ε004603/2024,29/11/2024,28/11/2036,84.8,-,-,Συμβατικά Καύσιμα,ΜΕΚ,Πετρέλαιο,Κατασκευής - Λειτουργίας,Εφεδρεία,Λευκωσία,Αλάμπρα
SUPERHOME CENTER (DIY) LTD,Ε004602/2024,29/11/2024,28/11/2036,360,-,-,Συμβατικά Καύσιμα,ΜΕΚ,Πετρέλαιο,Κατασκευής - Λειτουργίας,Εφεδρεία,Πάφος,Πάφος
SUPERHOME CENTER (DIY) LTD,Ε004601/2024,29/11/2024,28/11/2036,320,-,-,Συμβατικά Καύσιμα,ΜΕΚ,Πετρέλαιο,Κατασκευής - Λειτουργίας,Εφεδρεία,Λάρνακα,-
SUPERHOME CENTER (DIY) LTD,Ε004600/2024,29/11/2024,28/11/2036,350,-,-,Συμβατικά Καύσιμα,ΜΕΚ,Πετρέλαιο,Κατασκευής - Λειτουργίας,Εφεδρεία,Λευκωσία,Λακατάμια
SUPERHOME CENTER (DIY) LTD,Ε004599/2024,29/11/2024,28/11/2036,400,-,-,Συμβατικά Καύσιμα,ΜΕΚ,Πετρέλαιο,Κατασκευής - Λειτουργίας,Εφεδρεία,Λευκωσία,Στρόβολος
NEOCHROM LTD,Ε004598/2024,29/11/2024,28/11/2036,120,-,-,Συμβατικά Καύσιμα,ΜΕΚ,Πετρέλαιο,Κατασκευής - Λειτουργίας,Εφεδρεία,Λεμεσός,Παραμύθα
PEAGA ESTATES (LEMESOS) LTD,Ε004597/2024,29/11/2024,28/11/2036,810,-,-,Συμβατικά Καύσιμα,ΜΕΚ,Πετρέλαιο,Κατασκευής - Λειτουργίας,Εφεδρεία,Λεμεσός,-
AUB LTD,Ε004596/2024,29/11/2024,28/11/2036,564,-,-,Συμβατικά Καύσιμα,ΜΕΚ,,Κατασκευής - Λειτουργίας,Εφεδρεία,Πάφος,Πάφος
SANDY BEACH HOTEL LARNACA,Ε004595/2024,29/11/2024,28/11/2036,120,-,-,Συμβατικά Καύσιμα,ΜΕΚ,Πετρέλαιο,Κατασκευής - Λειτουργίας,Εφεδρεία,Λάρνακα,Πύλα
KROLO HOLDINGS LTD,Ε004594/2024,29/11/2024,28/11/2036,442,-,-,Συμβατικά Καύσιμα,ΜΕΚ,Πετρέλαιο,Κατασκευής - Λειτουργίας,Εφεδρεία,Πάφος,Αχέλεια 
PETROU BROS DAIRY PRODUCTS LTD,Ε004593/2024,26/11/2024,25/11/2054,549,-,-,ΑΠΕ,Φωτοβολταϊκό Σύστημα,,Λειτουργίας Σταθμού Παραγωγής Ηλεκτρισμού,Αυτοπαραγωγή/Net-Billing,Λάρνακα,Αραδίππου 
HELLENIQ RENEWABLES CYPRUS AGIA VARVARA LTD,Ε004592/2024,13/11/2024,12/11/2029,5070,5000,10000,ΑΠΕ,Φωτοβολταϊκό Σύστημα,,Κατασκευής Σταθμού Παραγωγής Ηλεκτρισμού,Εμπορική Χρήση,Λευκωσία,Ποταμιά
HELLENIQ RENEWABLES CYPRUS AGIA VARVARA LTD,Ε004591/2024,13/11/2024,12/11/2029,1700,2000,4000,ΑΠΕ,Φωτοβολταϊκό Σύστημα,,Κατασκευής Σταθμού Παραγωγής Ηλεκτρισμού,Εμπορική Χρήση,Λευκωσία,Ποταμιά
HELLENIQ RENEWABLES CYPRUS AGIA VARVARA LTD,Ε004590/2024,13/11/2024,12/11/2029,6720,7000,14000,ΑΠΕ,Φωτοβολταϊκό Σύστημα,,Κατασκευής Σταθμού Παραγωγής Ηλεκτρισμού,Εμπορική Χρήση,Λευκωσία,Ποταμιά
ΤΜΗΜΑ ΑΝΑΠΤΥΞΕΩΣ ΥΔΑΤΩΝ,Ε004589/2024,13/11/2024,12/11/2026,866,-,-,ΑΠΕ,Φωτοβολταϊκό Σύστημα,,Κατασκευής Σταθμού Παραγωγής Ηλεκτρισμού,Αυτοπαραγωγή/Net-Billing,Λάρνακα,Κλαυδιά
ΤΜΗΜΑ ΑΝΑΠΤΥΞΕΩΣ ΥΔΑΤΩΝ,Ε004588/2024,13/11/2024,12/11/2026,271.2,-,-,ΑΠΕ,Φωτοβολταϊκό Σύστημα,,Κατασκευής Σταθμού Παραγωγής Ηλεκτρισμού,Αυτοπαραγωγή/Net-Billing,Πάφος,Ασπρόγια
ΤΜΗΜΑ ΑΝΑΠΤΥΞΕΩΣ ΥΔΑΤΩΝ,Ε004587/2024,13/11/2024,12/11/2026,585,-,-,ΑΠΕ,Φωτοβολταϊκό Σύστημα,,Κατασκευής Σταθμού Παραγωγής Ηλεκτρισμού,Αυτοπαραγωγή/Net-Billing,Πάφος,Αναρίτα
ΠΑΝΕΠΙΣΤΗΜΙΟ ΚΥΠΡΟΥ,Ε004585/2024,13/11/2024,12/11/2026,112,-,-,ΑΠΕ,Φωτοβολταϊκό Σύστημα,,Κατασκευής Σταθμού Παραγωγής Ηλεκτρισμού,Αυτοπαραγωγή/Net-Billing,Λευκωσία,Αγλαντζιά
ΤΜΗΜΑ ΑΝΑΠΤΥΞΕΩΣ ΥΔΑΤΩΝ,Ε004584/2024,13/11/2024,12/11/2026,297.6,-,-,ΑΠΕ,Φωτοβολταϊκό Σύστημα,,Κατασκευής Σταθμού Παραγωγής Ηλεκτρισμού,Αυτοπαραγωγή/Net-Billing,Λεμεσός,Ενορία Αγίας Φύλας
ΤΜΗΜΑ ΑΝΑΠΤΥΞΕΩΣ ΥΔΑΤΩΝ,Ε004583/2024,13/11/2024,12/11/2026,267,-,-,ΑΠΕ,Φωτοβολταϊκό Σύστημα,,Κατασκευής Σταθμού Παραγωγής Ηλεκτρισμού,Αυτοπαραγωγή/Net-Billing,Λάρνακα,Κόρνος
ΤΜΗΜΑ ΑΝΑΠΤΥΞΕΩΣ ΥΔΑΤΩΝ,Ε004582/2024,13/11/2024,12/11/2026,198,-,-,ΑΠΕ,Φωτοβολταϊκό Σύστημα,,Κατασκευής Σταθμού Παραγωγής Ηλεκτρισμού,Αυτοπαραγωγή/Net-Billing,Αμμόχωστος,Φρέναρος
BIOLAND PROJECT 38 LTD,Ε004581/2024,08/11/2024,07/11/2054,700,-,-,ΑΠΕ,Φωτοβολταϊκό Σύστημα,,Λειτουργίας Σταθμού Παραγωγής Ηλεκτρισμού,Εμπορική Χρήση,Αμμόχωστος,Άχνα 
TZOPAN INVESTMENTS LTD,Ε004580/2024,01/11/2024,31/10/2029,1087,1000,2000,ΑΠΕ,Φωτοβολταϊκό Σύστημα,,Κατασκευής Σταθμού Παραγωγής Ηλεκτρισμού,Εμπορική Χρήση,Λευκωσία,Πέρα
4F SOLAR ENERGY LTD,Ε004579/2024,01/11/2024,31/10/2029,1506,1500,3000,ΑΠΕ,Φωτοβολταϊκό Σύστημα,,Κατασκευής Σταθμού Παραγωγής Ηλεκτρισμού,Εμπορική Χρήση,Λευκωσία,Αγιοί Τριμιθιάς
SUN PADIVAN GROUP LTD,Ε004578/2024,01/11/2024,31/10/2029,3169,-,-,ΑΠΕ,Φωτοβολταϊκό Σύστημα,,Κατασκευής Σταθμού Παραγωγής Ηλεκτρισμού,Εμπορική Χρήση,Λάρνακα,Ξυλοτύμπου
S.S.H. SOLAR ENERGY 01 LTD,Ε004577/2024,01/11/2024,31/10/2029,1999,2032,2032,ΑΠΕ,Φωτοβολταϊκό Σύστημα,,Κατασκευής Σταθμού Παραγωγής Ηλεκτρισμού,Εμπορική Χρήση,Λεμεσός,Γεράσα
SUBARROW INVESTMENTS LTD,Ε004576/2024,01/11/2024,31/10/2029,2600,-,-,ΑΠΕ,Φωτοβολταϊκό Σύστημα,,Κατασκευής Σταθμού Παραγωγής Ηλεκτρισμού,Εμπορική Χρήση,Λάρνακα,Άγιος Θεόδωρος
GALBENITA LTD,Ε004575/2024,01/11/2024,31/10/2029,6050,6000,15000,ΑΠΕ,Φωτοβολταϊκό Σύστημα,,Κατασκευής Σταθμού Παραγωγής Ηλεκτρισμού,Εμπορική Χρήση,Λάρνακα,Αβδελερό
BP-S 133 LTD,Ε004574/2024,17/10/2024,16/10/2029,2500,2500,5000,ΑΠΕ,Φωτοβολταϊκό Σύστημα,,Κατασκευής Σταθμού Παραγωγής Ηλεκτρισμού,Εμπορική Χρήση,Πάφος,Στρουμπί
S.S.H. IDALIUM SOLAR ENERGY LTD,Ε004573/2024,17/10/2024,16/10/2029,0,1300,3000,ΑΠΕ,Φωτοβολταϊκό Σύστημα,,Κατασκευής Σταθμού Παραγωγής Ηλεκτρισμού,Εμπορική Χρήση,Λευκωσία,Δάλι
S.S.H. ARKOSYKIA SOLAR ENERGY LTD,Ε004572/2024,17/10/2024,16/10/2029,0,3500,14000,ΑΠΕ,Φωτοβολταϊκό Σύστημα,,Κατασκευής Σταθμού Παραγωγής Ηλεκτρισμού,Εμπορική Χρήση,Λευκωσία,Δάλι
ΦΥΣΙΚΟ ΠΡΟΣΩΠΟ,Ε004571/2024,17/10/2024,16/10/2029,150,30,450,ΑΠΕ,Φωτοβολταϊκό Σύστημα,,Κατασκευής Σταθμού Παραγωγής Ηλεκτρισμού,Εμπορική Χρήση,Πάφος,Δρούσεια
ΦΥΣΙΚΟ ΠΡΟΣΩΠΟ,Ε004570/2024,17/10/2024,16/10/2029,150,30,450,ΑΠΕ,Φωτοβολταϊκό Σύστημα,,Κατασκευής Σταθμού Παραγωγής Ηλεκτρισμού,Εμπορική Χρήση,Λεμεσός,Απεσιά
SUNREA ENERGY 4 LTD,Ε004569/2024,17/10/2024,16/10/2029,750,-,-,ΑΠΕ,Φωτοβολταϊκό Σύστημα,,Κατασκευής Σταθμού Παραγωγής Ηλεκτρισμού,Εμπορική Χρήση,Λάρνακα,Λιβάδια
SUN PADIVAN GROUP LTD,Ε004568/2024,17/10/2024,16/10/2029,1175,-,-,ΑΠΕ,Φωτοβολταϊκό Σύστημα,,Κατασκευής Σταθμού Παραγωγής Ηλεκτρισμού,Εμπορική Χρήση,Λάρνακα,Ξυλοτύμπου
HELIOPEX 4 LTD,Ε004567/2024,17/10/2024,16/10/2029,1430,500,1000,ΑΠΕ,Φωτοβολταϊκό Σύστημα,,Κατασκευής Σταθμού Παραγωγής Ηλεκτρισμού,Εμπορική Χρήση,Λάρνακα,Αβδελερό
IVSMM ENERGY LTD,Ε004566/2024,17/10/2024,16/10/2029,4600,850,1700,ΑΠΕ,Φωτοβολταϊκό Σύστημα,,Κατασκευής Σταθμού Παραγωγής Ηλεκτρισμού,Εμπορική Χρήση,Λάρνακα,Αθηαίνου
R.E. SUN SUSTAIN LTD,Ε004565/2024,17/10/2024,16/10/2029,2000,1000,2000,ΑΠΕ,Φωτοβολταϊκό Σύστημα,,Κατασκευής Σταθμού Παραγωγής Ηλεκτρισμού,Εμπορική Χρήση,Λάρνακα,Ξυλοτύμπου
R.E. ECO EMPORIO LTD,Ε004564/2024,17/10/2024,16/10/2029,4000,2000,4000,ΑΠΕ,Φωτοβολταϊκό Σύστημα,,Κατασκευής Σταθμού Παραγωγής Ηλεκτρισμού,Εμπορική Χρήση,Λάρνακα,Ξυλοτύμπου
ERGO ENERGY PV PARKS LTD,Ε004563/2024,17/10/2024,16/10/2029,8000,2500,5000,ΑΠΕ,Φωτοβολταϊκό Σύστημα,,Κατασκευής Σταθμού Παραγωγής Ηλεκτρισμού,Εμπορική Χρήση,Λεμεσός,Πισσούρι
CYFIELD ENGINEERING AND CONTRACTING PUBLIC LTD,Ε004562/2024,17/10/2024,16/10/2054,500,-,-,ΑΠΕ,Φωτοβολταϊκό Σύστημα,,Λειτουργίας Σταθμού Παραγωγής Ηλεκτρισμού,Αυτοπαραγωγή/Net-Billing,Αμμόχωστος,Άχνα 
 BP-S 113 LTD,Ε004561/2024,11/10/2024,10/10/2029,3500,3500,7000,ΑΠΕ,Φωτοβολταϊκό Σύστημα,,Κατασκευής Σταθμού Παραγωγής Ηλεκτρισμού,Εμπορική Χρήση,Λάρνακα,Πετροφάνι
BP-S 113 LTD,Ε004560/2024,11/10/2024,10/10/2029,2300,2300,4600,ΑΠΕ,Φωτοβολταϊκό Σύστημα,,Κατασκευής Σταθμού Παραγωγής Ηλεκτρισμού,Εμπορική Χρήση,Λάρνακα,Πετροφάνι
A.CH. DMD FUTURE ENERGY LTD,Ε004559/2024,11/10/2024,10/10/2029,1000,100,3000,ΑΠΕ,Φωτοβολταϊκό Σύστημα,,Κατασκευής Σταθμού Παραγωγής Ηλεκτρισμού,Εμπορική Χρήση,Πάφος,Μηλιά Πάφου
SOLARGEN 2 LTD,Ε004558/2024,11/10/2024,10/10/2029,0,1000,4000,ΑΠΕ,Φωτοβολταϊκό Σύστημα,,Κατασκευής Σταθμού Παραγωγής Ηλεκτρισμού,Εμπορική Χρήση,Λάρνακα,Ψευδάς 
BP-S 151 LTD,Ε004557/2024,11/10/2024,10/10/2029,2700,2700,5400,ΑΠΕ,Φωτοβολταϊκό Σύστημα,,Κατασκευής Σταθμού Παραγωγής Ηλεκτρισμού,Εμπορική Χρήση,Λευκωσία,Γέρι
BP-S 151 LTD,Ε004556/2024,11/10/2024,10/10/2029,500,500,1000,ΑΠΕ,Φωτοβολταϊκό Σύστημα,,Κατασκευής Σταθμού Παραγωγής Ηλεκτρισμού,Εμπορική Χρήση,Λευκωσία,Γέρι
K&AMP;L SOLAR ENERGY LTD ,Ε004555/2024,11/10/2024,10/10/2029,679,-,-,ΑΠΕ,Φωτοβολταϊκό Σύστημα,,Κατασκευής Σταθμού Παραγωγής Ηλεκτρισμού,Εμπορική Χρήση,Πάφος,Μαραθούντα
MAGICAL SUNSETS (CYPRUS) LTD,Ε004554/2024,11/10/2024,10/10/2029,800,600,2400,ΑΠΕ,Φωτοβολταϊκό Σύστημα,,Κατασκευής Σταθμού Παραγωγής Ηλεκτρισμού,Εμπορική Χρήση,Λάρνακα,Κιβισίλι
N &AMP; R SOLAR LTD ,Ε004553/2024,11/10/2024,10/10/2029,1395,-,-,ΑΠΕ,Φωτοβολταϊκό Σύστημα,,Κατασκευής Σταθμού Παραγωγής Ηλεκτρισμού,Εμπορική Χρήση,Λεμεσός,Άγιος Θεράπων 
PALMANOVA ENERGY LTD,Ε004552/2024,11/10/2024,10/10/2029,2000,2000,4000,ΑΠΕ,Φωτοβολταϊκό Σύστημα,,Κατασκευής Σταθμού Παραγωγής Ηλεκτρισμού,Εμπορική Χρήση,Λευκωσία,Τσερίου
ΧΡΙΣΤΑΚΗΣ ΔΟΥΛΑΠΠΑΣ,Ε004551/2024,11/10/2024,10/10/2029,115.64,-,-,ΑΠΕ,Φωτοβολταϊκό Σύστημα,,Κατασκευής Σταθμού Παραγωγής Ηλεκτρισμού,Εμπορική Χρήση,Λευκωσία,Ορούντα
SOLAR FLOW ENERGY LTD,Ε004550/2024,11/10/2024,10/10/2029,2700,2000,8000,ΑΠΕ,Φωτοβολταϊκό Σύστημα,,Κατασκευής Σταθμού Παραγωγής Ηλεκτρισμού,Εμπορική Χρήση,Λεμεσός,Μοναγρούλλι
SOLAR FLOW ENERGY LTD,Ε004549/2024,11/10/2024,10/10/2029,6500,4500,18000,ΑΠΕ,Φωτοβολταϊκό Σύστημα,,Κατασκευής Σταθμού Παραγωγής Ηλεκτρισμού,Εμπορική Χρήση,Λεμεσός,Μοναγρούλι
BP-S 140 LTD,Ε004548/2024,11/10/2024,10/10/2029,4000,4000,8000,ΑΠΕ,Φωτοβολταϊκό Σύστημα,,Κατασκευής Σταθμού Παραγωγής Ηλεκτρισμού,Εμπορική Χρήση,Λάρνακα,Ξυλοτύμπου
ΑΡΧΗ ΗΛΕΚΤΡΙΣΜΟΥ ΚΥΠΡΟΥ,Ε004547/2024,11/10/2024,10/10/2054,5000,-,-,ΑΠΕ,Φωτοβολταϊκό Σύστημα,,Λειτουργίας Σταθμού Παραγωγής Ηλεκτρισμού,Εμπορική Χρήση,Λευκωσία,Άγιος Ιωάννης 
ΑΡΧΗ ΗΛΕΚΤΡΙΣΜΟΥ ΚΥΠΡΟΥ,Ε004546/2024,11/10/2024,10/10/2054,3000,-,-,ΑΠΕ,Φωτοβολταϊκό Σύστημα,,Λειτουργίας Σταθμού Παραγωγής Ηλεκτρισμού,Εμπορική Χρήση,Λευκωσία,Άγιος Ιωάννης 
ΦΥΣΙΚΟ ΠΡΟΣΩΠΟ,Ε004545/2024,11/10/2024,10/10/2054,119.9,-,-,ΑΠΕ,Φωτοβολταϊκό Σύστημα,,Λειτουργίας Σταθμού Παραγωγής Ηλεκτρισμού,Εμπορική Χρήση,Λάρνακα,Αραδίππου 
VEMARIA ENTERPRISES LTD,Ε004544/2024,11/10/2024,10/10/2054,3000,-,-,ΑΠΕ,Φωτοβολταϊκό Σύστημα,,Λειτουργίας Σταθμού Παραγωγής Ηλεκτρισμού,Εμπορική Χρήση,Λευκωσία,Άγιος Ιωάννης 
VEMARIA ENTERPRISES LTD,Ε004543/2024,11/10/2024,10/10/2054,5000,-,-,ΑΠΕ,Φωτοβολταϊκό Σύστημα,,Λειτουργίας Σταθμού Παραγωγής Ηλεκτρισμού,Εμπορική Χρήση,Λευκωσία,Άγιος Ιωάννης 
ΤΥΡΟΚΟΜΕΙΟ ΑΔΕΛΦΟΙ ΠΑΝΤΖΙΑΡΟΥ ΛΤΔ,Ε004542/2024,30/09/2024,29/09/2036,264,-,-,Συμβατικά Καύσιμα,ΜΕΚ,Πετρέλαιο,Κατασκευής - Λειτουργίας,Εφεδρεία,Λάρνακα,Αθηαίνου
F.C.G. FIRST CHOICE GROUP LTD,Ε004541/2024,30/09/2024,29/09/2036,48,-,-,Συμβατικά Καύσιμα,ΜΕΚ,Πετρέλαιο,Κατασκευής - Λειτουργίας,Εφεδρεία,Λάρνακα,Καλό Χωριό Λάρνακας
JOVARAS LTD,Ε004540/2024,30/09/2024,29/09/2036,400,-,-,Συμβατικά Καύσιμα,ΜΕΚ,Πετρέλαιο,Κατασκευής - Λειτουργίας,Εφεδρεία,Λεμεσός,Γερμασόγεια
ΑΝΔΡΕΑΣ &AMP; ΓΕΩΡΓΙΟΣ ΠΕΤΡΟΥ ΛΤΔ,Ε004539/2024,30/09/2024,29/09/2036,352,-,-,Συμβατικά Καύσιμα,ΜΕΚ,Πετρέλαιο,Κατασκευής - Λειτουργίας,Εφεδρεία,Λάρνακα,Αραδίππου
DANISPY PROPERTIES LTD,Ε004538/2024,30/09/2024,29/09/2036,132,-,-,Συμβατικά Καύσιμα,ΜΕΚ,Πετρέλαιο,Κατασκευής - Λειτουργίας,Εφεδρεία,Λεμεσός,Γερμασόγεια 
BOUTIQUE BEVERAGES BOTTLING INTERNATIONAL LTD,Ε004537/2024,30/09/2024,29/09/2036,265,-,-,Συμβατικά Καύσιμα,ΜΕΚ,Πετρέλαιο,Κατασκευής - Λειτουργίας,Εφεδρεία,Λεμεσός,Ύψωνα
CHRISTODOULIDES BROTHERS LTD,Ε004536/2024,30/09/2024,29/09/2036,104,-,-,Συμβατικά Καύσιμα,ΜΕΚ,Πετρέλαιο,Κατασκευής - Λειτουργίας,Εφεδρεία,Λευκωσία,Λατσιά
BP-S 121 LTD,Ε004535/2024,30/09/2024,29/09/2029,3000,3000,6000,ΑΠΕ,Φωτοβολταϊκό Σύστημα,,Κατασκευής Σταθμού Παραγωγής Ηλεκτρισμού,Εμπορική Χρήση,Λάρνακα,Αθηένου
MZEO LTD,Ε004534/2024,30/09/2024,29/09/2029,5500,-,-,ΑΠΕ,Φωτοβολταϊκό Σύστημα,,Κατασκευής Σταθμού Παραγωγής Ηλεκτρισμού,Εμπορική Χρήση,Λευκωσία,Άγιος Σοζώμενος
ΦΥΣΙΚΟ ΠΡΟΣΩΠΟ,Ε004533/2024,30/09/2024,29/09/2029,149.99,-,-,ΑΠΕ,Φωτοβολταϊκό Σύστημα,,Κατασκευής Σταθμού Παραγωγής Ηλεκτρισμού,Εμπορική Χρήση,Λευκωσία,Κλήρου
BP-S 139 LTD ,Ε004532/2024,30/09/2024,29/09/2029,3300,3300,6600,ΑΠΕ,Φωτοβολταϊκό Σύστημα,,Κατασκευής Σταθμού Παραγωγής Ηλεκτρισμού,Εμπορική Χρήση,Λεμεσός,Πάχνα
BP-S 138 LTD,Ε004531/2024,30/09/2024,29/09/2029,1500,1500,3000,ΑΠΕ,Φωτοβολταϊκό Σύστημα,,Κατασκευής Σταθμού Παραγωγής Ηλεκτρισμού,Εμπορική Χρήση,Πάφος,Θρινιά
BP-S 137 LTD,Ε004530/2024,30/09/2024,29/09/2029,4000,4000,8000,ΑΠΕ,Φωτοβολταϊκό Σύστημα,,Κατασκευής Σταθμού Παραγωγής Ηλεκτρισμού,Εμπορική Χρήση,Λάρνακα,Ορμήδεια
BP-S 136 LTD ,Ε004529/2024,30/09/2024,29/09/2029,1200,1200,2400,ΑΠΕ,Φωτοβολταϊκό Σύστημα,,Κατασκευής Σταθμού Παραγωγής Ηλεκτρισμού,Εμπορική Χρήση,Λάρνακα,Αθηένου
ΔΙΑΥΛΟΣ ΕΠΙΧΕΙΡΗΣΕΙΣ ΠΛΗΡΟΦΟΡΗΣΗΣ ΛΤΔ,Ε004527/2024,30/09/2024,29/09/2026,87,-,-,ΑΠΕ,Φωτοβολταϊκό Σύστημα,,Κατασκευής Σταθμού Παραγωγής Ηλεκτρισμού,Αυτοπαραγωγή/Net-Billing,Λεμεσός,Τριμήκληνη
ΧΡΙΣΤΟΦΟΡΟΣ ΤΟΥΜΑΖΟΣ,Ε004526/2024,20/09/2024,19/09/2054,119,-,-,ΑΠΕ,Φωτοβολταϊκό Σύστημα,,Λειτουργίας Σταθμού Παραγωγής Ηλεκτρισμού,Εμπορική Χρήση,Πάφος,Τίμη
BIOLAND PROJECT 89 LTD,Ε004525/2024,20/09/2024,19/09/2029,400,400,800,ΑΠΕ,Φωτοβολταϊκό Σύστημα,,Κατασκευής Σταθμού Παραγωγής Ηλεκτρισμού,Εμπορική Χρήση,Λάρνακα,Τόχνη
BP-S 138 LTD,Ε004524/2024,20/09/2024,19/09/2029,1500,1500,3000,ΑΠΕ,Φωτοβολταϊκό Σύστημα,,Κατασκευής Σταθμού Παραγωγής Ηλεκτρισμού,Εμπορική Χρήση,Πάφος,Θελέτρα
BP-S 136 LTD,Ε004523/2024,20/09/2024,19/09/2029,500,500,1000,ΑΠΕ,Φωτοβολταϊκό Σύστημα,,Κατασκευής Σταθμού Παραγωγής Ηλεκτρισμού,Εμπορική Χρήση,Λάρνακα,Τρούλλοι
Ο. Κ. ΥΠ. Υ.,Ε004522/2024,20/09/2024,19/09/2036,1300,-,-,ΑΠΕ,Φωτοβολταϊκό Σύστημα,,Λειτουργίας Σταθμού Παραγωγής Ηλεκτρισμού,Αυτοπαραγωγή/Net-Billing,Λευκωσία,Στρόβολος 
BP-S 134 LTD,Ε004521/2024,13/09/2024,12/09/2029,1000,1000,2000,ΑΠΕ,Φωτοβολταϊκό Σύστημα,,Κατασκευής Σταθμού Παραγωγής Ηλεκτρισμού,Εμπορική Χρήση,Λάρνακα,Αγγλισίδες
BP-S 133 LTD,Ε004520/2024,13/09/2024,12/09/2029,2000,2000,4000,ΑΠΕ,Φωτοβολταϊκό Σύστημα,,Κατασκευής Σταθμού Παραγωγής Ηλεκτρισμού,Εμπορική Χρήση,Πάφος,Στρουμπί
BP-S 131 LTD,Ε004519/2024,13/09/2024,12/09/2029,2600,2600,5200,ΑΠΕ,Φωτοβολταϊκό Σύστημα,,Κατασκευής Σταθμού Παραγωγής Ηλεκτρισμού,Εμπορική Χρήση,Πάφος,Θρινιά
BP-S 131 LTD,Ε004518/2024,13/09/2024,12/09/2029,600,600,1200,ΑΠΕ,Φωτοβολταϊκό Σύστημα,,Κατασκευής Σταθμού Παραγωγής Ηλεκτρισμού,Εμπορική Χρήση,Πάφος,Φυτή
BP-S 131 LTD,Ε004517/2024,13/09/2024,12/09/2029,700,700,1400,ΑΠΕ,Φωτοβολταϊκό Σύστημα,,Κατασκευής Σταθμού Παραγωγής Ηλεκτρισμού,Εμπορική Χρήση,Πάφος,Στρουμπί
ΦΥΣΙΚΟ ΠΡΟΣΩΠΟ,Ε004516/2024,13/09/2024,12/09/2029,150,-,-,ΑΠΕ,Φωτοβολταϊκό Σύστημα,,Κατασκευής Σταθμού Παραγωγής Ηλεκτρισμού,Εμπορική Χρήση,Πάφος,Κισσόνεργα
S.S.H. ARKOSYKIA SOLAR ENERGY LTD,Ε004514/2024,13/09/2024,12/09/2029,499,-,-,ΑΠΕ,Φωτοβολταϊκό Σύστημα,,Κατασκευής Σταθμού Παραγωγής Ηλεκτρισμού,Εμπορική Χρήση,Λευκωσία,Ιδαλίου
BP-S 127 LTD,Ε004513/2024,13/09/2024,12/09/2029,1800,1800,3600,ΑΠΕ,Φωτοβολταϊκό Σύστημα,,Κατασκευής Σταθμού Παραγωγής Ηλεκτρισμού,Εμπορική Χρήση,Λευκωσία,Τσέρι
BP-S 116 LTD,Ε004512/2024,13/09/2024,12/09/2029,1400,1400,2800,ΑΠΕ,Φωτοβολταϊκό Σύστημα,,Κατασκευής Σταθμού Παραγωγής Ηλεκτρισμού,Εμπορική Χρήση,Λάρνακα,Μενόγεια
KAZOULIS GLOBAL LOGISTICS LTD,Ε004511/2024,13/09/2024,12/09/2036,80,-,-,Συμβατικά Καύσιμα,ΜΕΚ,Πετρέλαιο,Κατασκευής - Λειτουργίας,Εφεδρεία,Λεμεσός,Κάτω Πολεμίδια
KAZOULIS GLOBAL LOGISTICS LTD,Ε004510/2024,13/09/2024,12/09/2036,240,-,-,Συμβατικά Καύσιμα,ΜΕΚ,Πετρέλαιο,Κατασκευής - Λειτουργίας,Εφεδρεία,Λεμεσός,Κάτω Πολεμίδια
JUMBO TRADING LTD,Ε004509/2024,13/09/2024,12/09/2036,400,-,-,Συμβατικά Καύσιμα,ΜΕΚ,Πετρέλαιο,Κατασκευής - Λειτουργίας,Εφεδρεία,Λευκωσία,Στρόβολος
CCSRE REAL ESTATE COMPANY LTD,Ε004508/2024,13/09/2024,12/09/2036,630,-,-,Συμβατικά Καύσιμα,ΜΕΚ,Πετρέλαιο,Κατασκευής - Λειτουργίας,Εφεδρεία,Λευκωσία,ενορία Τρυπιώτης 
AMBROSIA OILS (1976) LTD,Ε004507/2024,13/09/2024,12/09/2036,125,-,-,Συμβατικά Καύσιμα,ΜΕΚ,Πετρέλαιο,Λειτουργίας Σταθμού Παραγωγής Ηλεκτρισμού,Εφεδρεία,Λάρνακα,ενορία Αγίου Νικολάου 
S. SYMEONIDES AND SONS LTD,Ε004506/2024,13/09/2024,12/09/2036,220,-,-,Συμβατικά Καύσιμα,ΜΕΚ,Πετρέλαιο,Κατασκευής - Λειτουργίας,Εφεδρεία,Λευκωσία,Λατσιά
EUROBANK CYPRUS LTD,Ε004505/2024,13/09/2024,12/09/2036,80,-,-,Συμβατικά Καύσιμα,ΜΕΚ,Πετρέλαιο,Κατασκευής - Λειτουργίας,Εφεδρεία,Λεμεσός,Γερμασόγεια 
EUROBANK CYPRUS LTD,Ε004504/2024,13/09/2024,12/09/2036,80,-,-,Συμβατικά Καύσιμα,ΜΕΚ,Πετρέλαιο,Κατασκευής - Λειτουργίας,Εφεδρεία,Λευκωσία,Αγλαντζιά
EUROBANK CYPRUS LTD,Ε004503/2024,13/09/2024,12/09/2036,104,-,-,Συμβατικά Καύσιμα,ΜΕΚ,Πετρέλαιο,Κατασκευής - Λειτουργίας,Εφεδρεία,Λευκωσία,Λευκωσίας
EUROBANK CYPRUS LTD,Ε004502/2024,13/09/2024,12/09/2036,250,-,-,Συμβατικά Καύσιμα,ΜΕΚ,Πετρέλαιο,Κατασκευής - Λειτουργίας,Εφεδρεία,Λευκωσία,Λευκωσίας
P. EVANGELOU SOLAR TRADING LTD,Ε004501/2024,10/09/2024,09/09/2054,200,-,-,ΑΠΕ,Φωτοβολταϊκό Σύστημα,,Λειτουργίας Σταθμού Παραγωγής Ηλεκτρισμού,Εμπορική Χρήση,Λάρνακα,Τερσεφάνου 
P. EVANGELOU SOLAR TRADING LTD,Ε004500/2024,10/09/2024,09/09/2054,999,-,-,ΑΠΕ,Φωτοβολταϊκό Σύστημα,,Λειτουργίας Σταθμού Παραγωγής Ηλεκτρισμού,Εμπορική Χρήση,Λάρνακα,Τερσεφάνου 
ΧΡΙΣΤΑΚΗΣ ΑΥΓΟΥΣΤΗ ΛΤΔ,Ε004499/2024,03/09/2024,02/09/2036,120,-,-,Συμβατικά Καύσιμα,ΜΕΚ,Πετρέλαιο,Κατασκευής - Λειτουργίας,Εφεδρεία,Λεμεσός,Ομόνοια
ΘΑΛΗΣ ΠΕΡΟΣ,Ε004498/2024,03/09/2024,02/09/2036,50,-,-,Συμβατικά Καύσιμα,ΜΕΚ,,Κατασκευής - Λειτουργίας,Εφεδρεία,Λάρνακα,Αθηαίνου
POP LIFE SUPERMARKETS LTD,Ε004497/2024,03/09/2024,02/09/2036,120,-,-,Συμβατικά Καύσιμα,ΜΕΚ,Πετρέλαιο,Κατασκευής - Λειτουργίας,Εφεδρεία,Αμμόχωστος,Φρέναρος
POP LIFE SUPERMARKETS LTD,Ε004496/2024,03/09/2024,02/09/2036,80,-,-,Συμβατικά Καύσιμα,ΜΕΚ,Πετρέλαιο,Κατασκευής - Λειτουργίας,Εφεδρεία,Αμμόχωστος,Παραλίμνι
MIMOZA HOLIDAYS LTD,Ε004495/2024,03/09/2024,02/09/2036,64,-,-,Συμβατικά Καύσιμα,ΜΕΚ,,Λειτουργίας Σταθμού Παραγωγής Ηλεκτρισμού,Εφεδρεία,Λεμεσός,Νεάπολη
SUPERHOME CENTER (DIY) LTD,Ε004494/2024,03/09/2024,02/09/2036,320,-,-,Συμβατικά Καύσιμα,ΜΕΚ,Πετρέλαιο,Κατασκευής - Λειτουργίας,Εφεδρεία,Λεμεσός,Μέσα Γειτονιά 
ΝΕΛΗ ΕΜΠΟΡΙΟ ΚΡΕΑΤΩΝ ΛΤΔ ,Ε004493/2024,03/09/2024,02/09/2036,528,-,-,Συμβατικά Καύσιμα,ΜΕΚ,Πετρέλαιο,Κατασκευής - Λειτουργίας,Εφεδρεία,Λευκωσία,Γερόλακκο
SOLAR NOVA LTD,Ε004492/2024,03/09/2024,02/09/2029,4000,2000,4000,ΑΠΕ,Φωτοβολταϊκό Σύστημα,,Κατασκευής Σταθμού Παραγωγής Ηλεκτρισμού,Εμπορική Χρήση,Λάρνακα,Ξυλοτύμπου
GRB PHOTOVOLTAIC PARK LTD,Ε004491/2024,03/09/2024,02/09/2029,1144,200,400,ΑΠΕ,Φωτοβολταϊκό Σύστημα,,Κατασκευής Σταθμού Παραγωγής Ηλεκτρισμού,Εμπορική Χρήση,Αμμόχωστος,Αυγόρου
GOTIARE LTD,Ε004490/2024,03/09/2024,02/09/2029,1802,1150,2300,ΑΠΕ,Φωτοβολταϊκό Σύστημα,,Κατασκευής Σταθμού Παραγωγής Ηλεκτρισμού,Εμπορική Χρήση,Λεμεσός,Ύψωνα
GOTIARE LTD,Ε004489/2024,03/09/2024,02/09/2029,1281,800,1600,ΑΠΕ,Φωτοβολταϊκό Σύστημα,,Κατασκευής Σταθμού Παραγωγής Ηλεκτρισμού,Εμπορική Χρήση,Λεμεσός,Ύψωνα
GOTIARE LTD,Ε004488/2024,03/09/2024,02/09/2029,1940,1250,2500,ΑΠΕ,Φωτοβολταϊκό Σύστημα,,Κατασκευής Σταθμού Παραγωγής Ηλεκτρισμού,Εμπορική Χρήση,Λεμεσός,Σουνι - Ζανατζιά
RENEWABLE SOLARVIKING LTD,Ε004487/2024,30/08/2024,29/08/2054,150,-,-,ΑΠΕ,Φωτοβολταϊκό Σύστημα,,Λειτουργίας Σταθμού Παραγωγής Ηλεκτρισμού,Εμπορική Χρήση,Πάφος,Θρυνιά
RENEWABLE SOLARVIKING LTD,Ε004486/2024,30/08/2024,29/08/2054,100,-,-,ΑΠΕ,Φωτοβολταϊκό Σύστημα,,Λειτουργίας Σταθμού Παραγωγής Ηλεκτρισμού,Εμπορική Χρήση,Πάφος,Σίμου
RENEWABLE SOLARVIKING LTD,Ε004485/2024,30/08/2024,29/08/2054,100,-,-,ΑΠΕ,Φωτοβολταϊκό Σύστημα,,Λειτουργίας Σταθμού Παραγωγής Ηλεκτρισμού,Εμπορική Χρήση,Πάφος,Σίμου
RENEWABLE SOLARVIKING LTD,Ε004484/2024,30/08/2024,29/08/2054,100,-,-,ΑΠΕ,Φωτοβολταϊκό Σύστημα,,Λειτουργίας Σταθμού Παραγωγής Ηλεκτρισμού,Εμπορική Χρήση,Πάφος,Σίμου 
RENEWABLE SOLARVIKING LTD,Ε004483/2024,30/08/2024,29/08/2054,120,-,-,ΑΠΕ,Φωτοβολταϊκό Σύστημα,,Λειτουργίας Σταθμού Παραγωγής Ηλεκτρισμού,Εμπορική Χρήση,Πάφος,Πολέμι
RENEWABLE SOLARVIKING LTD,Ε004482/2024,30/08/2024,29/08/2054,100,-,-,ΑΠΕ,Φωτοβολταϊκό Σύστημα,,Λειτουργίας Σταθμού Παραγωγής Ηλεκτρισμού,Εμπορική Χρήση,Πάφος,Σίμου
RENEWABLE SOLARVIKING LTD,Ε004481/2024,19/08/2024,18/08/2054,100,-,-,ΑΠΕ,Φωτοβολταϊκό Σύστημα,,Λειτουργίας Σταθμού Παραγωγής Ηλεκτρισμού,Εμπορική Χρήση,Πάφος,Θρινιά
IRIS LENOR PV43 LTD,Ε004480/2024,09/08/2024,08/08/2029,700,1500,4000,ΑΠΕ,Φωτοβολταϊκό Σύστημα,,Κατασκευής Σταθμού Παραγωγής Ηλεκτρισμού,Εμπορική Χρήση,Λευκωσία,Άγιος Ιωάννης Μαλούντας
BIOLAND PROJECT 40 LTD,Ε004479/2024,30/07/2024,29/07/2029,1200,1200,4800,ΑΠΕ,Φωτοβολταϊκό Σύστημα,,Κατασκευής Σταθμού Παραγωγής Ηλεκτρισμού,Εμπορική Χρήση,Λεμεσός,Ανώγυρα
ATARU LTD,Ε004478/2024,30/07/2024,29/07/2029,530,-,-,ΑΠΕ,Φωτοβολταϊκό Σύστημα,,Κατασκευής Σταθμού Παραγωγής Ηλεκτρισμού,Εμπορική Χρήση,Λευκωσία,Περιστερώνα
SONTSE PV GAMMA LTD,Ε004477/2024,30/07/2024,29/07/2029,940,-,-,ΑΠΕ,Φωτοβολταϊκό Σύστημα,,Κατασκευής Σταθμού Παραγωγής Ηλεκτρισμού,Εμπορική Χρήση,Λευκωσία,Περιστερώνα
GKA SUNPOWER LTD,Ε004476/2024,30/07/2024,29/07/2029,2081,4034,697,ΑΠΕ,Φωτοβολταϊκό Σύστημα,,Κατασκευής Σταθμού Παραγωγής Ηλεκτρισμού,Εμπορική Χρήση,Λάρνακα,Πετροφάνι
A &AMP; G KLEIMA IMPORT EXPORT LTD,Ε004475/2024,26/07/2024,25/07/2026,168.78,-,-,ΑΠΕ,Φωτοβολταϊκό Σύστημα,,Κατασκευής Σταθμού Παραγωγής Ηλεκτρισμού,Αυτοπαραγωγή/Net-Billing,Λεμεσός,Ύψωνα
ΠΑΝΕΠΙΣΤΗΜΙΟ ΚΥΠΡΟΥ,Ε004474/2024,26/07/2024,25/07/2026,66.42,-,-,ΑΠΕ,Φωτοβολταϊκό Σύστημα,,Κατασκευής Σταθμού Παραγωγής Ηλεκτρισμού,Αυτοπαραγωγή/Net-Billing,Λευκωσία,Αγλαντζιά
KEO PLC,Ε004473/2024,26/07/2024,25/07/2026,560,-,-,ΑΠΕ,Φωτοβολταϊκό Σύστημα,,Κατασκευής Σταθμού Παραγωγής Ηλεκτρισμού,Αυτοπαραγωγή/Net-Billing,Λεμεσός,Μαλιά
JUMBO TRADING LTD,Ε004471/2024,26/07/2024,25/07/2026,409.1,-,-,ΑΠΕ,Φωτοβολταϊκό Σύστημα,,Κατασκευής Σταθμού Παραγωγής Ηλεκτρισμού,Αυτοπαραγωγή/Net-Billing,Λευκωσία,Στρόβολος
ΜΙΝΕ ΔΙΑΧΕΙΡΙΣΤΙΚΗ ΛΤΔ,Ε004470/2024,26/07/2024,25/07/2036,200,-,-,Συμβατικά Καύσιμα,ΜΕΚ,Πετρέλαιο,Κατασκευής - Λειτουργίας,Εφεδρεία,Πάφος,ενορία Αγίου Παύλου 
EKO CYPRUS LTD,Ε004469/2024,26/07/2024,25/07/2036,134,-,-,Συμβατικά Καύσιμα,ΜΕΚ,Πετρέλαιο,Κατασκευής - Λειτουργίας,Εφεδρεία,Λευκωσία,Στρόβολος
FRANCOUDI AND STEPHANOU LTD,Ε004468/2024,26/07/2024,25/07/2036,728,-,-,Συμβατικά Καύσιμα,ΜΕΚ,Πετρέλαιο,Κατασκευής - Λειτουργίας,Εφεδρεία,Αμμόχωστος,Παραλίμνι
KING JASON HOTEL APARTMENTS LTD,Ε004467/2024,26/07/2024,25/07/2036,280,-,-,Συμβατικά Καύσιμα,ΜΕΚ,Πετρέλαιο,Κατασκευής - Λειτουργίας,Εφεδρεία,Πάφος,ενορία Κάτω Πάφου
GEORGE CHARALAMBOUS LTD,Ε004466/2024,26/07/2024,25/07/2036,296,-,-,Συμβατικά Καύσιμα,ΜΕΚ,Πετρέλαιο,Κατασκευής - Λειτουργίας,Εφεδρεία,Λευκωσία,Στρόβολος
NCR (CYPRUS) LTD,Ε004465/2024,26/07/2024,25/07/2036,221,-,-,Συμβατικά Καύσιμα,ΜΕΚ,Πετρέλαιο,Λειτουργίας Σταθμού Παραγωγής Ηλεκτρισμού,Εφεδρεία,Λευκωσία,Στρόβολος
LEPTOS CALYPSO HOTELS PUBLIC LTD (CORAL BEACH HOTEL),Ε004464/2024,26/07/2024,25/07/2036,408,-,-,Συμβατικά Καύσιμα,ΜΕΚ,Πετρέλαιο,Λειτουργίας Σταθμού Παραγωγής Ηλεκτρισμού,Εφεδρεία,Πάφος,Πέγεια
PANASKA TRADING COMPANY LTD,Ε004463/2024,23/07/2024,22/07/2054,300,-,-,ΑΠΕ,Φωτοβολταϊκό Σύστημα,,Λειτουργίας Σταθμού Παραγωγής Ηλεκτρισμού,Εμπορική Χρήση,Λευκωσία,Γέρι 
EMBRYORIGIN FERTILITY CENTRE LTD,Ε004462/2024,16/07/2024,15/07/2036,80,-,-,Συμβατικά Καύσιμα,ΜΕΚ,,Κατασκευής - Λειτουργίας,Εφεδρεία,Λάρνακα,Αραδίππου
UNITED HOTELS (LORDOS) LTD,Ε004461/2024,16/07/2024,15/07/2036,400,-,-,Συμβατικά Καύσιμα,ΜΕΚ,Πετρέλαιο,Κατασκευής - Λειτουργίας,Εφεδρεία,Λάρνακα,Πύλα
L.R.C. MEDICAL SERVICES LTD,Ε004460/2024,16/07/2024,15/07/2036,176,-,-,Συμβατικά Καύσιμα,ΜΕΚ,Πετρέλαιο,Κατασκευής - Λειτουργίας,Εφεδρεία,Λεμεσός,Αγία Φύλαξη
JUMBO TRADING LTD,Ε004459/2024,16/07/2024,15/07/2036,88,-,-,Συμβατικά Καύσιμα,ΜΕΚ,Πετρέλαιο,Κατασκευής - Λειτουργίας,Εφεδρεία,Λάρνακα,-
JUMBO TRADING LTD,Ε004458/2024,16/07/2024,15/07/2036,176,-,-,Συμβατικά Καύσιμα,ΜΕΚ,Πετρέλαιο,Κατασκευής - Λειτουργίας,Εφεδρεία,Λάρνακα,Αραδίππου
N.X. PLASTICS LTD,Ε004457/2024,16/07/2024,15/07/2036,132,-,-,Συμβατικά Καύσιμα,ΜΕΚ,Πετρέλαιο,Κατασκευής - Λειτουργίας,Εφεδρεία,Αμμόχωστος,Φρέναρος
VEKONIA VENTURES LTD,Ε004456/2024,16/07/2024,15/07/2036,440,-,-,Συμβατικά Καύσιμα,ΜΕΚ,Πετρέλαιο,Κατασκευής - Λειτουργίας,Εφεδρεία,Λευκωσία,Λευκωσίας
ELECTRILO LTD,Ε004455/2024,12/07/2024,11/07/2029,999.44,1000,2000,ΑΠΕ,Φωτοβολταϊκό Σύστημα,,Κατασκευής Σταθμού Παραγωγής Ηλεκτρισμού,Εμπορική Χρήση,Λεμεσός,Απεσιά
GKA SUNPOWER LTD,Ε004454/2024,12/07/2024,11/07/2029,1402,467,2596,ΑΠΕ,Φωτοβολταϊκό Σύστημα,,Κατασκευής Σταθμού Παραγωγής Ηλεκτρισμού,Εμπορική Χρήση,Λάρνακα,Πετροφάνι
GKA SUNPOWER LTD,Ε004453/2024,12/07/2024,11/07/2029,687,1284,229,ΑΠΕ,Φωτοβολταϊκό Σύστημα,,Κατασκευής Σταθμού Παραγωγής Ηλεκτρισμού,Εμπορική Χρήση,Λάρνακα,Πετροφάνι
GKA SUNPOWER LTD,Ε004452/2024,12/07/2024,11/07/2029,4644,1548,8600,ΑΠΕ,Φωτοβολταϊκό Σύστημα,,Κατασκευής Σταθμού Παραγωγής Ηλεκτρισμού,Εμπορική Χρήση,Λάρνακα,Πετροφάνι
GKA SUNPOWER LTD,Ε004451/2024,12/07/2024,11/07/2029,722,241,1395,ΑΠΕ,Φωτοβολταϊκό Σύστημα,,Κατασκευής Σταθμού Παραγωγής Ηλεκτρισμού,Εμπορική Χρήση,Λάρνακα,Πετροφάνι
GKA SUNPOWER LTD,Ε004450/2024,12/07/2024,11/07/2029,2676,892,5202,ΑΠΕ,Φωτοβολταϊκό Σύστημα,,Κατασκευής Σταθμού Παραγωγής Ηλεκτρισμού,Εμπορική Χρήση,Λάρνακα,Πετροφάνι
GKA SUNPOWER LTD,Ε004449/2024,12/07/2024,11/07/2029,8000,2667,14675,ΑΠΕ,Φωτοβολταϊκό Σύστημα,,Κατασκευής Σταθμού Παραγωγής Ηλεκτρισμού,Εμπορική Χρήση,Λάρνακα,Πετροφάνι
ΙΕΡΑ ΜΟΝΗ ΑΓΙΟΥ ΗΡΑΚΛΕΙΔΙΟΥ,Ε004448/2024,12/07/2024,11/07/2054,132,-,-,ΑΠΕ,Φωτοβολταϊκό Σύστημα,,Λειτουργίας Σταθμού Παραγωγής Ηλεκτρισμού,Αυτοπαραγωγή/Net-Billing,Λευκωσία,Πολιτικό
CABLENET COMMUNICATION SYSTEMS PLC,Ε004447/2024,02/07/2024,01/07/2036,36,-,-,Συμβατικά Καύσιμα,ΜΕΚ,Πετρέλαιο,Κατασκευής - Λειτουργίας,Εφεδρεία,Λάρνακα,Καμάρες
CABLENET COMMUNICATION SYSTEMS PLC,Ε004446/2024,02/07/2024,01/07/2036,88,-,-,Συμβατικά Καύσιμα,ΜΕΚ,Πετρέλαιο,Κατασκευής - Λειτουργίας,Εφεδρεία,Λευκωσία,Έγκωμη
ΦΥΣΙΚΟ ΠΡΟΣΩΠΟ,Ε004445/2024,02/07/2024,01/07/2029,119,-,-,ΑΠΕ,Φωτοβολταϊκό Σύστημα,,Κατασκευής Σταθμού Παραγωγής Ηλεκτρισμού,Εμπορική Χρήση,Πάφος,Κισσόνεργα
ΗΛΙΟΜΟΡΦΟΝ 3 ΛΤΔ,Ε004444/2024,02/07/2024,01/07/2029,500,1500,1500,ΑΠΕ,Φωτοβολταϊκό Σύστημα,,Κατασκευής Σταθμού Παραγωγής Ηλεκτρισμού,Εμπορική Χρήση,Λευκωσία,Παλαιομέτοχο
RAYGENIX LTD,Ε004443/2024,02/07/2024,01/07/2029,4000,4000,10000,ΑΠΕ,Φωτοβολταϊκό Σύστημα,,Κατασκευής Σταθμού Παραγωγής Ηλεκτρισμού,Εμπορική Χρήση,Πάφος,Σούσκιου
SPANEX ENERGY LTD,Ε004442/2024,02/07/2024,01/07/2029,1290,1290,3000,ΑΠΕ,Φωτοβολταϊκό Σύστημα,,Κατασκευής Σταθμού Παραγωγής Ηλεκτρισμού,Εμπορική Χρήση,Πάφος,Αρμού
SMT SHIPPING (CYPRUS) LTD,Ε004441/2024,28/06/2024,27/06/2054,60.32,-,-,ΑΠΕ,Φωτοβολταϊκό Σύστημα,,Λειτουργίας Σταθμού Παραγωγής Ηλεκτρισμού,Αυτοπαραγωγή/Net-Billing,Λεμεσός,Άγιος Αθανάσιος 
BIOLAND PROJECT 47 LTD,Ε004440/2024,21/06/2024,20/06/2054,1200,-,-,ΑΠΕ,Φωτοβολταϊκό Σύστημα,,Λειτουργίας Σταθμού Παραγωγής Ηλεκτρισμού,Εμπορική Χρήση,Λάρνακα,Μαζωτός 
I.P.D. HELIOTROPIO LTD,Ε004439/2024,21/06/2024,20/06/2054,120,-,-,ΑΠΕ,Φωτοβολταϊκό Σύστημα,,Λειτουργίας Σταθμού Παραγωγής Ηλεκτρισμού,Εμπορική Χρήση,Πάφος,Δρούσεια 
I.P.D. HELIOTROPIO LTD	,Ε004438/2024,21/06/2024,20/06/2054,120,-,-,ΑΠΕ,Φωτοβολταϊκό Σύστημα,,Λειτουργίας Σταθμού Παραγωγής Ηλεκτρισμού,Εμπορική Χρήση,Πάφος,Δρούσεια
I.P.D. HELIOTROPIO LTD	,Ε004437/2024,21/06/2024,20/06/2054,120,-,-,ΑΠΕ,Φωτοβολταϊκό Σύστημα,,Λειτουργίας Σταθμού Παραγωγής Ηλεκτρισμού,Εμπορική Χρήση,Πάφος,Δρούσεια
I.P.D. HELIOTROPIO LTD,Ε004436/2024,21/06/2024,20/06/2054,120,-,-,ΑΠΕ,Φωτοβολταϊκό Σύστημα,,Λειτουργίας Σταθμού Παραγωγής Ηλεκτρισμού,Εμπορική Χρήση,Πάφος,Δρούσεια
ΠΑΓΩΤΑ ΠΑΠΑΦΙΛΙΠΠΟΥ &AMP; ΠΑΤΙΣΕΡΙ ΠΑΝΑΓΙΩΤΗΣ ΛΤΔ,Ε004435/2024,21/06/2024,20/06/2054,610,-,-,ΑΠΕ,Φωτοβολταϊκό Σύστημα,,Λειτουργίας Σταθμού Παραγωγής Ηλεκτρισμού,Αυτοπαραγωγή/Net-Billing,Λευκωσία,Παλαιομέτοχο 
BIOLAND PROJECT 61 LTD,Ε004434/2024,11/06/2024,12/06/2054,999,-,-,ΑΠΕ,Φωτοβολταϊκό Σύστημα,,Λειτουργίας Σταθμού Παραγωγής Ηλεκτρισμού,Εμπορική Χρήση,Λάρνακα,Αναφωτία
GEORGE PETROU LTD,Ε004433/2024,24/05/2024,23/05/2036,160,-,-,Συμβατικά Καύσιμα,ΜΕΚ,Πετρέλαιο,Κατασκευής - Λειτουργίας,Εφεδρεία,Λευκωσία,Λατσιά
PRINCESS HOTELS DEVELOPMENT LTD,Ε004432/2024,24/05/2024,23/05/2036,433,-,-,Συμβατικά Καύσιμα,ΜΕΚ,Πετρέλαιο,Κατασκευής - Λειτουργίας,Εφεδρεία,Λάρνακα,Βορόκλινη
M.T. PIPERARIS TRADING LTD,Ε004431/2024,24/05/2024,23/05/2036,32,-,-,Συμβατικά Καύσιμα,ΜΕΚ,Πετρέλαιο,Κατασκευής - Λειτουργίας,Εφεδρεία,Λεμεσός,Λεμεσό
ESPERIA GREEN ENERGY LTD,Ε004429/2024,14/05/2024,13/05/2029,8000,5100,10200,ΑΠΕ,Φωτοβολταϊκό Σύστημα,,Κατασκευής Σταθμού Παραγωγής Ηλεκτρισμού,Εμπορική Χρήση,Λεμεσός,Πισσούρι
IGVA SOLAR ENERGY LTD,Ε004428/2024,14/05/2024,13/05/2029,7300,5000,10000,ΑΠΕ,Φωτοβολταϊκό Σύστημα,,Κατασκευής Σταθμού Παραγωγής Ηλεκτρισμού,Εμπορική Χρήση,Λεμεσός,Πάνω Κυβίδες
D.P. ELSIM LTD,Ε004427/2024,14/05/2024,13/05/2029,3000,-,-,ΑΠΕ,Φωτοβολταϊκό Σύστημα,,Κατασκευής Σταθμού Παραγωγής Ηλεκτρισμού,Εμπορική Χρήση,Λεμεσός,Κάτω Πολεμίδια
SPACE GUARD LTD,Ε004426/2024,14/05/2024,13/05/2054,1200,-,-,ΑΠΕ,Φωτοβολταϊκό Σύστημα,,Λειτουργίας Σταθμού Παραγωγής Ηλεκτρισμού,Εμπορική Χρήση,Πάφος,Φιλούσα Χρυσοχούς
ΦΥΣΙΚΟ ΠΡΟΣΩΠΟ,Ε004425/2024,14/05/2024,13/05/2054,150,-,-,ΑΠΕ,Φωτοβολταϊκό Σύστημα,,Λειτουργίας Σταθμού Παραγωγής Ηλεκτρισμού,Εμπορική Χρήση,Πάφος,Θρινιά
D.P. ELSIM LTD,Ε004424/2024,30/04/2024,29/04/2029,1000,-,-,ΑΠΕ,Φωτοβολταϊκό Σύστημα,,Κατασκευής Σταθμού Παραγωγής Ηλεκτρισμού,Εμπορική Χρήση,Λευκωσία,Γέρι
A.F. NEW-AGE CONSTRUCTIONS LTD,Ε004423/2024,30/04/2024,29/04/2029,2500,-,-,ΑΠΕ,Φωτοβολταϊκό Σύστημα,,Κατασκευής Σταθμού Παραγωγής Ηλεκτρισμού,Εμπορική Χρήση,Λευκωσία,Ποτάμι
PHOENIX POWER 4 LTD,Ε004422/2024,30/04/2024,29/04/2029,7000,-,-,ΑΠΕ,Φωτοβολταϊκό Σύστημα,,Κατασκευής Σταθμού Παραγωγής Ηλεκτρισμού,Εμπορική Χρήση,Αμμόχωστος,Άχνα
PHOENIX POWER 4 LTD,Ε004421/2024,30/04/2024,29/04/2029,7900,-,-,ΑΠΕ,Φωτοβολταϊκό Σύστημα,,Κατασκευής Σταθμού Παραγωγής Ηλεκτρισμού,Εμπορική Χρήση,Αμμόχωστος,Άχνα
BP-S 124 LTD,Ε004420/2024,30/04/2024,29/04/2029,1500,1500,6000,ΑΠΕ,Φωτοβολταϊκό Σύστημα,,Κατασκευής Σταθμού Παραγωγής Ηλεκτρισμού,Εμπορική Χρήση,Λευκωσία,Πάνω Κουτραφάς
BP-S 124 LTD,Ε004419/2024,30/04/2024,29/04/2029,1000,1000,4000,ΑΠΕ,Φωτοβολταϊκό Σύστημα,,Κατασκευής Σταθμού Παραγωγής Ηλεκτρισμού,Εμπορική Χρήση,Λευκωσία,Πάνω Κουτραφάς
A.CH. DMD FUTURE ENERGY LTD,Ε004418/2024,30/04/2024,29/04/2029,1100,-,-,ΑΠΕ,Φωτοβολταϊκό Σύστημα,,Κατασκευής Σταθμού Παραγωγής Ηλεκτρισμού,Εμπορική Χρήση,Πάφος,Μηλιά
NAYAN ENTERPRISES LTD,Ε004417/2024,30/04/2024,29/04/2029,2000,-,-,ΑΠΕ,Φωτοβολταϊκό Σύστημα,,Κατασκευής Σταθμού Παραγωγής Ηλεκτρισμού,Εμπορική Χρήση,Λάρνακα,Τρούλλοι
ΦΥΣΙΚΟ ΠΡΟΣΩΠΟ,Ε004416/2024,26/04/2024,25/04/2054,119,-,-,ΑΠΕ,Φωτοβολταϊκό Σύστημα,,Λειτουργίας Σταθμού Παραγωγής Ηλεκτρισμού,Εμπορική Χρήση,Πάφος,Πάνω Αρόδες
ΤΜΗΜΑ ΔΗΜΟΣΙΩΝ ΕΡΓΩΝ,Ε004415/2024,23/04/2024,22/04/2036,66,-,-,Συμβατικά Καύσιμα,ΜΕΚ,Πετρέλαιο,Κατασκευής - Λειτουργίας,Εφεδρεία,Λευκωσία,Λευκωσίας
ΥΠΟΥΡΓΕΙΟ ΑΜΥΝΑΣ,Ε004414/2024,23/04/2024,22/04/2036,245,-,-,Συμβατικά Καύσιμα,ΜΕΚ,Πετρέλαιο,Κατασκευής - Λειτουργίας,Εφεδρεία,Λεμεσός,Ασγάτα
ΝΤΙΝΟΣ ΠΟΥΠΑΣ ΛΤΔ,Ε004413/2024,23/04/2024,22/04/2036,560,-,-,Συμβατικά Καύσιμα,ΜΕΚ,Πετρέλαιο,Κατασκευής - Λειτουργίας,Εφεδρεία,Λευκωσία,Δάλι
PARTY ICE &AMP; PARTY TIME ICE LTD,Ε004412/2024,23/04/2024,22/04/2036,569,-,-,Συμβατικά Καύσιμα,ΜΕΚ,Πετρέλαιο,Κατασκευής - Λειτουργίας,Εφεδρεία,Λεμεσός,Ύψωνας
MUSKITA TOURIST ENTERPRISES LTD,Ε004411/2024,23/04/2024,22/04/2036,800,-,-,Συμβατικά Καύσιμα,ΜΕΚ,Πετρέλαιο,Κατασκευής - Λειτουργίας,Εφεδρεία,Λάρνακα,Αλαμινός
ERGOMAKERS LTD,Ε004410/2024,23/04/2024,22/04/2036,176,-,-,Συμβατικά Καύσιμα,ΜΕΚ,Πετρέλαιο,Κατασκευής - Λειτουργίας,Εφεδρεία,Λεμεσός,Λεμεσός
BIOLAND PROJECT 67 LTD,Ε004409/2024,19/04/2024,18/04/2054,120,-,-,ΑΠΕ,Φωτοβολταϊκό Σύστημα,,Λειτουργίας Σταθμού Παραγωγής Ηλεκτρισμού,Εμπορική Χρήση,Λεμεσός,Σανίδα
ΦΥΣΙΚΟ ΠΡΟΣΩΠΟ,Ε004408/2024,16/04/2024,15/04/2029,100,-,-,ΑΠΕ,Φωτοβολταϊκό Σύστημα,,Κατασκευής Σταθμού Παραγωγής Ηλεκτρισμού,Εμπορική Χρήση,Λευκωσία,Πέρα Χωριό
CCK ALTENERGO ENTERPRISES - PROJECT 1 LTD,Ε004407/2024,16/04/2024,15/04/2029,4000,1500,1500,ΑΠΕ,Φωτοβολταϊκό Σύστημα,,Κατασκευής Σταθμού Παραγωγής Ηλεκτρισμού,Εμπορική Χρήση,Λάρνακα,Ξυλοτύμπου
CCK ALTENERGO ENTERPRISES - PROJECT 1 LTD,Ε004406/2024,16/04/2024,15/04/2029,500,600,600,ΑΠΕ,Φωτοβολταϊκό Σύστημα,,Κατασκευής Σταθμού Παραγωγής Ηλεκτρισμού,Εμπορική Χρήση,Λάρνακα,Ξυλοτύμπου
ΠΡΟΕΔΡΙΑ ΤΗΣ ΚΥΠΡΙΑΚΗΣ ΔΗΜΟΚΡΑΤΙΑΣ,Ε004405/2024,16/04/2024,15/04/2036,80,-,-,Συμβατικά Καύσιμα,ΜΕΚ,Πετρέλαιο,Κατασκευής - Λειτουργίας,Εφεδρεία,Λευκωσία,-
ΠΡΟΕΔΡΙΑ ΤΗΣ ΚΥΠΡΙΑΚΗΣ ΔΗΜΟΚΡΑΤΙΑΣ,Ε004404/2024,16/04/2024,15/04/2036,140,-,-,Συμβατικά Καύσιμα,ΜΕΚ,Πετρέλαιο,Κατασκευής - Λειτουργίας,Εφεδρεία,Λευκωσία,-
ΒΑΡΝΑΒΑΣ ΧΑΤΖΗΠΑΝΑΓΗΣ ΛΤΔ,Ε004403/2024,16/04/2024,15/04/2036,400,-,-,Συμβατικά Καύσιμα,ΜΕΚ,Πετρέλαιο,Κατασκευής - Λειτουργίας,Εφεδρεία,Λευκωσία,Λατσιά
EUROGATE CONTAINER TERMINAL LIMASSOL LTD,Ε004402/2024,16/04/2024,15/04/2036,48,-,-,Συμβατικά Καύσιμα,ΜΕΚ,Πετρέλαιο,Κατασκευής - Λειτουργίας,Εφεδρεία,Λεμεσός,Ζακάκι
G.L.M.C.T. CYPRUS DAIRY FARMING CORPORATION LTD,Ε004401/2024,16/04/2024,15/04/2036,110,-,-,Συμβατικά Καύσιμα,ΜΕΚ,,Κατασκευής - Λειτουργίας,Εφεδρεία,Λευκωσία,Παλαιομέτοχο
MEDITERRANEAN HOSPITAL OF CYPRUS ( MHOC ) LTD,Ε004400/2024,16/04/2024,15/04/2036,800,-,-,Συμβατικά Καύσιμα,ΜΕΚ,Πετρέλαιο,Κατασκευής - Λειτουργίας,Εφεδρεία,Λεμεσός,Αγία Φύλαξη
G. E. M. CLINIC LTD,Ε004399/2024,16/04/2024,15/04/2036,120,-,-,Συμβατικά Καύσιμα,ΜΕΚ,Πετρέλαιο,Κατασκευής - Λειτουργίας,Εφεδρεία,Λεμεσός,Λεμεσός
OLYMPUS FOODS (CYPRUS) LTD,Ε004398/2024,16/04/2024,15/04/2036,880,-,-,Συμβατικά Καύσιμα,ΜΕΚ,Πετρέλαιο,Κατασκευής - Λειτουργίας,Εφεδρεία,Λευκωσία,Τσέρι
ΦΥΣΙΚΟ ΠΡΟΣΩΠΟ,Ε004397/2024,12/04/2024,11/04/2054,125,-,-,ΑΠΕ,Φωτοβολταϊκό Σύστημα,,Λειτουργίας Σταθμού Παραγωγής Ηλεκτρισμού,Εμπορική Χρήση,Λάρνακα,Τερσεφάνου
STRANA LTD,Ε004396/2024,12/04/2024,11/04/2036,330,-,-,Συμβατικά Καύσιμα,ΜΕΚ,Πετρέλαιο,Κατασκευής - Λειτουργίας,Εφεδρεία,Λευκωσία,Λευκωσίας
SAINT GEORGE &AMP; BLUE CROSS PRIVATE HOSPITAL LTD,Ε004395/2024,12/04/2024,11/04/2036,200,-,-,Συμβατικά Καύσιμα,ΜΕΚ,Πετρέλαιο,Κατασκευής - Λειτουργίας,Εφεδρεία,Πάφος,Πάφου
SAINT GEORGE &AMP; BLUE CROSS PRIVATE HOSPITAL LTD,Ε004394/2024,12/04/2024,11/04/2036,200,-,-,Συμβατικά Καύσιμα,ΜΕΚ,Πετρέλαιο,Κατασκευής - Λειτουργίας,Εφεδρεία,Πάφος,ενορία Αγίου Παύλου
ΕΛΛΗΝΙΚΗ ΤΡΑΠΕΖΑ ΔΗΜΟΣΙΑ ΕΤΑΙΡΕΙΑ ΛΤΔ,Ε004393/2024,12/04/2024,11/04/2036,63,-,-,Συμβατικά Καύσιμα,ΜΕΚ,Πετρέλαιο,Κατασκευής - Λειτουργίας,Εφεδρεία,Πάφος,Πάφος
VTT VASILIKO LTD,Ε004392/2024,12/04/2024,11/04/2036,160,-,-,Συμβατικά Καύσιμα,ΜΕΚ,Πετρέλαιο,Κατασκευής - Λειτουργίας,Εφεδρεία,Λάρνακα,Μαρί-Λιμάνι Βασιλικού
VTT VASILIKO LTD,Ε004391/2024,12/04/2024,11/04/2036,114,-,-,Συμβατικά Καύσιμα,ΜΕΚ,Πετρέλαιο,Κατασκευής - Λειτουργίας,Εφεδρεία,Λάρνακα,Μαρί-Λιμάνι Βασιλικού
ΑΛΙΑΘΩΝ ΤΟΥΡΙΣΤΙΚΕΣ ΕΠΙΧΕΙΡΗΣΕΙΣ ΛΤΔ,Ε004390/2024,12/04/2024,11/04/2036,400,-,-,Συμβατικά Καύσιμα,ΜΕΚ,Πετρέλαιο,Λειτουργίας Σταθμού Παραγωγής Ηλεκτρισμού,Εφεδρεία,Πάφος,Γεροσκήπου
ATP ADVANCED TECH PROPERTIES LTD,Ε004389/2024,12/04/2024,11/04/2036,50,-,-,Συμβατικά Καύσιμα,ΜΕΚ,Πετρέλαιο,Κατασκευής - Λειτουργίας,Εφεδρεία,Λεμεσός,Γερμασόγεια 
MC ANALYSIS CENTER LTD,Ε004388/2024,12/04/2024,11/04/2036,35,-,-,Συμβατικά Καύσιμα,ΜΕΚ,Πετρέλαιο,Κατασκευής - Λειτουργίας,Εφεδρεία,Λευκωσία,Αλάμπρα
VTT VASILIKO LTD,Ε004387/2024,12/04/2024,11/04/2036,200,-,-,Συμβατικά Καύσιμα,ΜΕΚ,Πετρέλαιο,Κατασκευής - Λειτουργίας,Εφεδρεία,Λάρνακα,Μαρί
VTT VASILIKO LTD,Ε004386/2024,12/04/2024,11/04/2036,200,-,-,Συμβατικά Καύσιμα,ΜΕΚ,Πετρέλαιο,Κατασκευής - Λειτουργίας,Εφεδρεία,Λάρνακα,Μαρί
A. AFXENTIOU CONCRETE LTD,Ε004385/2024,12/04/2024,11/04/2036,220,-,-,Συμβατικά Καύσιμα,ΜΕΚ,Πετρέλαιο,Κατασκευής - Λειτουργίας,Αυτοπαραγωγή,Λάρνακα,Ξυλοτύμπου
LIDL CYPRUS,Ε004384/2024,12/04/2024,11/04/2036,248,-,-,Συμβατικά Καύσιμα,ΜΕΚ,Πετρέλαιο,Κατασκευής - Λειτουργίας,Εφεδρεία,Λεμεσός,Άγιος Αθανάσιος
LIDL CYPRUS,Ε004383/2024,12/04/2024,11/04/2036,320,-,-,Συμβατικά Καύσιμα,ΜΕΚ,Πετρέλαιο,Κατασκευής - Λειτουργίας,Εφεδρεία,Λεμεσός,Κάψαλος
ΦΥΣΙΚΟ ΠΡΟΣΩΠΟ,Ε004382/2024,02/04/2024,01/04/2029,1000,-,-,ΑΠΕ,Φωτοβολταϊκό Σύστημα,,Κατασκευής Σταθμού Παραγωγής Ηλεκτρισμού,Εμπορική Χρήση,Πάφος,Κάτω Αρόδες
ΦΥΣΙΚΟ ΠΡΟΣΩΠΟ,Ε004381/2024,02/04/2024,01/04/2029,119,-,-,ΑΠΕ,Φωτοβολταϊκό Σύστημα,,Κατασκευής Σταθμού Παραγωγής Ηλεκτρισμού,Εμπορική Χρήση,Λεμεσός,Αρμενοχώρι
GKA ENERGY LTD,Ε004380/2024,02/04/2024,01/04/2029,3140,1046,5064,ΑΠΕ,Φωτοβολταϊκό Σύστημα,,Κατασκευής Σταθμού Παραγωγής Ηλεκτρισμού,Εμπορική Χρήση,Λευκωσία,Άγιος Ιωάννης
EVONIS INVESTMENTS LTD,Ε004379/2024,02/04/2024,01/04/2029,825,-,-,ΑΠΕ,Φωτοβολταϊκό Σύστημα,,Κατασκευής Σταθμού Παραγωγής Ηλεκτρισμού,Εμπορική Χρήση,Λευκωσία,Περιστερώνα
TSIGARIDES E.CO. LTD,Ε004378/2024,02/04/2024,01/04/2029,149.99,-,-,ΑΠΕ,Φωτοβολταϊκό Σύστημα,,Κατασκευής Σταθμού Παραγωγής Ηλεκτρισμού,Εμπορική Χρήση,Λευκωσία,Πέρα Ορεινής
TSIGARIDES E.CO. LTD,Ε004377/2024,02/04/2024,01/04/2029,149.99,-,-,ΑΠΕ,Φωτοβολταϊκό Σύστημα,,Κατασκευής Σταθμού Παραγωγής Ηλεκτρισμού,Εμπορική Χρήση,Λευκωσία,Πέρα Ορεινής
ΦΥΣΙΚΟ ΠΡΟΣΩΠΟ,Ε004376/2024,02/04/2024,01/04/2029,149.99,-,-,ΑΠΕ,Φωτοβολταϊκό Σύστημα,,Κατασκευής Σταθμού Παραγωγής Ηλεκτρισμού,Εμπορική Χρήση,Λευκωσία,Πέρα Ορεινής
GOTIARE LTD,Ε004375/2024,19/03/2024,18/03/2029,7957,5550,11100,ΑΠΕ,Φωτοβολταϊκό Σύστημα,,Κατασκευής Σταθμού Παραγωγής Ηλεκτρισμού,Εμπορική Χρήση,Λεμεσός,Αυδήμου
GOTIARE LTD,Ε004374/2024,19/03/2024,18/03/2029,7036,4750,9500,ΑΠΕ,Φωτοβολταϊκό Σύστημα,,Κατασκευής Σταθμού Παραγωγής Ηλεκτρισμού,Εμπορική Χρήση,Λεμεσός,Αυδήμου
GOTIARE LTD,Ε004373/2024,19/03/2024,18/03/2029,6703,4500,9000,ΑΠΕ,Φωτοβολταϊκό Σύστημα,,Κατασκευής Σταθμού Παραγωγής Ηλεκτρισμού,Εμπορική Χρήση,Λεμεσός,Αυδήμου
GOTIARE LTD,Ε004372/2024,19/03/2024,18/03/2029,6585,4450,8900,ΑΠΕ,Φωτοβολταϊκό Σύστημα,,Κατασκευής Σταθμού Παραγωγής Ηλεκτρισμού,Εμπορική Χρήση,Λεμεσός,Αυδήμου
GOTIARE LTD,Ε004371/2024,19/03/2024,18/03/2029,5762,4000,8000,ΑΠΕ,Φωτοβολταϊκό Σύστημα,,Κατασκευής Σταθμού Παραγωγής Ηλεκτρισμού,Εμπορική Χρήση,Λεμεσός,Αυδήμου
GOTIARE LTD,Ε004370/2024,19/03/2024,18/03/2029,5278,3400,6800,ΑΠΕ,Φωτοβολταϊκό Σύστημα,,Κατασκευής Σταθμού Παραγωγής Ηλεκτρισμού,Εμπορική Χρήση,Λεμεσός,Πύργος Λεμεσού
BP-S 116 LTD,Ε004369/2024,19/03/2024,18/03/2029,300,300,600,ΑΠΕ,Φωτοβολταϊκό Σύστημα,,Κατασκευής Σταθμού Παραγωγής Ηλεκτρισμού,Εμπορική Χρήση,Λάρνακα,Αλαμινός
T.P.M. ABITENERGY LTD,Ε004368/2024,19/03/2024,18/03/2029,0,1000,3000,ΑΠΕ,Φωτοβολταϊκό Σύστημα,,Κατασκευής Σταθμού Παραγωγής Ηλεκτρισμού,Εμπορική Χρήση,Λευκωσία,Άγιος Ιωάννης
ELECTRILO LTD,Ε004367/2024,19/03/2024,18/03/2029,5500,4000,16000,ΑΠΕ,Φωτοβολταϊκό Σύστημα,,Κατασκευής Σταθμού Παραγωγής Ηλεκτρισμού,Εμπορική Χρήση,Λάρνακα,Χοιροκοιτία
ELECTRILO LTD,Ε004366/2024,19/03/2024,18/03/2029,1500,1000,3000,ΑΠΕ,Φωτοβολταϊκό Σύστημα,,Κατασκευής Σταθμού Παραγωγής Ηλεκτρισμού,Εμπορική Χρήση,Λάρνακα,Αθηένου
GKA SUNENERGY LTD,Ε004365/2024,15/03/2024,14/03/2029,616,205,821,ΑΠΕ,Φωτοβολταϊκό Σύστημα,,Κατασκευής Σταθμού Παραγωγής Ηλεκτρισμού,Εμπορική Χρήση,Λάρνακα,Πετροφάνι
GKA SUNENERGY LTD,Ε004364/2024,15/03/2024,14/03/2029,403,134,539,ΑΠΕ,Φωτοβολταϊκό Σύστημα,,Κατασκευής Σταθμού Παραγωγής Ηλεκτρισμού,Εμπορική Χρήση,Λάρνακα,Πετροφάνι
MZEO LTD,Ε004363/2024,15/03/2024,14/03/2029,3760,500,1000,ΑΠΕ,Φωτοβολταϊκό Σύστημα,,Κατασκευής Σταθμού Παραγωγής Ηλεκτρισμού,Εμπορική Χρήση,Λευκωσία,Ιδαλίου
MZEO LTD,Ε004362/2024,15/03/2024,14/03/2029,930,350,350,ΑΠΕ,Φωτοβολταϊκό Σύστημα,,Κατασκευής Σταθμού Παραγωγής Ηλεκτρισμού,Εμπορική Χρήση,Λευκωσία,Αγία Βαρβάρα
INVAR ENERGY INVESTMENT LTD,Ε004361/2024,15/03/2024,14/03/2054,90.01,-,-,ΑΠΕ,Φωτοβολταϊκό Σύστημα,,Λειτουργίας Σταθμού Παραγωγής Ηλεκτρισμού,Εμπορική Χρήση,Λάρνακα,Αραδίππου
ΑΡΧΗ ΤΗΛΕΠΙΚΟΙΝΩΝΙΩΝ ΚΥΠΡΟΥ,Ε004360/2024,15/03/2024,14/03/2054,330,-,-,ΑΠΕ,Φωτοβολταϊκό Σύστημα,,Λειτουργίας Σταθμού Παραγωγής Ηλεκτρισμού,Αυτοπαραγωγή/Net-Billing,Λάρνακα,Κοφίνου
EVOTEX LTD,Ε004359/2024,12/03/2024,11/03/2029,867,867,3500,ΑΠΕ,Φωτοβολταϊκό Σύστημα,,Κατασκευής Σταθμού Παραγωγής Ηλεκτρισμού,Εμπορική Χρήση,Πάφος,Αναρίτα
BP-S 108 LTD,Ε004358/2024,12/03/2024,11/03/2029,1500,1500,3000,ΑΠΕ,Φωτοβολταϊκό Σύστημα,,Κατασκευής Σταθμού Παραγωγής Ηλεκτρισμού,Εμπορική Χρήση,Λάρνακα,Ορμήδεια
SARAPIS ENERGY LTD,Ε004357/2024,12/03/2024,11/03/2029,3427,-,-,ΑΠΕ,Φωτοβολταϊκό Σύστημα,,Κατασκευής Σταθμού Παραγωγής Ηλεκτρισμού,Εμπορική Χρήση,Πάφος,Σίμου
HELIOPEX 3 LTD,Ε004356/2024,12/03/2024,11/03/2029,6725,5000,15000,ΑΠΕ,Φωτοβολταϊκό Σύστημα,,Κατασκευής Σταθμού Παραγωγής Ηλεκτρισμού,Εμπορική Χρήση,Λευκωσία,Δάλι
HELIOPEX 2 LTD,Ε004355/2024,12/03/2024,11/03/2029,4040,2800,5600,ΑΠΕ,Φωτοβολταϊκό Σύστημα,,Κατασκευής Σταθμού Παραγωγής Ηλεκτρισμού,Εμπορική Χρήση,Λευκωσία,Ποταμιά
HELIOPEX 1 LTD,Ε004354/2024,12/03/2024,11/03/2029,6230,3850,7700,ΑΠΕ,Φωτοβολταϊκό Σύστημα,,Κατασκευής Σταθμού Παραγωγής Ηλεκτρισμού,Εμπορική Χρήση,Λευκωσία,Άγιος Σωζόμενος
GKA ENERGY LTD,Ε004353/2024,12/03/2024,11/03/2029,1627,542,2779,ΑΠΕ,Φωτοβολταϊκό Σύστημα,,Κατασκευής Σταθμού Παραγωγής Ηλεκτρισμού,Εμπορική Χρήση,Λευκωσία,Αγία Βαρβάρα
D.P. ELSIM LTD,Ε004352/2024,12/03/2024,11/03/2029,1500,-,-,ΑΠΕ,Φωτοβολταϊκό Σύστημα,,Κατασκευής Σταθμού Παραγωγής Ηλεκτρισμού,Εμπορική Χρήση,Αμμόχωστος,Παραλίμνι
D.P. ELSIM LTD,Ε004351/2024,12/03/2024,11/03/2029,2000,-,-,ΑΠΕ,Φωτοβολταϊκό Σύστημα,,Κατασκευής Σταθμού Παραγωγής Ηλεκτρισμού,Εμπορική Χρήση,Αμμόχωστος,Παραλίμνι
ERGO ENERGY PV PARKS LTD,Ε004350/2024,12/03/2024,11/03/2029,5000,5000,20000,ΑΠΕ,Φωτοβολταϊκό Σύστημα,,Κατασκευής Σταθμού Παραγωγής Ηλεκτρισμού,Εμπορική Χρήση,Λεμεσός,Πραστιό Αυδήμου
M.A.C. YIOFYRKA ENERGY LTD,Ε004349/2024,12/03/2024,11/03/2029,4200,2000,2000,ΑΠΕ,Φωτοβολταϊκό Σύστημα,,Κατασκευής Σταθμού Παραγωγής Ηλεκτρισμού,Εμπορική Χρήση,Λευκωσία, Λυθρδόντα
PHOTOS PHOTIADES BREWERIES LTD,Ε004348/2024,06/03/2024,05/03/2054,1200,-,-,ΑΠΕ,Φωτοβολταϊκό Σύστημα,,Λειτουργίας Σταθμού Παραγωγής Ηλεκτρισμού,Αυτοπαραγωγή/Net-Billing,Λευκωσία,Δάλι 
EIPS LTD,Ε004347/2024,05/03/2024,04/03/2036,300,-,-,Συμβατικά Καύσιμα,ΜΕΚ,Πετρέλαιο,Κατασκευής - Λειτουργίας,Εφεδρεία,Λευκωσία,Λευκωσίας
ANCORIA INSURANCE PUBLIC LTD,Ε004346/2024,05/03/2024,04/03/2036,150,-,-,Συμβατικά Καύσιμα,ΜΕΚ,Πετρέλαιο,Κατασκευής - Λειτουργίας,Εφεδρεία,Λευκωσία,Στρόβολος
ΣΥΜΒΟΥΛΙΟ ΑΠΟΧΕΤΕΥΣΕΩΣ ΛΕΜΕΣΟΥ ΑΜΑΘΟΥΝΤΑΣ,Ε004345/2024,05/03/2024,04/03/2036,600,-,-,Συμβατικά Καύσιμα,ΜΕΚ,Πετρέλαιο,Κατασκευής - Λειτουργίας,Εφεδρεία,Λεμεσός,Ζακάκι
K. DEMOU CONCRETE LTD,Ε004344/2024,05/03/2024,04/03/2036,320,-,-,Συμβατικά Καύσιμα,ΜΕΚ,Πετρέλαιο,Κατασκευής - Λειτουργίας,Αυτοπαραγωγή,Λευκωσία,Τσέρι
PIGRETO LTD,Ε004343/2024,05/03/2024,04/03/2036,53,-,-,Συμβατικά Καύσιμα,ΜΕΚ,Πετρέλαιο,Κατασκευής - Λειτουργίας,Εφεδρεία,Λεμεσός,Πύργος Λεμεσού
SOLARGEN 2 LTD,Ε004342/2024,05/03/2024,04/03/2054,900,-,-,ΑΠΕ,Φωτοβολταϊκό Σύστημα,,Λειτουργίας Σταθμού Παραγωγής Ηλεκτρισμού,Εμπορική Χρήση,Λάρνακα,Ψευδάς 
D.P. ELSIM LTD,Ε004340/2024,01/03/2024,28/02/2029,3000,-,-,ΑΠΕ,Φωτοβολταϊκό Σύστημα,,Κατασκευής Σταθμού Παραγωγής Ηλεκτρισμού,Εμπορική Χρήση,Αμμόχωστος,Αυγόρου
D.P. ELSIM LTD,Ε004339/2024,01/03/2024,28/02/2029,1500,-,-,ΑΠΕ,Φωτοβολταϊκό Σύστημα,,Κατασκευής Σταθμού Παραγωγής Ηλεκτρισμού,Εμπορική Χρήση,Αμμόχωστος,Αυγόρου
BP-S 126 LTD,Ε004338/2024,01/03/2024,28/02/2029,2300,2300,4600,ΑΠΕ,Φωτοβολταϊκό Σύστημα,,Κατασκευής Σταθμού Παραγωγής Ηλεκτρισμού,Εμπορική Χρήση,Λάρνακα,Τόχνη
ALPHA POWER GENERATION LTD,Ε004337/2024,01/03/2024,28/02/2029,827,-,-,ΑΠΕ,Φωτοβολταϊκό Σύστημα,,Κατασκευής Σταθμού Παραγωγής Ηλεκτρισμού,Εμπορική Χρήση,Λάρνακα,Μοσφιλωτή
ENERGYVERSE LTD,Ε004336/2024,01/03/2024,28/02/2029,5100,3350,6700,ΑΠΕ,Φωτοβολταϊκό Σύστημα,,Κατασκευής Σταθμού Παραγωγής Ηλεκτρισμού,Εμπορική Χρήση,Λάρνακα,Σκαρίνου
MEZIA LTD,Ε004335/2024,01/03/2024,28/02/2029,5320,-,-,ΑΠΕ,Φωτοβολταϊκό Σύστημα,,Κατασκευής Σταθμού Παραγωγής Ηλεκτρισμού,Εμπορική Χρήση,Λεμεσός,Μοναγρούλλι
BP-S 106 LTD,Ε004334/2024,16/02/2024,15/02/2054,700,-,-,ΑΠΕ,Φωτοβολταϊκό Σύστημα,,Λειτουργίας Σταθμού Παραγωγής Ηλεκτρισμού,Εμπορική Χρήση,Λάρνακα,Αλεθρικό 
BIOLAND PROJECT 44 LTD,Ε004333/2024,13/02/2024,12/02/2054,3500,-,-,ΑΠΕ,Φωτοβολταϊκό Σύστημα,,Λειτουργίας Σταθμού Παραγωγής Ηλεκτρισμού,Εμπορική Χρήση,Λευκωσία,Πάνω Δευτερά
BIOLAND PROJECT 58 LTD,Ε004332/2024,06/02/2024,05/02/2029,120,120,240,ΑΠΕ,Φωτοβολταϊκό Σύστημα,,Κατασκευής Σταθμού Παραγωγής Ηλεκτρισμού,Εμπορική Χρήση,Πάφος,Άγιος Δημητριανός
BIOLAND PROJECT 58 LTD,Ε004331/2024,06/02/2024,05/02/2029,120,120,240,ΑΠΕ,Φωτοβολταϊκό Σύστημα,,Κατασκευής Σταθμού Παραγωγής Ηλεκτρισμού,Εμπορική Χρήση,Πάφος,Άγιος Δημητριανός
ΦΥΣΙΚΟ ΠΡΟΣΩΠΟ,Ε004330/2024,06/02/2024,05/02/2029,1030,-,-,ΑΠΕ,Φωτοβολταϊκό Σύστημα,,Κατασκευής Σταθμού Παραγωγής Ηλεκτρισμού,Εμπορική Χρήση,Λεμεσός,Παρεκκλησία
Α/ΦΟΙ ΑΝΔΡΕΟΥ ΧΟΙΡΟΣΤΑΣΙΑ ΛΤΔ,Ε004329/2024,06/02/2024,05/02/2029,250,-,-,ΑΠΕ,Βιοαέριο,Βιοαέριο,Κατασκευής Σταθμού Παραγωγής Ηλεκτρισμού,Εμπορική Χρήση,Λάρνακα,Τερσεφάνου
Α/ΦΟΙ ΑΝΔΡΕΟΥ ΧΟΙΡΟΣΤΑΣΙΑ ΛΤΔ,Ε004328/2024,06/02/2024,05/02/2029,250,-,-,ΑΠΕ,Βιοαέριο,Βιοαέριο,Κατασκευής Σταθμού Παραγωγής Ηλεκτρισμού,Εμπορική Χρήση,Λάρνακα,Ξυλοτύμβου
AENIAS HOTEL LTD,Ε004327/2024,02/02/2024,01/02/2054,401.88,-,-,ΑΠΕ,Φωτοβολταϊκό Σύστημα,,Λειτουργίας Σταθμού Παραγωγής Ηλεκτρισμού,Αυτοπαραγωγή/Net-Billing,Αμμόχωστος,Αγία Νάπα
P&AMP;CK SOLAR LTD,Ε004325/2024,02/02/2024,01/02/2029,131.32,-,-,ΑΠΕ,Φωτοβολταϊκό Σύστημα,,Κατασκευής Σταθμού Παραγωγής Ηλεκτρισμού,Εμπορική Χρήση,Λευκωσία,Παλαιομέτοχο
A.CH. DMD FUTURE ENERGY LTD,Ε004324/2024,02/02/2024,01/02/2029,1300,-,-,ΑΠΕ,Φωτοβολταϊκό Σύστημα,,Κατασκευής Σταθμού Παραγωγής Ηλεκτρισμού,Εμπορική Χρήση,Πάφος,Μηλιά Πάφου
SUNFAN LTD,Ε004323/2024,02/02/2024,01/02/2029,5055,5055,22500,ΑΠΕ,Φωτοβολταϊκό Σύστημα,,Κατασκευής Σταθμού Παραγωγής Ηλεκτρισμού,Εμπορική Χρήση,Λεμεσός,Πάχνα
SOLARQUEST INVESTMENTS LTD,Ε004322/2024,02/02/2024,01/02/2029,1900,2000,4000,ΑΠΕ,Φωτοβολταϊκό Σύστημα,,Κατασκευής Σταθμού Παραγωγής Ηλεκτρισμού,Εμπορική Χρήση,Αμμόχωστος,Άχνα
HELLENIQ RENEWABLES CYPRUS ALAMINOS LTD,Ε004321/2024,02/02/2024,01/02/2029,1573,1500,500,ΑΠΕ,Φωτοβολταϊκό Σύστημα,,Κατασκευής Σταθμού Παραγωγής Ηλεκτρισμού,Εμπορική Χρήση,Αμμόχωστος,Άχνα
HELLENIQ RENEWABLES CYPRUS ALAMINOS LTD,Ε004320/2024,02/02/2024,01/02/2029,3340,3000,1000,ΑΠΕ,Φωτοβολταϊκό Σύστημα,,Κατασκευής Σταθμού Παραγωγής Ηλεκτρισμού,Εμπορική Χρήση,Αμμόχωστος,Αυγόρου
ARISTOKLIA SOLAR LTD,Ε004319/2024,02/02/2024,01/02/2029,530,-,-,ΑΠΕ,Φωτοβολταϊκό Σύστημα,,Κατασκευής Σταθμού Παραγωγής Ηλεκτρισμού,Εμπορική Χρήση,Λευκωσία,Νικητάρι
BP-S 127 LTD,Ε004318/2024,02/02/2024,01/02/2029,1200,1200,2400,ΑΠΕ,Φωτοβολταϊκό Σύστημα,,Κατασκευής Σταθμού Παραγωγής Ηλεκτρισμού,Εμπορική Χρήση,Λευκωσία,Εργάτες
GVP SOLAR ENERGY 1 LTD,Ε004317/2024,02/02/2024,01/02/2029,1000,-,-,ΑΠΕ,Φωτοβολταϊκό Σύστημα,,Κατασκευής Σταθμού Παραγωγής Ηλεκτρισμού,Εμπορική Χρήση,Πάφος,Χολέτρια
BP-S 117 LTD,Ε004316/2024,02/02/2024,01/02/2029,1200,1200,2400,ΑΠΕ,Φωτοβολταϊκό Σύστημα,,Κατασκευής Σταθμού Παραγωγής Ηλεκτρισμού,Εμπορική Χρήση,Λεμεσός,Σωτήρα
ΦΥΣΙΚΟ ΠΡΟΣΩΠΟ,Ε004315/2024,02/02/2024,01/02/2029,1500,-,-,ΑΠΕ,Φωτοβολταϊκό Σύστημα,,Κατασκευής Σταθμού Παραγωγής Ηλεκτρισμού,Εμπορική Χρήση,Πάφος,Δρούσεια
ΦΥΣΙΚΟ ΠΡΟΣΩΠΟ,Ε004314/2024,02/02/2024,01/02/2029,150,-,-,ΑΠΕ,Φωτοβολταϊκό Σύστημα,,Κατασκευής Σταθμού Παραγωγής Ηλεκτρισμού,Εμπορική Χρήση,Πάφος,Δρούσεια
BIOLAND PROJECT 46 LTD,Ε004313/2024,02/02/2024,01/02/2029,4500,4500,9000,ΑΠΕ,Φωτοβολταϊκό Σύστημα,,Κατασκευής Σταθμού Παραγωγής Ηλεκτρισμού,Εμπορική Χρήση,Λάρνακα,Καλό Χωριό Λάρνακας
BIOLAND PROJECT 46 LTD,Ε004312/2024,02/02/2024,01/02/2029,7000,7000,14000,ΑΠΕ,Φωτοβολταϊκό Σύστημα,,Κατασκευής Σταθμού Παραγωγής Ηλεκτρισμού,Εμπορική Χρήση,Λάρνακα,Αραδίππου
BIOLAND PROJECT 46 LTD,Ε004311/2024,02/02/2024,01/02/2029,2000,2000,4000,ΑΠΕ,Φωτοβολταϊκό Σύστημα,,Κατασκευής Σταθμού Παραγωγής Ηλεκτρισμού,Εμπορική Χρήση,Λάρνακα,Αραδίππου
BIOLAND PROJECT 46 LTD,Ε004310/2024,02/02/2024,01/02/2029,4500,4500,9000,ΑΠΕ,Φωτοβολταϊκό Σύστημα,,Κατασκευής Σταθμού Παραγωγής Ηλεκτρισμού,Εμπορική Χρήση,Λάρνακα,Αραδίππου
NAT ENERGY LTD,Ε004309/2024,02/02/2024,01/02/2029,980.5,-,-,ΑΠΕ,Φωτοβολταϊκό Σύστημα,,Κατασκευής Σταθμού Παραγωγής Ηλεκτρισμού,Εμπορική Χρήση,Λευκωσία,Πάνω Δευτερά
NAT ENERGY LTD,Ε004308/2024,02/02/2024,01/02/2029,591,-,-,ΑΠΕ,Φωτοβολταϊκό Σύστημα,,Κατασκευής Σταθμού Παραγωγής Ηλεκτρισμού,Εμπορική Χρήση,Λευκωσία,Πάνω Δευτερά
 C &AMP; S ENTERPRISES LIMITED,Ε004307/2024,19/01/2024,18/01/2054,200,-,-,ΑΠΕ,Φωτοβολταϊκό Σύστημα,,Λειτουργίας Σταθμού Παραγωγής Ηλεκτρισμού,Αυτοπαραγωγή/Net-Billing,Πάφος,Ακουρσός
BIOLAND PROJECT 17 LTD,Ε004306/2024,19/01/2024,18/01/2054,990,-,-,ΑΠΕ,Φωτοβολταϊκό Σύστημα,,Λειτουργίας Σταθμού Παραγωγής Ηλεκτρισμού,Εμπορική Χρήση,Λευκωσία,Κάτω Κουτραφάς
BIOLAND PROJECT 17 LTD,Ε004305/2024,19/01/2024,18/01/2054,400,-,-,ΑΠΕ,Φωτοβολταϊκό Σύστημα,,Λειτουργίας Σταθμού Παραγωγής Ηλεκτρισμού,Εμπορική Χρήση,Λευκωσία,Πάνω Κουτραφάς
BELLA NAPA HOTELS LTD,Ε004304/2024,12/01/2024,11/01/2036,400,-,-,Συμβατικά Καύσιμα,ΜΕΚ,Πετρέλαιο,Κατασκευής - Λειτουργίας,Εφεδρεία,Αμμόχωστος,Αγία Νάπα 
LEXEKO STUD CO LTD,Ε004303/2024,12/01/2024,11/01/2036,65,-,-,Συμβατικά Καύσιμα,ΜΕΚ,Πετρέλαιο,Κατασκευής - Λειτουργίας,Εφεδρεία,Λευκωσία,Λυθροδόντα
ARLYCO LTD ,Ε004302/2024,12/01/2024,11/01/2036,135,-,-,Συμβατικά Καύσιμα,ΜΕΚ,Πετρέλαιο,Κατασκευής - Λειτουργίας,Εφεδρεία,Λάρνακα,Αραδίππου
AZEEM &AMP; DANISH INVESTMENTS LTD,Ε004301/2024,12/01/2024,11/01/2036,100,-,-,Συμβατικά Καύσιμα,ΜΕΚ,Πετρέλαιο,Κατασκευής - Λειτουργίας,Εφεδρεία,Λευκωσία,Πέρα Χωριό
C.A. PAPAELLINAS LTD,Ε004300/2024,12/01/2024,11/01/2036,400,-,-,Συμβατικά Καύσιμα,ΜΕΚ,Πετρέλαιο,Κατασκευής - Λειτουργίας,Εφεδρεία,Λευκωσία,Πέρα Χωριό
C.A. PAPAELLINAS LTD,Ε004299/2024,12/01/2024,11/01/2036,950,-,-,Συμβατικά Καύσιμα,ΜΕΚ,Πετρέλαιο,Κατασκευής - Λειτουργίας,Εφεδρεία,Λευκωσία,Λατσιά
Ο. Κ. ΥΠ. Υ.,Ε004298/2024,12/01/2024,11/01/2036,810,-,-,Συμβατικά Καύσιμα,ΜΕΚ,Πετρέλαιο,Κατασκευής - Λειτουργίας,Εφεδρεία,Λεμεσός,Κυπερούντα 
Ο. Κ. ΥΠ. Υ.,Ε004297/2024,12/01/2024,11/01/2036,360,-,-,Συμβατικά Καύσιμα,ΜΕΚ,Πετρέλαιο,Κατασκευής - Λειτουργίας,Εφεδρεία,Πάφος,Πάφου
ΥΠΟΥΡΓΕΙΟ ΑΜΥΝΑΣ,Ε004296/2024,12/01/2024,11/01/2036,176,-,-,Συμβατικά Καύσιμα,ΜΕΚ,Πετρέλαιο,Κατασκευής - Λειτουργίας,Εφεδρεία,Λευκωσία,Λακατάμια
AENIAS HOTELS LTD,Ε004295/2024,12/01/2024,11/01/2036,660,-,-,Συμβατικά Καύσιμα,ΜΕΚ,Πετρέλαιο,Κατασκευής - Λειτουργίας,Εφεδρεία,Αμμόχωστος,Αγία Νάπα
L &AMP; T PV TECH LTD,Ε004294/2024,05/01/2024,04/01/2029,0,1000,2000,ΑΠΕ,Φωτοβολταϊκό Σύστημα,,Κατασκευής Σταθμού Παραγωγής Ηλεκτρισμού,Εμπορική Χρήση,Αμμόχωστος,Φρέναρος
L &AMP; T SUN ENERGY LTD,Ε004293/2024,05/01/2024,04/01/2029,1000,4000,18000,ΑΠΕ,Φωτοβολταϊκό Σύστημα,,Κατασκευής Σταθμού Παραγωγής Ηλεκτρισμού,Εμπορική Χρήση,Λεμεσός,Αλέκτορα
L &AMP; T ENERGIA LTD,Ε004292/2024,05/01/2024,04/01/2029,0,2000,4000,ΑΠΕ,Φωτοβολταϊκό Σύστημα,,Κατασκευής Σταθμού Παραγωγής Ηλεκτρισμού,Εμπορική Χρήση,Λευκωσία,Δάλι
L &AMP; T RES SYSTEMS LTD,Ε004291/2024,05/01/2024,04/01/2029,0,1000,2000,ΑΠΕ,Φωτοβολταϊκό Σύστημα,,Κατασκευής Σταθμού Παραγωγής Ηλεκτρισμού,Εμπορική Χρήση,Αμμόχωστος,Αυγόρου
L &AMP; T SOLAR LTD,Ε004290/2024,05/01/2024,04/01/2029,0,2000,4000,ΑΠΕ,Φωτοβολταϊκό Σύστημα,,Κατασκευής Σταθμού Παραγωγής Ηλεκτρισμού,Εμπορική Χρήση,Αμμόχωστος,Φρέναρος
SOLARITY LTD,Ε004289/2024,05/01/2024,04/01/2029,3000,3000,5500,ΑΠΕ,Φωτοβολταϊκό Σύστημα,,Κατασκευής Σταθμού Παραγωγής Ηλεκτρισμού,Εμπορική Χρήση,Λευκωσία,Άγιος Ιωάννης Μαλούντας
ΦΥΣΙΚΟ ΠΡΟΣΩΠΟ,Ε004288/2024,05/01/2024,04/01/2029,150,-,-,ΑΠΕ,Φωτοβολταϊκό Σύστημα,,Κατασκευής Σταθμού Παραγωγής Ηλεκτρισμού,Εμπορική Χρήση,Πάφος,Δρούσεια
RANGY TRADING LTD,Ε004287/2024,05/01/2024,04/01/2029,1270,-,-,ΑΠΕ,Φωτοβολταϊκό Σύστημα,,Κατασκευής Σταθμού Παραγωγής Ηλεκτρισμού,Εμπορική Χρήση,Λευκωσία,Σιά
ΦΥΣΙΚΟ ΠΡΟΣΩΠΟ,Ε004286/2024,05/01/2024,04/01/2029,150,-,-,ΑΠΕ,Φωτοβολταϊκό Σύστημα,,Κατασκευής Σταθμού Παραγωγής Ηλεκτρισμού,Εμπορική Χρήση,Λευκωσία,Λυθροδόντα
BP-S 114 LTD,Ε004285/2024,05/01/2024,04/01/2029,4500,4500,9000,ΑΠΕ,Φωτοβολταϊκό Σύστημα,,Κατασκευής Σταθμού Παραγωγής Ηλεκτρισμού,Εμπορική Χρήση,Λάρνακα,Ξυλοτύμπου
GOTIARE LTD,Ε004284/2024,05/01/2024,04/01/2029,7091,4500,9000,ΑΠΕ,Φωτοβολταϊκό Σύστημα,,Κατασκευής Σταθμού Παραγωγής Ηλεκτρισμού,Εμπορική Χρήση,Λεμεσός,Ύψωνα
GOTIARE LTD,Ε004283/2024,05/01/2024,04/01/2029,4354,2750,5500,ΑΠΕ,Φωτοβολταϊκό Σύστημα,,Κατασκευής Σταθμού Παραγωγής Ηλεκτρισμού,Εμπορική Χρήση,Λεμεσός,Ύψωνα
GOTIARE LTD,Ε004282/2024,05/01/2024,04/01/2029,2387,1600,3200,ΑΠΕ,Φωτοβολταϊκό Σύστημα,,Κατασκευής Σταθμού Παραγωγής Ηλεκτρισμού,Εμπορική Χρήση,Λεμεσός,Ύψωνα
BP-S 112 LTD,Ε004281/2024,05/01/2024,04/01/2029,500,500,1000,ΑΠΕ,Φωτοβολταϊκό Σύστημα,,Κατασκευής Σταθμού Παραγωγής Ηλεκτρισμού,Εμπορική Χρήση,Λευκωσία,Λύμπια
Y&AMP;K SOLAR ENERGY LTD,Ε004280/2024,05/01/2024,04/01/2029,3000,-,-,ΑΠΕ,Φωτοβολταϊκό Σύστημα,,Κατασκευής Σταθμού Παραγωγής Ηλεκτρισμού,Εμπορική Χρήση,Λευκωσία,Γέρι
SHERBETIFY LTD,Ε004279/2024,05/01/2024,04/01/2029,1300,1300,2600,ΑΠΕ,Φωτοβολταϊκό Σύστημα,,Κατασκευής Σταθμού Παραγωγής Ηλεκτρισμού,Εμπορική Χρήση,Λάρνακα,Ορμήδεια
ΦΥΣΙΚΟ ΠΡΟΣΩΠΟ,Ε004278/2024,05/01/2024,04/01/2029,150,-,-,ΑΠΕ,Φωτοβολταϊκό Σύστημα,,Κατασκευής Σταθμού Παραγωγής Ηλεκτρισμού,Εμπορική Χρήση,Λάρνακα,Σκαρίνου
ΦΥΣΙΚΟ ΠΡΟΣΩΠΟ,Ε004277/2024,05/01/2024,04/01/2029,150,-,-,ΑΠΕ,Φωτοβολταϊκό Σύστημα,,Κατασκευής Σταθμού Παραγωγής Ηλεκτρισμού,Εμπορική Χρήση,Λάρνακα,Σκαρίνου
SHERBETIFY LTD,Ε004276/2024,05/01/2024,04/01/2029,800,800,1600,ΑΠΕ,Φωτοβολταϊκό Σύστημα,,Κατασκευής Σταθμού Παραγωγής Ηλεκτρισμού,Εμπορική Χρήση,Λάρνακα,Ξυλοτύμπου
BP-S 114 LTD,Ε004275/2024,05/01/2024,04/01/2029,2500,2500,5000,ΑΠΕ,Φωτοβολταϊκό Σύστημα,,Κατασκευής Σταθμού Παραγωγής Ηλεκτρισμού,Εμπορική Χρήση,Λάρνακα,Ξυλοτύμπου
BP-S 113 LTD,Ε004274/2024,05/01/2024,04/01/2029,900,900,1800,ΑΠΕ,Φωτοβολταϊκό Σύστημα,,Κατασκευής Σταθμού Παραγωγής Ηλεκτρισμού,Εμπορική Χρήση,Λάρνακα,Πετροφάνι
GREENIUM ENERGY LTD,Ε004273/2024,05/01/2024,04/01/2029,1460,500,500,ΑΠΕ,Φωτοβολταϊκό Σύστημα,,Κατασκευής Σταθμού Παραγωγής Ηλεκτρισμού,Εμπορική Χρήση,Λάρνακα,Πύλα
GREENIUM ENERGY LTD,Ε004272/2024,05/01/2024,04/01/2029,8000,2800,2800,ΑΠΕ,Φωτοβολταϊκό Σύστημα,,Κατασκευής Σταθμού Παραγωγής Ηλεκτρισμού,Εμπορική Χρήση,Λάρνακα,Πύλα
JOIST ENERGY LTD ,Ε004271/2024,05/01/2024,04/01/2029,2000,700,700,ΑΠΕ,Φωτοβολταϊκό Σύστημα,,Κατασκευής Σταθμού Παραγωγής Ηλεκτρισμού,Εμπορική Χρήση,Πάφος,Χωλέτρια
BP-S 107 LTD,Ε004270/2024,05/01/2024,04/01/2029,1150,1150,4600,ΑΠΕ,Φωτοβολταϊκό Σύστημα,,Κατασκευής Σταθμού Παραγωγής Ηλεκτρισμού,Εμπορική Χρήση,Λάρνακα,Ξυλοτύμπου
STALOI INVESTMENTS LTD,Ε004266/2024,09/01/2024,08/01/2029,111,-,-,ΑΠΕ,Φωτοβολταϊκό Σύστημα,,Κατασκευής Σταθμού Παραγωγής Ηλεκτρισμού,Εμπορική Χρήση,Λευκωσία,Λύμπια
ZECORANO ENERGY LTD,Ε004265/2024,09/01/2024,08/01/2029,2117,1400,2800,ΑΠΕ,Φωτοβολταϊκό Σύστημα,,Κατασκευής Σταθμού Παραγωγής Ηλεκτρισμού,Εμπορική Χρήση,Λεμεσός,Πάχνα
NEW WAY ENGINEERING LTD,Ε004264/2024,09/01/2024,08/01/2029,150,-,-,ΑΠΕ,Φωτοβολταϊκό Σύστημα,,Κατασκευής Σταθμού Παραγωγής Ηλεκτρισμού,Εμπορική Χρήση,Πάφος,Δήμος Πόλεως Χρυσοχού
ΦΥΣΙΚΟ ΠΡΟΣΩΠΟ,Ε004263/2024,09/01/2024,08/01/2029,150,-,-,ΑΠΕ,Φωτοβολταϊκό Σύστημα,,Κατασκευής Σταθμού Παραγωγής Ηλεκτρισμού,Εμπορική Χρήση,Πάφος,Κάθικας
ΦΥΣΙΚΟ ΠΡΟΣΩΠΟ,Ε004262/2024,09/01/2024,08/01/2029,150,-,-,ΑΠΕ,Φωτοβολταϊκό Σύστημα,,Κατασκευής Σταθμού Παραγωγής Ηλεκτρισμού,Εμπορική Χρήση,Πάφος,Δρούσεια
ΦΥΣΙΚΟ ΠΡΟΣΩΠΟ,Ε004261/2024,09/01/2024,08/01/2029,150,-,-,ΑΠΕ,Φωτοβολταϊκό Σύστημα,,Κατασκευής Σταθμού Παραγωγής Ηλεκτρισμού,Εμπορική Χρήση,Πάφος,Δρούσεια
ΦΥΣΙΚΟ ΠΡΟΣΩΠΟ,Ε004260/2024,09/01/2024,08/01/2029,1500,-,-,ΑΠΕ,Φωτοβολταϊκό Σύστημα,,Κατασκευής Σταθμού Παραγωγής Ηλεκτρισμού,Εμπορική Χρήση,Πάφος,Νέο Χωριό Πάφου
ΦΥΣΙΚΟ ΠΡΟΣΩΠΟ,Ε004259/2024,09/01/2024,08/01/2029,150,-,-,ΑΠΕ,Φωτοβολταϊκό Σύστημα,,Κατασκευής Σταθμού Παραγωγής Ηλεκτρισμού,Εμπορική Χρήση,Αμμόχωστος,Άχνα
MGE MARONI GREEN ENERGY LTD,Ε004258/2024,09/01/2024,08/01/2029,675,-,-,ΑΠΕ,Φωτοβολταϊκό Σύστημα,,Κατασκευής Σταθμού Παραγωγής Ηλεκτρισμού,Εμπορική Χρήση,Λάρνακα,Μαρώνι
VALYRIAN INVESTMENTS LTD,Ε004257/2024,09/01/2024,08/01/2029,150,-,-,ΑΠΕ,Φωτοβολταϊκό Σύστημα,,Κατασκευής Σταθμού Παραγωγής Ηλεκτρισμού,Εμπορική Χρήση,Λεμεσός,Πισσούρι
HELLENIQ RENEWABLES CYPRUS AGIA VARVARA LTD,Ε004255/2024,22/12/2023,21/12/2028,5627,925,1850,ΑΠΕ,Φωτοβολταϊκό Σύστημα,,Κατασκευής Σταθμού Παραγωγής Ηλεκτρισμού,Εμπορική Χρήση,Λευκωσία,Αγία Βαρβάρα
HELLENIQ RENEWABLES CYPRUS AGIA VARVARA LTD,Ε004254/2024,22/12/2023,21/12/2028,3031,500,1000,ΑΠΕ,Φωτοβολταϊκό Σύστημα,,Κατασκευής Σταθμού Παραγωγής Ηλεκτρισμού,Εμπορική Χρήση,Λευκωσία,Αγία Βαρβάρα
HELLENIQ RENEWABLES CYPRUS PAPHOS LTD,Ε004253/2024,22/12/2023,21/12/2028,1645,500,250,ΑΠΕ,Φωτοβολταϊκό Σύστημα,,Κατασκευής Σταθμού Παραγωγής Ηλεκτρισμού,Εμπορική Χρήση,Πάφος,Δρούσεια
CH. FOULLI ENERGY &AMP; CONSULTING LTD,Ε004252/2024,22/12/2023,21/12/2028,150,-,-,ΑΠΕ,Φωτοβολταϊκό Σύστημα,,Κατασκευής Σταθμού Παραγωγής Ηλεκτρισμού,Εμπορική Χρήση,Λεμεσός,Πύργος
CYRUS POWER LTD,Ε004251/2024,09/01/2024,08/01/2029,3593,-,-,ΑΠΕ,Φωτοβολταϊκό Σύστημα,,Κατασκευής Σταθμού Παραγωγής Ηλεκτρισμού,Εμπορική Χρήση,Λευκωσία,Πολιτικό
CYRUS POWER LTD,Ε004250/2024,09/01/2024,08/01/2029,3496,-,-,ΑΠΕ,Φωτοβολταϊκό Σύστημα,,Κατασκευής Σταθμού Παραγωγής Ηλεκτρισμού,Εμπορική Χρήση,Λευκωσία,Σια
BIOLAND PROJECT 30 LTD,Ε004249/2024,09/01/2024,08/01/2054,1500,-,-,ΑΠΕ,Φωτοβολταϊκό Σύστημα,,Λειτουργίας Σταθμού Παραγωγής Ηλεκτρισμού,Εμπορική Χρήση,Λευκωσία,Μαργί
ΑΡΧΗ ΤΗΛΕΠΙΚΟΙΝΩΝΙΩΝ ΚΥΠΡΟΥ,Ε004248/2023,19/12/2023,18/12/2053,151,-,-,ΑΠΕ,Φωτοβολταϊκό Σύστημα,,Λειτουργίας Σταθμού Παραγωγής Ηλεκτρισμού,Αυτοπαραγωγή/Net-Billing,Λευκωσία,Στρόβολος
LPV STARLIGHT SYSTEMS LTD,Ε004247/2023,15/12/2023,14/12/2053,1500,-,-,ΑΠΕ,Φωτοβολταϊκό Σύστημα,,Λειτουργίας Σταθμού Παραγωγής Ηλεκτρισμού,Εμπορική Χρήση,Αμμόχωστος,Λιοπέτρι
SIMF SUN ENERGY LTD,Ε004246/2023,12/12/2023,11/12/2028,4000,-,-,ΑΠΕ,Φωτοβολταϊκό Σύστημα,,Κατασκευής Σταθμού Παραγωγής Ηλεκτρισμού,Εμπορική Χρήση,Λάρνακα,Σοφτάδες
GOTIARE LTD,Ε004245/2023,12/12/2023,11/12/2028,4662,2800,5600,ΑΠΕ,Φωτοβολταϊκό Σύστημα,,Κατασκευής Σταθμού Παραγωγής Ηλεκτρισμού,Εμπορική Χρήση,Λευκωσία,Αναλιόντα
GOTIARE LTD,Ε004244/2023,12/12/2023,11/12/2028,4459,2850,5700,ΑΠΕ,Φωτοβολταϊκό Σύστημα,,Κατασκευής Σταθμού Παραγωγής Ηλεκτρισμού,Εμπορική Χρήση,Λευκωσία,Αναλιόντα
GOTIARE LTD,Ε004243/2023,12/12/2023,11/12/2028,5712,3500,6900,ΑΠΕ,Φωτοβολταϊκό Σύστημα,,Κατασκευής Σταθμού Παραγωγής Ηλεκτρισμού,Εμπορική Χρήση,Λευκωσία,Αναλιόντα
ΦΥΣΙΚΟ ΠΡΟΣΩΠΟ,Ε004242/2023,12/12/2023,11/12/2028,150,-,-,ΑΠΕ,Φωτοβολταϊκό Σύστημα,,Κατασκευής Σταθμού Παραγωγής Ηλεκτρισμού,Εμπορική Χρήση,Λάρνακα,Αραδίππου
BP-S 109 LTD,Ε004241/2023,12/12/2023,11/12/2028,4000,-,-,ΑΠΕ,Φωτοβολταϊκό Σύστημα,,Κατασκευής Σταθμού Παραγωγής Ηλεκτρισμού,Εμπορική Χρήση,Λάρνακα,Αθηαίνου
RAGECO LTD,Ε004240/2023,12/12/2023,11/12/2028,714,-,-,ΑΠΕ,Φωτοβολταϊκό Σύστημα,,Κατασκευής Σταθμού Παραγωγής Ηλεκτρισμού,Εμπορική Χρήση,Λευκωσία,Περιστερώνα
ΙΕΡΑ ΜΗΤΡΟΠΟΛΗΣ ΤΑΜΑΣΟΥ &AMP; ΟΡΕΙΝΗΣ,Ε004237/2023,08/12/2023,07/12/2053,96,-,-,ΑΠΕ,Φωτοβολταϊκό Σύστημα,,Λειτουργίας Σταθμού Παραγωγής Ηλεκτρισμού,Αυτοπαραγωγή/Net-Billing,Λευκωσία,Επισκοπειό
ΦΥΣΙΚΟ ΠΡΟΣΩΠΟ,Ε004236/2023,08/12/2023,07/12/2053,149.85,-,-,ΑΠΕ,Φωτοβολταϊκό Σύστημα,,Λειτουργίας Σταθμού Παραγωγής Ηλεκτρισμού,Εμπορική Χρήση,Λευκωσία,Τσέρι
FUTURE SUN POWER LTD,Ε004235/2023,05/12/2023,04/12/2028,3723,1500,1500,ΑΠΕ,Φωτοβολταϊκό Σύστημα,,Κατασκευής Σταθμού Παραγωγής Ηλεκτρισμού,Εμπορική Χρήση,Λευκωσία,Λύμπια
FUTURE SUN POWER LTD,Ε004234/2023,05/12/2023,04/12/2028,1619,1000,1000,ΑΠΕ,Φωτοβολταϊκό Σύστημα,,Κατασκευής Σταθμού Παραγωγής Ηλεκτρισμού,Εμπορική Χρήση,Λεμεσός,Σουνι - Ζανατζιά
FUTURE SUN POWER LTD,Ε004233/2023,05/12/2023,04/12/2028,1598,1000,1000,ΑΠΕ,Φωτοβολταϊκό Σύστημα,,Κατασκευής Σταθμού Παραγωγής Ηλεκτρισμού,Εμπορική Χρήση,Αμμόχωστος,Σωτήρα
FUTURE SUN POWER LTD,Ε004232/2023,05/12/2023,04/12/2028,6961,3000,3000,ΑΠΕ,Φωτοβολταϊκό Σύστημα,,Κατασκευής Σταθμού Παραγωγής Ηλεκτρισμού,Εμπορική Χρήση,Λάρνακα,Τρούλλοι
FUTURE SUN POWER LTD,Ε004231/2023,05/12/2023,04/12/2028,2397,1000,1000,ΑΠΕ,Φωτοβολταϊκό Σύστημα,,Κατασκευής Σταθμού Παραγωγής Ηλεκτρισμού,Εμπορική Χρήση,Αμμόχωστος,Φρέναρος
ΑΡΧΗ ΗΛΕΚΤΡΙΣΜΟΥ ΚΥΠΡΟΥ,Ε004230/2023,01/12/2023,30/11/2028,8000,-,-,ΑΠΕ,Φωτοβολταϊκό Σύστημα,,Κατασκευής Σταθμού Παραγωγής Ηλεκτρισμού,Εμπορική Χρήση,Λευκωσία,Λουρουκίνα
ΑΡΧΗ ΗΛΕΚΤΡΙΣΜΟΥ ΚΥΠΡΟΥ,Ε004229/2023,01/12/2023,30/11/2028,3200,1000,2000,ΑΠΕ,Φωτοβολταϊκό Σύστημα,,Κατασκευής Σταθμού Παραγωγής Ηλεκτρισμού,Εμπορική Χρήση,Λάρνακα,Τερσεφάνου
ΑΡΧΗ ΗΛΕΚΤΡΙΣΜΟΥ ΚΥΠΡΟΥ,Ε004228/2023,01/12/2023,30/11/2028,8000,-,-,ΑΠΕ,Φωτοβολταϊκό Σύστημα,,Κατασκευής Σταθμού Παραγωγής Ηλεκτρισμού,Εμπορική Χρήση,Λεμεσός,Ακρωτήρι
SANTIAM INVESTMENT III LTD,Ε004225/2023,01/12/2023,30/11/2053,670,-,-,ΑΠΕ,Φωτοβολταϊκό Σύστημα,,Λειτουργίας Σταθμού Παραγωγής Ηλεκτρισμού,Εμπορική Χρήση,Λευκωσία,Περιστερώνα
SANTIAM INVESTMENT III LTD,Ε004224/2023,01/12/2023,30/11/2053,2260,-,-,ΑΠΕ,Φωτοβολταϊκό Σύστημα,,Λειτουργίας Σταθμού Παραγωγής Ηλεκτρισμού,Εμπορική Χρήση,Λευκωσία,Περιστερώνα
SANTIAM INVESTMENT I LTD,Ε004223/2023,01/12/2023,30/11/2053,6426,-,-,ΑΠΕ,Φωτοβολταϊκό Σύστημα,,Λειτουργίας Σταθμού Παραγωγής Ηλεκτρισμού,Εμπορική Χρήση,Λευκωσία,Φλάσου
SANTIAM INVESTMENT I LTD,Ε004222/2023,01/12/2023,30/11/2053,7570,-,-,ΑΠΕ,Φωτοβολταϊκό Σύστημα,,Λειτουργίας Σταθμού Παραγωγής Ηλεκτρισμού,Εμπορική Χρήση,Λευκωσία,Φλάσου
S.S.H. SOLAR ENERGY PLUS LTD,Ε004221/2023,17/11/2023,16/11/2028,3063,-,-,ΑΠΕ,Φωτοβολταϊκό Σύστημα,,Κατασκευής Σταθμού Παραγωγής Ηλεκτρισμού,Εμπορική Χρήση,Λευκωσία,Γέρι
SOLEK LARNAKA I LTD,Ε004220/2023,17/11/2023,16/11/2028,4300,-,-,ΑΠΕ,Φωτοβολταϊκό Σύστημα,,Κατασκευής Σταθμού Παραγωγής Ηλεκτρισμού,Εμπορική Χρήση,Λάρνακα,Αλαμινό
D.P. ELSIM LTD,Ε004218/2023,24/11/2023,23/11/2053,1000,-,-,ΑΠΕ,Φωτοβολταϊκό Σύστημα,,Λειτουργίας Σταθμού Παραγωγής Ηλεκτρισμού,Εμπορική Χρήση,Αμμόχωστος,Αυγόρου
ΤΑΚΗΣ ΧΑΡΑΛΑΜΠΟΥΣ ΚΑΙ ΣΙΑ ΛΤΔ,Ε004217/2023,10/11/2023,09/11/2053,60,-,-,ΑΠΕ,Φωτοβολταϊκό Σύστημα,,Λειτουργίας Σταθμού Παραγωγής Ηλεκτρισμού,Αυτοπαραγωγή/Net-Billing,Λευκωσία,Βιομ. Περιοχή Εργατών
ΙΕΡΑ ΜΗΤΡΟΠΟΛΙΣ ΛΕΜΕΣΟΥ,Ε004216/2023,07/11/2023,06/11/2035,160,-,-,Συμβατικά Καύσιμα,ΜΕΚ,Πετρέλαιο,Κατασκευής - Λειτουργίας,Εφεδρεία,Λεμεσός,Μονιάτη
RDOMAIN LTD,Ε004215/2023,07/11/2023,06/11/2035,120,-,-,Συμβατικά Καύσιμα,ΜΕΚ,Πετρέλαιο,Κατασκευής - Λειτουργίας,Εφεδρεία,Λάρνακα,Κόρνος
IAKOVOS PHOTIADES FOODSTUFF SUPPLIERS LTD,Ε004214/2023,07/11/2023,06/11/2035,800,-,-,Συμβατικά Καύσιμα,ΜΕΚ,Πετρέλαιο,Κατασκευής - Λειτουργίας,Εφεδρεία,Λευκωσία,Ιδαλίου
ΒΑΣΟΣ ΚΑΙ ΑΔΑΜΟΣ ΙΩΑΝΝΟΥ ΚΟ ΛΤΔ,Ε004213/2023,07/11/2023,06/11/2035,70.4,-,-,Συμβατικά Καύσιμα,ΜΕΚ,Πετρέλαιο,Κατασκευής - Λειτουργίας,Εφεδρεία,Αμμόχωστος,Αγία Νάπα 
FATTAL LARNACA LTD,Ε004212/2023,07/11/2023,06/11/2035,300,-,-,Συμβατικά Καύσιμα,ΜΕΚ,Πετρέλαιο,Κατασκευής - Λειτουργίας,Εφεδρεία,Λάρνακα,Λάρνακα
SKYRAMONT QUARRIES LTD,Ε004211/2023,07/11/2023,06/11/2035,39.9,-,-,Συμβατικά Καύσιμα,ΜΕΚ,Πετρέλαιο,Κατασκευής - Λειτουργίας,Εφεδρεία,Λεμεσός,Παρεκκλησία
SKYRAMONT QUARRIES LTD,Ε004210/2023,07/11/2023,06/11/2035,104,-,-,Συμβατικά Καύσιμα,ΜΕΚ,Πετρέλαιο,Κατασκευής - Λειτουργίας,Εφεδρεία,Λεμεσός,Παρακκλησία
ΦΥΣΙΚΟ ΠΡΟΣΩΠΟ,Ε004208/2023,27/10/2023,26/10/2028,150,-,-,ΑΠΕ,Φωτοβολταϊκό Σύστημα,,Κατασκευής Σταθμού Παραγωγής Ηλεκτρισμού,Εμπορική Χρήση,Πάφος,Πεντάλια
ΦΥΣΙΚΟ ΠΡΟΣΩΠΟ,Ε004207/2023,27/10/2023,26/10/2028,150,-,-,ΑΠΕ,Φωτοβολταϊκό Σύστημα,,Κατασκευής Σταθμού Παραγωγής Ηλεκτρισμού,Εμπορική Χρήση,Πάφος,Πεντάλια
ESPERIA ENERGY (AYIA NAPA 1) LTD,Ε004206/2023,27/10/2023,26/10/2028,5990,-,-,ΑΠΕ,Φωτοβολταϊκό Σύστημα,,Κατασκευής Σταθμού Παραγωγής Ηλεκτρισμού,Εμπορική Χρήση,Αμμόχωστος,Αγία Νάπα 
ΔΗΜΟΣ ΑΘΗΕΝΟΥ,Ε004205/2023,27/10/2023,26/10/2028,3200,-,-,ΑΠΕ,Φωτοβολταϊκό Σύστημα,,Κατασκευής Σταθμού Παραγωγής Ηλεκτρισμού,Εμπορική Χρήση,Λάρνακα,Δήμο Αθηένου
RED RAIN LTD,Ε004204/2023,27/10/2023,26/10/2028,1200,-,-,ΑΠΕ,Φωτοβολταϊκό Σύστημα,,Κατασκευής Σταθμού Παραγωγής Ηλεκτρισμού,Εμπορική Χρήση,Πάφος,Στενή
RED RAIN LTD,Ε004203/2023,27/10/2023,26/10/2028,3500,-,-,ΑΠΕ,Φωτοβολταϊκό Σύστημα,,Κατασκευής Σταθμού Παραγωγής Ηλεκτρισμού,Εμπορική Χρήση,Πάφος,Λυσό
RAGECO LTD,Ε004202/2023,27/10/2023,26/10/2028,1071,375,750,ΑΠΕ,Φωτοβολταϊκό Σύστημα,,Κατασκευής Σταθμού Παραγωγής Ηλεκτρισμού,Εμπορική Χρήση,Λευκωσία,Αστρομερίτη
BP-S 109 LTD,Ε004201/2023,27/10/2023,26/10/2028,2400,-,-,ΑΠΕ,Φωτοβολταϊκό Σύστημα,,Κατασκευής Σταθμού Παραγωγής Ηλεκτρισμού,Εμπορική Χρήση,Λάρνακα,Αθηαίνου
LCA AVIATION FUELING SYSTEM LTD,Ε004200/2023,27/10/2023,26/10/2053,215.95,-,-,ΑΠΕ,Φωτοβολταϊκό Σύστημα,,Λειτουργίας Σταθμού Παραγωγής Ηλεκτρισμού,Αυτοπαραγωγή/Net-Billing,Λάρνακα,Μενεού
AGM SOLAR POWER LTD,Ε004199/2023,24/10/2023,23/10/2028,999.44,1000,2000,ΑΠΕ,Φωτοβολταϊκό Σύστημα,,Κατασκευής Σταθμού Παραγωγής Ηλεκτρισμού,Εμπορική Χρήση,Λάρνακα,Ξυλοτύμπου
ASTROLAVOS SOLAR ENERGY (CY) LTD,Ε004196/2023,24/10/2023,23/10/2028,816,-,-,ΑΠΕ,Φωτοβολταϊκό Σύστημα,,Κατασκευής Σταθμού Παραγωγής Ηλεκτρισμού,Εμπορική Χρήση,Λευκωσία,Αστρομερίτη
RAGECO LTD,Ε004195/2023,24/10/2023,23/10/2028,834,-,-,ΑΠΕ,Φωτοβολταϊκό Σύστημα,,Κατασκευής Σταθμού Παραγωγής Ηλεκτρισμού,Εμπορική Χρήση,Λευκωσία,Αστρομερίτη
ΛΑΙΚΗ ΥΠΕΡΑΓΟΡΑ ΤΡΕΜΕΤΟΥΣΙΩΤΗΣ ΛΤΔ,Ε004194/2023,24/10/2023,23/10/2028,350,-,-,ΑΠΕ,Φωτοβολταϊκό Σύστημα,,Κατασκευής Σταθμού Παραγωγής Ηλεκτρισμού,Εμπορική Χρήση,Λάρνακα,Αραδίππου
SOLUTRONIC ENERGY (CY) LTD,Ε004193/2023,20/10/2023,19/10/2028,385,-,-,ΑΠΕ,Φωτοβολταϊκό Σύστημα,,Κατασκευής Σταθμού Παραγωγής Ηλεκτρισμού,Εμπορική Χρήση,Λεμεσός,Παρεκκλησιά
GKA SUNENERGY LTD,Ε004192/2023,20/10/2023,19/10/2028,450,150,3590,ΑΠΕ,Φωτοβολταϊκό Σύστημα,,Κατασκευής Σταθμού Παραγωγής Ηλεκτρισμού,Εμπορική Χρήση,Λάρνακα,Πετροφάνι
GKA SUNENERGY LTD,Ε004191/2023,20/10/2023,19/10/2028,3605,1202,3590,ΑΠΕ,Φωτοβολταϊκό Σύστημα,,Κατασκευής Σταθμού Παραγωγής Ηλεκτρισμού,Εμπορική Χρήση,Λάρνακα,Πετροφάνι
GKA SUNENERGY LTD,Ε004190/2023,20/10/2023,19/10/2028,1243,414,1155,ΑΠΕ,Φωτοβολταϊκό Σύστημα,,Κατασκευής Σταθμού Παραγωγής Ηλεκτρισμού,Εμπορική Χρήση,Λάρνακα,Πετροφάνι
GKA SUNENERGY LTD,Ε004189/2023,20/10/2023,19/10/2028,2983,995,2973,ΑΠΕ,Φωτοβολταϊκό Σύστημα,,Κατασκευής Σταθμού Παραγωγής Ηλεκτρισμού,Εμπορική Χρήση,Λάρνακα,Πετροφάνι
ESPERIA ENERGY (TSERI 2) LTD,Ε004187/2023,20/10/2023,19/10/2028,7990,-,-,ΑΠΕ,Φωτοβολταϊκό Σύστημα,,Κατασκευής Σταθμού Παραγωγής Ηλεκτρισμού,Εμπορική Χρήση,Λευκωσία,Δήμος Τσερίου
GREENFIN ENERGIES KYRA LTD,Ε004186/2023,13/10/2023,12/10/2028,7990,-,-,ΑΠΕ,Φωτοβολταϊκό Σύστημα,,Κατασκευής Σταθμού Παραγωγής Ηλεκτρισμού,Εμπορική Χρήση,Λάρνακα,Πύλα
GREENFIN ENERGIES KYRA LTD,Ε004185/2023,13/10/2023,12/10/2028,7990,-,-,ΑΠΕ,Φωτοβολταϊκό Σύστημα,,Κατασκευής Σταθμού Παραγωγής Ηλεκτρισμού,Εμπορική Χρήση,Λάρνακα,Πύλα
GREENFIN ENERGIES KYRA LTD,Ε004184/2023,13/10/2023,12/10/2028,7990,-,-,ΑΠΕ,Φωτοβολταϊκό Σύστημα,,Κατασκευής Σταθμού Παραγωγής Ηλεκτρισμού,Εμπορική Χρήση,Λάρνακα,Πύλα
GREENFIN ENERGIES KYRA LTD,Ε004183/2023,13/10/2023,12/10/2028,7990,-,-,ΑΠΕ,Φωτοβολταϊκό Σύστημα,,Κατασκευής Σταθμού Παραγωγής Ηλεκτρισμού,Εμπορική Χρήση,Λάρνακα,Πύλα
GREENFIN ENERGIES KYRA LTD,Ε004182/2023,13/10/2023,12/10/2028,7990,-,-,ΑΠΕ,Φωτοβολταϊκό Σύστημα,,Κατασκευής Σταθμού Παραγωγής Ηλεκτρισμού,Εμπορική Χρήση,Λάρνακα,Πύλα
GREENFIN ENERGIES KYRA LTD,Ε004181/2023,13/10/2023,12/10/2028,3990,-,-,ΑΠΕ,Φωτοβολταϊκό Σύστημα,,Κατασκευής Σταθμού Παραγωγής Ηλεκτρισμού,Εμπορική Χρήση,Λάρνακα,Πύλα
GREENFIN ENERGIES KYRA LTD,Ε004180/2023,13/10/2023,12/10/2028,7990,-,-,ΑΠΕ,Φωτοβολταϊκό Σύστημα,,Κατασκευής Σταθμού Παραγωγής Ηλεκτρισμού,Εμπορική Χρήση,Λάρνακα,Πύλα
GREENFIN ENERGIES KYRA LTD,Ε004179/2023,13/10/2023,12/10/2028,7990,-,-,ΑΠΕ,Φωτοβολταϊκό Σύστημα,,Κατασκευής Σταθμού Παραγωγής Ηλεκτρισμού,Εμπορική Χρήση,Λάρνακα,Πύλα
GREENFIN ENERGIES KYRA LTD,Ε004178/2023,13/10/2023,12/10/2028,7990,-,-,ΑΠΕ,Φωτοβολταϊκό Σύστημα,,Κατασκευής Σταθμού Παραγωγής Ηλεκτρισμού,Εμπορική Χρήση,Λάρνακα,Πύλα
GREENFIN ENERGIES KYRA LTD,Ε004177/2023,13/10/2023,12/10/2028,7990,-,-,ΑΠΕ,Φωτοβολταϊκό Σύστημα,,Κατασκευής Σταθμού Παραγωγής Ηλεκτρισμού,Εμπορική Χρήση,Λάρνακα,Πύλα
GREENFIN ENERGIES KYRA LTD,Ε004176/2023,13/10/2023,12/10/2028,7990,-,-,ΑΠΕ,Φωτοβολταϊκό Σύστημα,,Κατασκευής Σταθμού Παραγωγής Ηλεκτρισμού,Εμπορική Χρήση,Λάρνακα,Πύλα
GREENFIN ENERGIES KYRA LTD,Ε004175/2023,13/10/2023,12/10/2028,7990,-,-,ΑΠΕ,Φωτοβολταϊκό Σύστημα,,Κατασκευής Σταθμού Παραγωγής Ηλεκτρισμού,Εμπορική Χρήση,Λάρνακα,Πύλα
GREENFIN ENERGIES KYRA LTD,Ε004174/2023,13/10/2023,12/10/2028,7990,-,-,ΑΠΕ,Φωτοβολταϊκό Σύστημα,,Κατασκευής Σταθμού Παραγωγής Ηλεκτρισμού,Εμπορική Χρήση,Λάρνακα,Πύλα
GREENFIN ENERGIES KYRA LTD,Ε004173/2023,13/10/2023,12/10/2028,3990,-,-,ΑΠΕ,Φωτοβολταϊκό Σύστημα,,Κατασκευής Σταθμού Παραγωγής Ηλεκτρισμού,Εμπορική Χρήση,Λάρνακα,Πύλα
GREENFIN ENERGIES KYRA LTD,Ε004172/2023,13/10/2023,12/10/2028,3498,-,-,ΑΠΕ,Φωτοβολταϊκό Σύστημα,,Κατασκευής Σταθμού Παραγωγής Ηλεκτρισμού,Εμπορική Χρήση,Λάρνακα,Πύλα
GREENFIN ENERGIES KYRA LTD,Ε004171/2023,13/10/2023,12/10/2028,7990,-,-,ΑΠΕ,Φωτοβολταϊκό Σύστημα,,Κατασκευής Σταθμού Παραγωγής Ηλεκτρισμού,Εμπορική Χρήση,Λάρνακα,Πύλα
ΦΥΣΙΚΟ ΠΡΟΣΩΠΟ,Ε004170/2023,13/10/2023,12/10/2028,150,-,-,ΑΠΕ,Φωτοβολταϊκό Σύστημα,,Κατασκευής Σταθμού Παραγωγής Ηλεκτρισμού,Εμπορική Χρήση,Πάφος,Πόλη Χρυσοχούς
ΦΥΣΙΚΟ ΠΡΟΣΩΠΟ,Ε004169/2023,13/10/2023,12/10/2028,150,-,-,ΑΠΕ,Φωτοβολταϊκό Σύστημα,,Κατασκευής Σταθμού Παραγωγής Ηλεκτρισμού,Εμπορική Χρήση,Πάφος,Πόλη Χρυσοχούς
ΦΥΣΙΚΟ ΠΡΟΣΩΠΟ,Ε004168/2023,13/10/2023,12/10/2028,150,-,-,ΑΠΕ,Φωτοβολταϊκό Σύστημα,,Κατασκευής Σταθμού Παραγωγής Ηλεκτρισμού,Εμπορική Χρήση,Πάφος,Στρουμπί
K. NICOLAOU &AMP; SONS ROADTECH LTD,Ε004167/2023,13/10/2023,12/10/2028,1500,-,-,ΑΠΕ,Φωτοβολταϊκό Σύστημα,,Κατασκευής Σταθμού Παραγωγής Ηλεκτρισμού,Εμπορική Χρήση,Πάφος,Αγία Βαρβάρα
REVESIUS LTD,Ε004166/2023,13/10/2023,12/10/2028,300,-,-,ΑΠΕ,Φωτοβολταϊκό Σύστημα,,Κατασκευής Σταθμού Παραγωγής Ηλεκτρισμού,Εμπορική Χρήση,Λεμεσός,Πύργος
REVESIUS LTD,Ε004165/2023,13/10/2023,12/10/2028,6000,6000,40000,ΑΠΕ,Φωτοβολταϊκό Σύστημα,,Κατασκευής Σταθμού Παραγωγής Ηλεκτρισμού,Εμπορική Χρήση,Λεμεσός,Πύργο
REVESIUS LTD,Ε004164/2023,13/10/2023,12/10/2028,4500,-,-,ΑΠΕ,Φωτοβολταϊκό Σύστημα,,Κατασκευής Σταθμού Παραγωγής Ηλεκτρισμού,Εμπορική Χρήση,Λεμεσός,Μοναγρούλι
Ζ.Σ. ΤΣΙΜΕΝΤΟΤΕΧΝΙΚΗ ΛΤΔ,Ε004163/2023,13/10/2023,12/10/2053,155,-,-,ΑΠΕ,Φωτοβολταϊκό Σύστημα,,Λειτουργίας Σταθμού Παραγωγής Ηλεκτρισμού,Αυτοπαραγωγή/Net-Billing,Λάρνακα,Ξυλοτύμβου
S.P.S.E TSIMENTOTEHNIKI LTD,Ε004162/2023,13/10/2023,12/10/2053,61,-,-,ΑΠΕ,Φωτοβολταϊκό Σύστημα,,Λειτουργίας Σταθμού Παραγωγής Ηλεκτρισμού,Αυτοπαραγωγή/Net-Billing,Λάρνακα,Ξυλοτύμπου
GOTIARE LTD,Ε004161/2023,10/10/2023,09/10/2028,1040,600,1500,ΑΠΕ,Φωτοβολταϊκό Σύστημα,,Κατασκευής Σταθμού Παραγωγής Ηλεκτρισμού,Εμπορική Χρήση,Λεμεσός,Αυδήμου
GOTIARE LTD,Ε004160/2023,10/10/2023,09/10/2028,4158,2200,5500,ΑΠΕ,Φωτοβολταϊκό Σύστημα,,Κατασκευής Σταθμού Παραγωγής Ηλεκτρισμού,Εμπορική Χρήση,Λεμεσός,Αυδήμου
GOTIARE LTD,Ε004159/2023,10/10/2023,09/10/2028,3122,1700,4000,ΑΠΕ,Φωτοβολταϊκό Σύστημα,,Κατασκευής Σταθμού Παραγωγής Ηλεκτρισμού,Εμπορική Χρήση,Λεμεσός,Αυδήμου
GOTIARE LTD,Ε004158/2023,10/10/2023,09/10/2028,1554,800,2000,ΑΠΕ,Φωτοβολταϊκό Σύστημα,,Κατασκευής Σταθμού Παραγωγής Ηλεκτρισμού,Εμπορική Χρήση,Λεμεσός,Αυδήμου
GOTIARE LTD,Ε004157/2023,10/10/2023,09/10/2028,1120,600,1500,ΑΠΕ,Φωτοβολταϊκό Σύστημα,,Κατασκευής Σταθμού Παραγωγής Ηλεκτρισμού,Εμπορική Χρήση,Λεμεσός,Αυδήμου
GOTIARE LTD,Ε004156/2023,10/10/2023,09/10/2028,2779,1500,4000,ΑΠΕ,Φωτοβολταϊκό Σύστημα,,Κατασκευής Σταθμού Παραγωγής Ηλεκτρισμού,Εμπορική Χρήση,Λεμεσός,Αυδήμου
 GOTIARE LTD,Ε004155/2023,10/10/2023,09/10/2028,6558,3400,8500,ΑΠΕ,Φωτοβολταϊκό Σύστημα,,Κατασκευής Σταθμού Παραγωγής Ηλεκτρισμού,Εμπορική Χρήση,Λεμεσός,Αυδήμου
GOTIARE LTD,Ε004154/2023,10/10/2023,09/10/2028,3731,2000,5000,ΑΠΕ,Φωτοβολταϊκό Σύστημα,,Κατασκευής Σταθμού Παραγωγής Ηλεκτρισμού,Εμπορική Χρήση,Λεμεσός,Αυδήμου
NEW WAY ENGINEERING LTD,Ε004153/2023,10/10/2023,09/10/2028,150,-,-,ΑΠΕ,Φωτοβολταϊκό Σύστημα,,Κατασκευής Σταθμού Παραγωγής Ηλεκτρισμού,Εμπορική Χρήση,Πάφος,Δρούσεια
NEW WAY ENGINEERING LTD,Ε004152/2023,10/10/2023,09/10/2028,150,-,-,ΑΠΕ,Φωτοβολταϊκό Σύστημα,,Κατασκευής Σταθμού Παραγωγής Ηλεκτρισμού,Εμπορική Χρήση,Πάφος,Δρούσεια
NEW WAY ENGINEERING LTD,Ε004151/2023,10/10/2023,09/10/2028,150,-,-,ΑΠΕ,Φωτοβολταϊκό Σύστημα,,Κατασκευής Σταθμού Παραγωγής Ηλεκτρισμού,Εμπορική Χρήση,Πάφος,Δρούσεια
NEW WAY ENGINEERING LTD,Ε004150/2023,10/10/2023,09/10/2028,150,-,-,ΑΠΕ,Φωτοβολταϊκό Σύστημα,,Κατασκευής Σταθμού Παραγωγής Ηλεκτρισμού,Εμπορική Χρήση,Πάφος,Δρούσεια
NEW WAY ENGINEERING LTD,Ε004149/2023,10/10/2023,09/10/2028,2000,-,-,ΑΠΕ,Φωτοβολταϊκό Σύστημα,,Κατασκευής Σταθμού Παραγωγής Ηλεκτρισμού,Εμπορική Χρήση,Πάφος,Κρήτου Τέρα
NEW WAY ENGINEERING LTD,Ε004148/2023,10/10/2023,09/10/2028,150,-,-,ΑΠΕ,Φωτοβολταϊκό Σύστημα,,Κατασκευής Σταθμού Παραγωγής Ηλεκτρισμού,Εμπορική Χρήση,Πάφος, Δρούσεια
DC.AC &AMP; RENEWABLES LTD,Ε004147/2023,10/10/2023,09/10/2028,2000,-,-,ΑΠΕ,Φωτοβολταϊκό Σύστημα,,Κατασκευής Σταθμού Παραγωγής Ηλεκτρισμού,Εμπορική Χρήση,Πάφος,Πόλη Χρυσοχούς
S.S.H. ARKOSYKIA SOLAR ENERGY LTD,Ε004146/2023,10/10/2023,09/10/2053,3504,-,-,ΑΠΕ,Φωτοβολταϊκό Σύστημα,,Λειτουργίας Σταθμού Παραγωγής Ηλεκτρισμού,Εμπορική Χρήση,Λευκωσία,Δάλι
ΦΥΣΙΚΟ ΠΡΟΣΩΠΟ,Ε004145/2023,05/10/2023,04/10/2028,150,-,-,ΑΠΕ,Φωτοβολταϊκό Σύστημα,,Κατασκευής Σταθμού Παραγωγής Ηλεκτρισμού,Εμπορική Χρήση,Λευκωσία,Ακάκι
ΦΥΣΙΚΟ ΠΡΟΣΩΠΟ,Ε004143/2023,05/10/2023,04/10/2028,150,-,-,ΑΠΕ,Φωτοβολταϊκό Σύστημα,,Κατασκευής Σταθμού Παραγωγής Ηλεκτρισμού,Εμπορική Χρήση,Λευκωσία,Ακάκι
PHOENIX POWER 3 LTD,Ε004141/2023,05/10/2023,04/10/2028,6000,-,-,ΑΠΕ,Φωτοβολταϊκό Σύστημα,,Κατασκευής Σταθμού Παραγωγής Ηλεκτρισμού,Εμπορική Χρήση,Λάρνακα,Ορμήδεια
PHOENIX POWER 3 LTD,Ε004140/2023,05/10/2023,04/10/2028,1000,-,-,ΑΠΕ,Φωτοβολταϊκό Σύστημα,,Κατασκευής Σταθμού Παραγωγής Ηλεκτρισμού,Εμπορική Χρήση,Λάρνακα,Ορμήδεια
K. ROUKWOOUDEN.SPEARGUNS LTD,Ε004139/2023,05/10/2023,04/10/2028,5000,-,-,ΑΠΕ,Φωτοβολταϊκό Σύστημα,,Κατασκευής Σταθμού Παραγωγής Ηλεκτρισμού,Εμπορική Χρήση,Πάφος,Πέγεια
ΦΥΣΙΚΟ ΠΡΟΣΩΠΟ,Ε004138/2023,05/10/2023,04/10/2028,200,-,-,ΑΠΕ,Φωτοβολταϊκό Σύστημα,,Κατασκευής Σταθμού Παραγωγής Ηλεκτρισμού,Εμπορική Χρήση,Λάρνακα,Αραδίππου
SAKKIS SPORTING CENTER LTD,Ε004137/2023,03/10/2023,02/10/2053,75,-,-,ΑΠΕ,Φωτοβολταϊκό Σύστημα,,Λειτουργίας Σταθμού Παραγωγής Ηλεκτρισμού,Αυτοπαραγωγή/Net-Billing,Λευκωσία,Κάτω Δευτερά
BP-S 108 LTD,Ε004136/2023,03/10/2023,02/10/2028,1200,1200,4800,ΑΠΕ,Φωτοβολταϊκό Σύστημα,,Κατασκευής Σταθμού Παραγωγής Ηλεκτρισμού,Εμπορική Χρήση,Λάρνακα,Ορμήδεια
DH POTAMI SOLAR LTD,Ε004135/2023,03/10/2023,02/10/2028,85.5,85.5,340,ΑΠΕ,Φωτοβολταϊκό Σύστημα,,Κατασκευής Σταθμού Παραγωγής Ηλεκτρισμού,Εμπορική Χρήση,Λευκωσία,Ποτάμι
DH POTAMI SOLAR LTD,Ε004134/2023,03/10/2023,02/10/2028,150,150,600,ΑΠΕ,Φωτοβολταϊκό Σύστημα,,Κατασκευής Σταθμού Παραγωγής Ηλεκτρισμού,Εμπορική Χρήση,Λευκωσία,Ποτάμι
METTAS ECO ENERGY LTD,Ε004133/2023,02/10/2023,03/10/2028,2.601,-,-,ΑΠΕ,Φωτοβολταϊκό Σύστημα,,Κατασκευής Σταθμού Παραγωγής Ηλεκτρισμού,Εμπορική Χρήση,Λευκωσία,Πάνω Δευτερά
ΑΡΧΗ ΗΛΕΚΤΡΙΣΜΟΥ ΚΥΠΡΟΥ,Ε004132/2023,03/10/2023,02/10/2053,4000,-,-,ΑΠΕ,Φωτοβολταϊκό Σύστημα,,Λειτουργίας Σταθμού Παραγωγής Ηλεκτρισμού,Εμπορική Χρήση,Λεμεσός,Ακρωτήρι
ΑΡΧΗ ΗΛΕΚΤΡΙΣΜΟΥ ΚΥΠΡΟΥ,Ε004131/2023,03/10/2023,02/10/2053,8000,-,-,ΑΠΕ,Φωτοβολταϊκό Σύστημα,,Λειτουργίας Σταθμού Παραγωγής Ηλεκτρισμού,Εμπορική Χρήση,Λεμεσός,Ακρωτήρι
THREE HATS LTD,Ε004130/2023,03/10/2023,02/10/2053,3000,-,-,ΑΠΕ,Φωτοβολταϊκό Σύστημα,,Λειτουργίας Σταθμού Παραγωγής Ηλεκτρισμού,Εμπορική Χρήση,Λευκωσία,Δένεια
SPANERCOM LTD,Ε004129/2023,03/10/2023,02/10/2053,5000,-,-,ΑΠΕ,Φωτοβολταϊκό Σύστημα,,Λειτουργίας Σταθμού Παραγωγής Ηλεκτρισμού,Εμπορική Χρήση,Πάφος,Αναρίτα
SPANERCOM LTD,Ε004128/2023,03/10/2023,02/10/2053,5000,-,-,ΑΠΕ,Φωτοβολταϊκό Σύστημα,,Λειτουργίας Σταθμού Παραγωγής Ηλεκτρισμού,Εμπορική Χρήση,Πάφος,Αναρίτα
CALIFERA LTD,Ε004127/2023,25/09/2023,24/09/2028,1806,250,500,ΑΠΕ,Φωτοβολταϊκό Σύστημα,,Κατασκευής Σταθμού Παραγωγής Ηλεκτρισμού,Εμπορική Χρήση,Λάρνακα,Αλαμινός
CALIFERA LTD,Ε004126/2023,25/09/2023,24/09/2028,8000,1325,2650,ΑΠΕ,Φωτοβολταϊκό Σύστημα,,Κατασκευής Σταθμού Παραγωγής Ηλεκτρισμού,Εμπορική Χρήση,Λάρνακα,Αλαμινός
CALIFERA LTD,Ε004125/2023,25/09/2023,24/09/2028,8000,1325,2650,ΑΠΕ,Φωτοβολταϊκό Σύστημα,,Κατασκευής Σταθμού Παραγωγής Ηλεκτρισμού,Εμπορική Χρήση,Λάρνακα,Αλαμινός
CALIFERA LTD,Ε004124/2023,25/09/2023,24/09/2028,8000,1325,2650,ΑΠΕ,Φωτοβολταϊκό Σύστημα,,Κατασκευής Σταθμού Παραγωγής Ηλεκτρισμού,Εμπορική Χρήση,Λάρνακα,Αλαμινός
CALIFERA LTD,Ε004123/2023,25/09/2023,24/09/2028,1470,250,500,ΑΠΕ,Φωτοβολταϊκό Σύστημα,,Κατασκευής Σταθμού Παραγωγής Ηλεκτρισμού,Εμπορική Χρήση,Λάρνακα,Αλαμινός
CALIFERA LTD,Ε004122/2023,25/09/2023,24/09/2028,8000,1325,2650,ΑΠΕ,Φωτοβολταϊκό Σύστημα,,Κατασκευής Σταθμού Παραγωγής Ηλεκτρισμού,Εμπορική Χρήση,Λάρνακα,Αλαμινός
CALIFERA LTD,Ε004121/2023,25/09/2023,24/09/2028,8000,1325,2650,ΑΠΕ,Φωτοβολταϊκό Σύστημα,,Κατασκευής Σταθμού Παραγωγής Ηλεκτρισμού,Εμπορική Χρήση,Λάρνακα,Αλαμινός
CALIFERA LTD,Ε004120/2023,25/09/2023,24/09/2028,1239,250,500,ΑΠΕ,Φωτοβολταϊκό Σύστημα,,Κατασκευής Σταθμού Παραγωγής Ηλεκτρισμού,Εμπορική Χρήση,Λάρνακα,Αλαμινός
OPAE ODYSSEOS RENEWABLE SOLUTIONS LTD,Ε004119/2023,25/09/2023,24/09/2028,3000,-,-,ΑΠΕ,Φωτοβολταϊκό Σύστημα,,Κατασκευής Σταθμού Παραγωγής Ηλεκτρισμού,Εμπορική Χρήση,Λεμεσός,Απεσιά
SOLEK LEMESOS I LTD,Ε004116/2023,25/09/2023,24/09/2028,7430,-,-,ΑΠΕ,Φωτοβολταϊκό Σύστημα,,Κατασκευής Σταθμού Παραγωγής Ηλεκτρισμού,Εμπορική Χρήση,Λεμεσός,Πισσούρι
BP-S 107 LTD,Ε004114/2023,25/09/2023,24/09/2028,900,900,3600,ΑΠΕ,Φωτοβολταϊκό Σύστημα,,Κατασκευής Σταθμού Παραγωγής Ηλεκτρισμού,Εμπορική Χρήση,Λάρνακα,Ξυλοτύμπου
DAROSTEL LTD,Ε004113/2023,25/09/2023,24/09/2028,4300,-,-,ΑΠΕ,Φωτοβολταϊκό Σύστημα,,Κατασκευής Σταθμού Παραγωγής Ηλεκτρισμού,Εμπορική Χρήση,Λεμεσός,Πάχνα
WILDCAT ENTERPRISES (CYPRUS) LTD,Ε004112/2023,25/09/2023,24/09/2053,98.8,-,-,ΑΠΕ,Φωτοβολταϊκό Σύστημα,,Λειτουργίας Σταθμού Παραγωγής Ηλεκτρισμού,Αυτοπαραγωγή/Net-Billing,Λεμεσός,Γερμασόγεια
ΚΤΗΜΑ Π. ΚΟΥΣΙΟΥΜΗ ΛΤΔ,Ε004111/2023,22/09/2023,21/09/2053,120,-,-,ΑΠΕ,Φωτοβολταϊκό Σύστημα,,Λειτουργίας Σταθμού Παραγωγής Ηλεκτρισμού,Αυτοπαραγωγή/Net-Billing,Λευκωσία,Πέρα Χωριό
A. NEOCLEOUS HOLDINGS LTD,Ε004110/2023,15/09/2023,14/09/2035,99.2,-,-,Συμβατικά Καύσιμα,ΜΕΚ,Πετρέλαιο,Κατασκευής - Λειτουργίας,Εφεδρεία,Λεμεσός,Άγιο Νεκτάριο
Α.Π. ΜΙΧΑΗΛΑ &AMP; ΥΙΟΙ ΛΤΔ ,Ε004109/2023,15/09/2023,14/09/2035,89.6,-,-,Συμβατικά Καύσιμα,ΜΕΚ,Πετρέλαιο,Κατασκευής - Λειτουργίας,Εφεδρεία,Λάρνακα,Αραδίππου
ΝΕΒΙΣΟ ΣΚΥΡΟΔΕΜΑ ΛΤΔ,Ε004108/2023,15/09/2023,14/09/2035,460,-,-,Συμβατικά Καύσιμα,ΜΕΚ,Πετρέλαιο,Κατασκευής - Λειτουργίας,Εφεδρεία,Αμμόχωστος,Παραλίμνι
NETALIA FROZEN FOODS LTD,Ε004107/2023,15/09/2023,14/09/2035,280,-,-,Συμβατικά Καύσιμα,ΜΕΚ,Πετρέλαιο,Κατασκευής - Λειτουργίας,Εφεδρεία,Λάρνακα,Λάρνακα
ΥΠΟΥΡΓΕΙΟ ΑΜΥΝΑΣ,Ε004106/2023,15/09/2023,14/09/2035,313,-,-,Συμβατικά Καύσιμα,ΜΕΚ,,Κατασκευής - Λειτουργίας,Εφεδρεία,Λεμεσός,Τρόοδος 
ΑΤΜΟΚΑΘΑΡΙΣΤΗΡΙΟ «ΤΟ ΑΠΙΘΑΝΟ» ΛΤΔ,Ε004105/2023,19/09/2023,18/09/2053,147.32,-,-,ΑΠΕ,Φωτοβολταϊκό Σύστημα,,Λειτουργίας Σταθμού Παραγωγής Ηλεκτρισμού,Αυτοπαραγωγή/Net-Billing,Αμμόχωστος,Αυγόρου
BIOLAND PROJECT 53 LTD,Ε004104/2023,15/09/2023,14/09/2053,1200,-,-,ΑΠΕ,Φωτοβολταϊκό Σύστημα,,Λειτουργίας Σταθμού Παραγωγής Ηλεκτρισμού,Εμπορική Χρήση,Λευκωσία,Τσέρι
PISCES POWER INVESTMENTS LTD,Ε004103/2023,08/09/2023,07/09/2053,1450,-,-,ΑΠΕ,Φωτοβολταϊκό Σύστημα,,Λειτουργίας Σταθμού Παραγωγής Ηλεκτρισμού,Εμπορική Χρήση,Λεμεσός,Απαισιά
ΒΑΣΟΣ ΙΩΑΝΝΟΥ ΛΤΔ,Ε004102/2023,05/09/2023,04/09/2053,116.05,-,-,ΑΠΕ,Φωτοβολταϊκό Σύστημα,,Λειτουργίας Σταθμού Παραγωγής Ηλεκτρισμού,Αυτοπαραγωγή/Net-Billing,Αμμόχωστος,Αγία Νάπα
NAPA ROCKS ESTATES LTD,Ε004101/2023,01/09/2023,31/08/2053,136.4,-,-,ΑΠΕ,Φωτοβολταϊκό Σύστημα,,Λειτουργίας Σταθμού Παραγωγής Ηλεκτρισμού,Αυτοπαραγωγή/Net-Billing,Αμμόχωστος,Αγία Νάπα 
AYIA NAPA HOTELS LTD,Ε004100/2023,01/09/2023,31/08/2053,103.4,-,-,ΑΠΕ,Φωτοβολταϊκό Σύστημα,,Λειτουργίας Σταθμού Παραγωγής Ηλεκτρισμού,Αυτοπαραγωγή/Net-Billing,Αμμόχωστος,Αγία Νάπα
ACGK RENEWABLE SOLUTIONS LTD,Ε004093/2023,17/08/2023,16/08/2028,1300,-,-,ΑΠΕ,Φωτοβολταϊκό Σύστημα,,Κατασκευής Σταθμού Παραγωγής Ηλεκτρισμού,Εμπορική Χρήση,Πάφος,Πολέμι
Y.A. PV ENERGY LTD,Ε004092/2023,17/08/2023,16/08/2028,2200,-,-,ΑΠΕ,Φωτοβολταϊκό Σύστημα,,Κατασκευής Σταθμού Παραγωγής Ηλεκτρισμού,Εμπορική Χρήση,Λεμεσός,Πραστιό Αυδήμου
EISTOP LTD,Ε004091/2023,09/08/2023,08/08/2028,250,-,-,ΑΠΕ,Φωτοβολταϊκό Σύστημα,,Κατασκευής Σταθμού Παραγωγής Ηλεκτρισμού,Εμπορική Χρήση,Λευκωσία,Αγία Βαρβάρα
EISTOP LTD,Ε004090/2023,09/08/2023,08/08/2028,400,-,-,ΑΠΕ,Φωτοβολταϊκό Σύστημα,,Κατασκευής Σταθμού Παραγωγής Ηλεκτρισμού,Εμπορική Χρήση,Πάφος,Άγιος Δημητριανός
ONERED LTD,Ε004088/2023,09/08/2023,08/08/2028,5619.9,-,-,ΑΠΕ,Φωτοβολταϊκό Σύστημα,,Κατασκευής Σταθμού Παραγωγής Ηλεκτρισμού,Εμπορική Χρήση,Λάρνακα,Κιβισίλι
PAMBENERGY LTD,Ε004087/2023,09/08/2023,08/08/2028,150,-,-,ΑΠΕ,Φωτοβολταϊκό Σύστημα,,Κατασκευής Σταθμού Παραγωγής Ηλεκτρισμού,Εμπορική Χρήση,Λεμεσός,Πάχνα
ARISTOKLIA SOLAR LTD,Ε004086/2023,09/08/2023,08/08/2028,495,-,-,ΑΠΕ,Φωτοβολταϊκό Σύστημα,,Κατασκευής Σταθμού Παραγωγής Ηλεκτρισμού,Εμπορική Χρήση,Λευκωσία,Πέρα
ΗΛΙΟΜΟΡΦΟΝ 3 ΛΤΔ,Ε004085/2023,09/08/2023,08/08/2053,1000,-,-,ΑΠΕ,Φωτοβολταϊκό Σύστημα,,Λειτουργίας Σταθμού Παραγωγής Ηλεκτρισμού,Εμπορική Χρήση,Λευκωσία,Παλαιομέτοχο
ΑΡΧΗ ΤΗΛΕΠΙΚΟΙΝΩΝΙΩΝ ΚΥΠΡΟΥ,Ε004084/2023,01/08/2023,02/08/2053,89.6,-,-,ΑΠΕ,Φωτοβολταϊκό Σύστημα,,Λειτουργίας Σταθμού Παραγωγής Ηλεκτρισμού,Αυτοπαραγωγή/Net-Billing,Λευκωσία,Στρόβολος
ΟΙΝΟΤΕΧΝΙΑ ΑΗΣ ΑΜΠΕΛΗΣ ΛΤΔ,Ε004083/2023,01/08/2023,02/08/2053,75.6,-,-,ΑΠΕ,Φωτοβολταϊκό Σύστημα,,Λειτουργίας Σταθμού Παραγωγής Ηλεκτρισμού,Αυτοπαραγωγή/Net-Billing,Λευκωσία,Καλό Χωριό Ορεινής
ΦΥΣΙΚΟ ΠΡΟΣΩΠΟ,Ε004082/2023,01/08/2023,31/07/2028,149.6,-,-,ΑΠΕ,Φωτοβολταϊκό Σύστημα,,Κατασκευής Σταθμού Παραγωγής Ηλεκτρισμού,Εμπορική Χρήση,Πάφος,Νέο Χωριό Πάφου
ESC EASTERN SOLAR COMPANY LTD,Ε004081/2023,21/07/2023,20/07/2028,2300,-,-,ΑΠΕ,Φωτοβολταϊκό Σύστημα,,Κατασκευής Σταθμού Παραγωγής Ηλεκτρισμού,Εμπορική Χρήση,Αμμόχωστος,Αυγόρου
ESC EASTERN SOLAR COMPANY LTD,Ε004080/2023,21/07/2023,20/07/2028,1800,-,-,ΑΠΕ,Φωτοβολταϊκό Σύστημα,,Κατασκευής Σταθμού Παραγωγής Ηλεκτρισμού,Εμπορική Χρήση,Αμμόχωστος,Αυγόρου
ESC EASTERN SOLAR COMPANY LTD,Ε004079/2023,21/07/2023,20/07/2028,1400,-,-,ΑΠΕ,Φωτοβολταϊκό Σύστημα,,Κατασκευής Σταθμού Παραγωγής Ηλεκτρισμού,Εμπορική Χρήση,Αμμόχωστος,Αυγόρου
ESC EASTERN SOLAR COMPANY LTD,Ε004078/2023,21/07/2023,20/07/2028,2300,-,-,ΑΠΕ,Φωτοβολταϊκό Σύστημα,,Κατασκευής Σταθμού Παραγωγής Ηλεκτρισμού,Εμπορική Χρήση,Αμμόχωστος,Αυγόρου
ESC EASTERN SOLAR COMPANY LTD,Ε004077/2023,21/07/2023,20/07/2028,2300,-,-,ΑΠΕ,Φωτοβολταϊκό Σύστημα,,Κατασκευής Σταθμού Παραγωγής Ηλεκτρισμού,Εμπορική Χρήση,Αμμόχωστος,Αυγόρου
ESC EASTERN SOLAR COMPANY LTD,Ε004076/2023,21/07/2023,20/07/2028,1200,-,-,ΑΠΕ,Φωτοβολταϊκό Σύστημα,,Κατασκευής Σταθμού Παραγωγής Ηλεκτρισμού,Εμπορική Χρήση,Αμμόχωστος,Αυγόρου
ESC EASTERN SOLAR COMPANY LTD,Ε004075/2023,21/07/2023,20/07/2028,4700,-,-,ΑΠΕ,Φωτοβολταϊκό Σύστημα,,Κατασκευής Σταθμού Παραγωγής Ηλεκτρισμού,Εμπορική Χρήση,Αμμόχωστος,Αυγόρου
ESC EASTERN SOLAR COMPANY LTD,Ε004074/2023,21/07/2023,20/07/2028,1350,-,-,ΑΠΕ,Φωτοβολταϊκό Σύστημα,,Κατασκευής Σταθμού Παραγωγής Ηλεκτρισμού,Εμπορική Χρήση,Αμμόχωστος,Αυγόρου
ESC EASTERN SOLAR COMPANY LTD,Ε004073/2023,21/07/2023,20/07/2028,1600,-,-,ΑΠΕ,Φωτοβολταϊκό Σύστημα,,Κατασκευής Σταθμού Παραγωγής Ηλεκτρισμού,Εμπορική Χρήση,Αμμόχωστος,Αυγόρου
ESC EASTERN SOLAR COMPANY LTD,Ε004072/2023,21/07/2023,20/07/2028,4400,-,-,ΑΠΕ,Φωτοβολταϊκό Σύστημα,,Κατασκευής Σταθμού Παραγωγής Ηλεκτρισμού,Εμπορική Χρήση,Αμμόχωστος,Φρέναρος
ESC EASTERN SOLAR COMPANY LTD,Ε004071/2023,21/07/2023,20/07/2028,4400,-,-,ΑΠΕ,Φωτοβολταϊκό Σύστημα,,Κατασκευής Σταθμού Παραγωγής Ηλεκτρισμού,Εμπορική Χρήση,Αμμόχωστος,Φρέναρος
ESC EASTERN SOLAR COMPANY LTD,Ε004070/2023,21/07/2023,20/07/2028,4800,-,-,ΑΠΕ,Φωτοβολταϊκό Σύστημα,,Κατασκευής Σταθμού Παραγωγής Ηλεκτρισμού,Εμπορική Χρήση,Αμμόχωστος,Φρέναρος
ESC EASTERN SOLAR COMPANY LTD,Ε004069/2023,21/07/2023,20/07/2028,1100,-,-,ΑΠΕ,Φωτοβολταϊκό Σύστημα,,Κατασκευής Σταθμού Παραγωγής Ηλεκτρισμού,Εμπορική Χρήση,Αμμόχωστος,Φρέναρος
ESC EASTERN SOLAR COMPANY LTD,Ε004068/2023,21/07/2023,20/07/2028,900,-,-,ΑΠΕ,Φωτοβολταϊκό Σύστημα,,Κατασκευής Σταθμού Παραγωγής Ηλεκτρισμού,Εμπορική Χρήση,Αμμόχωστος,Φρέναρος
BP-S 108 LTD,Ε004067/2023,21/07/2023,20/07/2028,900,900,3600,ΑΠΕ,Φωτοβολταϊκό Σύστημα,,Κατασκευής Σταθμού Παραγωγής Ηλεκτρισμού,Εμπορική Χρήση,Λάρνακα,Ξυλοφάγου
BP-S 108 LTD,Ε004066/2023,21/07/2023,20/07/2028,650,650,2600,ΑΠΕ,Φωτοβολταϊκό Σύστημα,,Κατασκευής Σταθμού Παραγωγής Ηλεκτρισμού,Εμπορική Χρήση,Λάρνακα,Ξυλοφάγου
BIOLAND PROJECT 96 LTD,Ε004065/2023,21/07/2023,20/07/2028,2400,2400,4800,ΑΠΕ,Φωτοβολταϊκό Σύστημα,,Κατασκευής Σταθμού Παραγωγής Ηλεκτρισμού,Εμπορική Χρήση,Λάρνακα,Δρομολαξιά
SAVVAS KASTROS FARM LTD,Ε004064/2023,21/07/2023,20/07/2035,66,-,-,Συμβατικά Καύσιμα,ΜΕΚ,Πετρέλαιο,Κατασκευής - Λειτουργίας,Εφεδρεία,Λευκωσία,Μένοικο
ΚΕΡΑΜΕΙΟ ΚΑΚΟΓΙΑΝΝΗΣ ΛΤΔ,Ε004063/2023,21/07/2023,20/07/2035,360,-,-,Συμβατικά Καύσιμα,ΜΕΚ,Πετρέλαιο,Λειτουργίας Σταθμού Παραγωγής Ηλεκτρισμού,Εφεδρεία,Λευκωσία,Νήσου
PHARMALINK LTD,Ε004062/2023,21/07/2023,20/07/2035,250,-,-,Συμβατικά Καύσιμα,ΜΕΚ,Πετρέλαιο,Κατασκευής - Λειτουργίας,Εφεδρεία,Λευκωσία,Λατσιά
SOLAAR CO. LTD,Ε004061/2023,21/07/2023,20/07/2035,360,-,-,Συμβατικά Καύσιμα,ΜΕΚ,,Κατασκευής - Λειτουργίας,Εφεδρεία,Λάρνακα,Βορόκλινη
VAVLITIS J. HOTELS LTD,Ε004060/2023,21/07/2023,20/07/2035,176,-,-,Συμβατικά Καύσιμα,ΜΕΚ,Πετρέλαιο,Κατασκευής - Λειτουργίας,Εφεδρεία,Αμμόχωστος,Αγία Νάπα 
CYRUS SOLAR THERMAL LTD,Ε004059/2023,21/07/2023,20/07/2028,2400,-,-,ΑΠΕ,Φωτοβολταϊκό Σύστημα,,Κατασκευής Σταθμού Παραγωγής Ηλεκτρισμού,Εμπορική Χρήση,Λευκωσία,Καταλιόντας
CYRUS SOLAR THERMAL LTD,Ε004058/2023,21/07/2023,20/07/2028,5400,-,-,ΑΠΕ,Φωτοβολταϊκό Σύστημα,,Κατασκευής Σταθμού Παραγωγής Ηλεκτρισμού,Εμπορική Χρήση,Λευκωσία,Καταλιόντας
CYRUS SOLAR THERMAL LTD,Ε004057/2023,21/07/2023,20/07/2028,2200,-,-,ΑΠΕ,Φωτοβολταϊκό Σύστημα,,Κατασκευής Σταθμού Παραγωγής Ηλεκτρισμού,Εμπορική Χρήση,Λευκωσία,Καταλιόντας
A. KAMEL CREATIVE CONSTRUCTION LTD,Ε004056/2023,21/07/2023,20/07/2028,1134,-,-,ΑΠΕ,Φωτοβολταϊκό Σύστημα,,Κατασκευής Σταθμού Παραγωγής Ηλεκτρισμού,Εμπορική Χρήση,Λευκωσία,Ορούντα
ΟΓΚΟΛΟΓΙΚΟ ΚΕΝΤΡΟ ΤΡΑΠΕΖΑΣ ΚΥΠΡΟΥ,Ε004055/2023,18/07/2023,17/07/2035,461,-,-,Συμβατικά Καύσιμα,ΜΕΚ,Πετρέλαιο,Κατασκευής - Λειτουργίας,Εφεδρεία,Λευκωσία,Στρόβολος
CAVORT LTD,Ε004054/2023,18/07/2023,17/07/2035,300,-,-,Συμβατικά Καύσιμα,ΜΕΚ,Πετρέλαιο,Κατασκευής - Λειτουργίας,Εφεδρεία,Αμμόχωστος,Αγία Νάπα 
ΑΝΔΡΕΑΣ ΧΑΡΑΛΑΜΠΙΔΗΣ ΛΤΔ,Ε004053/2023,18/07/2023,17/07/2035,530,-,-,Συμβατικά Καύσιμα,ΜΕΚ,Πετρέλαιο,Κατασκευής - Λειτουργίας,Εφεδρεία,Λευκωσία,Στρόβολος
WILDCAT ENTERPRISCES (CYPRUS) LTD,Ε004052/2023,18/07/2023,17/07/2035,80,-,-,Συμβατικά Καύσιμα,ΜΕΚ,Πετρέλαιο,Κατασκευής - Λειτουργίας,Εφεδρεία,Λεμεσός,Γερμασόγεια 
HKCY HOTELS LTD,Ε004051/2023,18/07/2023,17/07/2035,507,-,-,Συμβατικά Καύσιμα,ΜΕΚ,Πετρέλαιο,Κατασκευής - Λειτουργίας,Εφεδρεία,Λεμεσός,Άγιος Τύχων
ΦΥΣΙΚΟ ΠΡΟΣΩΠΟ,Ε004050/2023,18/07/2023,17/07/2035,240,-,-,Συμβατικά Καύσιμα,ΜΕΚ,Πετρέλαιο,Κατασκευής - Λειτουργίας,Εφεδρεία,Λεμεσός,Πελένδρι
SOLEK LARNAKA I LTD,Ε004049/2023,18/07/2023,17/07/2028,4540,-,-,ΑΠΕ,Φωτοβολταϊκό Σύστημα,,Κατασκευής Σταθμού Παραγωγής Ηλεκτρισμού,Εμπορική Χρήση,Λάρνακα,Αλαμινός
ΕΥΑΓΓΕΛΟΣ ΣΤΥΛΙΑΝΟΥ,Ε004048/2023,18/07/2023,17/07/2028,240,-,-,ΑΠΕ,Φωτοβολταϊκό Σύστημα,,Κατασκευής Σταθμού Παραγωγής Ηλεκτρισμού,Εμπορική Χρήση,Λευκωσία,Αστρομερίτης
GENERGETIC LTD,Ε004047/2023,18/07/2023,17/07/2028,1090,-,-,ΑΠΕ,Φωτοβολταϊκό Σύστημα,,Κατασκευής Σταθμού Παραγωγής Ηλεκτρισμού,Εμπορική Χρήση,Λάρνακα,Αραδίππου
FIVE RED LTD,Ε004046/2023,18/07/2023,17/07/2028,8000,-,-,ΑΠΕ,Φωτοβολταϊκό Σύστημα,,Κατασκευής Σταθμού Παραγωγής Ηλεκτρισμού,Εμπορική Χρήση,Λάρνακα,Σοφτάδες
ONERED LTD,Ε004045/2023,18/07/2023,17/07/2028,7999,-,-,ΑΠΕ,Φωτοβολταϊκό Σύστημα,,Κατασκευής Σταθμού Παραγωγής Ηλεκτρισμού,Εμπορική Χρήση,Λάρνακα,Σοφτάδες
ONERED LTD,Ε004044/2023,18/07/2023,17/07/2028,7999,-,-,ΑΠΕ,Φωτοβολταϊκό Σύστημα,,Κατασκευής Σταθμού Παραγωγής Ηλεκτρισμού,Εμπορική Χρήση,Λάρνακα,Σοφτάδες
ONERED LTD,Ε004043/2023,18/07/2023,17/07/2028,7999,-,-,ΑΠΕ,Φωτοβολταϊκό Σύστημα,,Κατασκευής Σταθμού Παραγωγής Ηλεκτρισμού,Εμπορική Χρήση,Λάρνακα,Κιβισίλι
ΦΥΣΙΚΟ ΠΡΟΣΩΠΟ,Ε004041/2023,18/07/2023,17/07/2028,150,-,-,ΑΠΕ,Φωτοβολταϊκό Σύστημα,,Κατασκευής Σταθμού Παραγωγής Ηλεκτρισμού,Εμπορική Χρήση,Πάφος,Πολέμι
ΦΥΣΙΚΟ ΠΡΟΣΩΠΟ,Ε004040/2023,18/07/2023,17/07/2028,150,-,-,ΑΠΕ,Φωτοβολταϊκό Σύστημα,,Κατασκευής Σταθμού Παραγωγής Ηλεκτρισμού,Εμπορική Χρήση,Πάφος,Πολέμι
ΦΥΣΙΚΟ ΠΡΟΣΩΠΟ,Ε004039/2023,18/07/2023,17/07/2028,100,-,-,ΑΠΕ,Φωτοβολταϊκό Σύστημα,,Κατασκευής Σταθμού Παραγωγής Ηλεκτρισμού,Εμπορική Χρήση,Πάφος,Θρίνια
CCS STYLIANIDES DEVELOPMENTS LTD,Ε004038/2023,18/07/2023,17/07/2028,300,-,-,ΑΠΕ,Φωτοβολταϊκό Σύστημα,,Κατασκευής Σταθμού Παραγωγής Ηλεκτρισμού,Εμπορική Χρήση,Λεμεσός,Πάνω Κυβίδες
PATELIA HOLDINGS LTD,Ε004037/2023,18/07/2023,17/07/2028,286,-,-,ΑΠΕ,Φωτοβολταϊκό Σύστημα,,Κατασκευής Σταθμού Παραγωγής Ηλεκτρισμού,Εμπορική Χρήση,Λευκωσία,Περιστερώνα
ΠΑΝΑΓΙΩΤΗΣ ΧΑΤΖΗΜΙΧΑΗΛ,Ε004036/2023,18/07/2023,17/07/2028,308,-,-,ΑΠΕ,Φωτοβολταϊκό Σύστημα,,Κατασκευής Σταθμού Παραγωγής Ηλεκτρισμού,Εμπορική Χρήση,Λευκωσία,Περιστερώνα
ΜΙΧΑΛΗΣ ΠΑΧΥΣ,Ε004035/2023,18/07/2023,17/07/2028,707.6,-,-,ΑΠΕ,Φωτοβολταϊκό Σύστημα,,Κατασκευής Σταθμού Παραγωγής Ηλεκτρισμού,Εμπορική Χρήση,Λευκωσία,Πάνω Δευετερά
PAVERIO ENERGY LTD,Ε004034/2023,18/07/2023,17/07/2028,340,-,-,ΑΠΕ,Φωτοβολταϊκό Σύστημα,,Κατασκευής Σταθμού Παραγωγής Ηλεκτρισμού,Εμπορική Χρήση,Λευκωσία,Περιστερώνα
ΦΥΣΙΚΟ ΠΡΟΣΩΠΟ,Ε004033/2023,18/07/2023,17/07/2028,400,-,-,ΑΠΕ,Φωτοβολταϊκό Σύστημα,,Κατασκευής Σταθμού Παραγωγής Ηλεκτρισμού,Εμπορική Χρήση,Λευκωσία,Ακάκι
M. HADJIDEMOSTHENOUS RENEWABLE ENERGY LTD ,Ε004032/2023,18/07/2023,17/07/2028,950,-,-,ΑΠΕ,Φωτοβολταϊκό Σύστημα,,Κατασκευής Σταθμού Παραγωγής Ηλεκτρισμού,Εμπορική Χρήση,Πάφος,Τίμη
AGM LIGHTPOWER LTD,Ε004031/2023,18/07/2023,17/07/2028,3000,2000,4000,ΑΠΕ,Φωτοβολταϊκό Σύστημα,,Κατασκευής Σταθμού Παραγωγής Ηλεκτρισμού,Εμπορική Χρήση,Λευκωσία,Λουρουκίνα
ΦΥΣΙΚΟ ΠΡΟΣΩΠΟ,Ε004029/2023,18/07/2023,17/07/2028,150,-,-,ΑΠΕ,Φωτοβολταϊκό Σύστημα,,Κατασκευής Σταθμού Παραγωγής Ηλεκτρισμού,Εμπορική Χρήση,Λεμεσός,Πάχνα
SOLARTECH PARK 3 (I.B) LTD,Ε004027/2023,18/07/2023,17/07/2028,500,-,-,ΑΠΕ,Φωτοβολταϊκό Σύστημα,,Κατασκευής Σταθμού Παραγωγής Ηλεκτρισμού,Εμπορική Χρήση,Λευκωσία,Ορούντα/Περιστερώνα
BMF TALIADOROS LTD,Ε004026/2023,18/07/2023,17/07/2028,1340,-,-,ΑΠΕ,Φωτοβολταϊκό Σύστημα,,Κατασκευής Σταθμού Παραγωγής Ηλεκτρισμού,Εμπορική Χρήση,Λευκωσία,Μαργί
PANWA GREEN SUNRISE PV PARK 1 LTD,Ε004025/2023,18/07/2023,17/07/2028,2800,-,-,ΑΠΕ,Φωτοβολταϊκό Σύστημα,,Κατασκευής Σταθμού Παραγωγής Ηλεκτρισμού,Εμπορική Χρήση,Λευκωσία,Αλάμπρα
ΦΥΣΙΚΟ ΠΡΟΣΩΠΟ,Ε004024/2023,18/07/2023,17/07/2028,150,-,-,ΑΠΕ,Φωτοβολταϊκό Σύστημα,,Κατασκευής Σταθμού Παραγωγής Ηλεκτρισμού,Εμπορική Χρήση,Λευκωσία,Ψιμολόφου
A ΚΑΙ Α ΣΦΑΓΕΙΑ ΛΤΔ,Ε004023/2023,18/07/2023,17/07/2053,300,-,-,ΑΠΕ,Βιομάζα,,Λειτουργίας Σταθμού Παραγωγής Ηλεκτρισμού,Αυτοπαραγωγή/Net-Billing,Λευκωσία,Άγιος Ιωάννης
ΝΕΟΦΥΤΟΣ ΤΣΙΓΑΡΙΔΗΣ,Ε004022/2023,14/07/2023,13/07/2053,149.182,-,-,ΑΠΕ,Φωτοβολταϊκό Σύστημα,,Λειτουργίας Σταθμού Παραγωγής Ηλεκτρισμού,Εμπορική Χρήση,Λευκωσία,Πέρα
THREE HATS LTD,Ε004019/2023,11/07/2023,10/07/2053,1300,-,-,ΑΠΕ,Φωτοβολταϊκό Σύστημα,,Λειτουργίας Σταθμού Παραγωγής Ηλεκτρισμού,Εμπορική Χρήση,Λευκωσία,Άγιος Ιωάννης
BIOLAND PROJECT 53 LTD,Ε004018/2023,11/07/2023,10/07/2053,300,-,-,ΑΠΕ,Φωτοβολταϊκό Σύστημα,,Λειτουργίας Σταθμού Παραγωγής Ηλεκτρισμού,Εμπορική Χρήση,Λευκωσία,Τσέρι
HUBLOC ENERGY LTD,Ε004017/2023,30/06/2023,29/06/2028,4600,-,-,ΑΠΕ,Φωτοβολταϊκό Σύστημα,,Κατασκευής Σταθμού Παραγωγής Ηλεκτρισμού,Εμπορική Χρήση,Πάφος,Πενταλιά
HUBLOC ENERGY LTD,Ε004016/2023,30/06/2023,29/06/2028,3770,-,-,ΑΠΕ,Φωτοβολταϊκό Σύστημα,,Κατασκευής Σταθμού Παραγωγής Ηλεκτρισμού,Εμπορική Χρήση,Πάφος,Αρμού
HUBLOC ENERGY LTD,Ε004015/2023,30/06/2023,29/06/2028,2500,-,-,ΑΠΕ,Φωτοβολταϊκό Σύστημα,,Κατασκευής Σταθμού Παραγωγής Ηλεκτρισμού,Εμπορική Χρήση,Πάφος,Πολέμι
HUBLOC ENERGY LTD,Ε004014/2023,30/06/2023,29/06/2028,2170,-,-,ΑΠΕ,Φωτοβολταϊκό Σύστημα,,Κατασκευής Σταθμού Παραγωγής Ηλεκτρισμού,Εμπορική Χρήση,Πάφος,Πολέμι
HUBLOC ENERGY LTD,Ε004013/2023,30/06/2023,29/06/2028,1380,-,-,ΑΠΕ,Φωτοβολταϊκό Σύστημα,,Κατασκευής Σταθμού Παραγωγής Ηλεκτρισμού,Εμπορική Χρήση,Πάφος,Δρύμου
HUBLOC ENERGY LTD,Ε004012/2023,30/06/2023,29/06/2028,1300,-,-,ΑΠΕ,Φωτοβολταϊκό Σύστημα,,Κατασκευής Σταθμού Παραγωγής Ηλεκτρισμού,Εμπορική Χρήση,Πάφος,Τάλα
HUBLOC ENERGY LTD,Ε004011/2023,30/06/2023,29/06/2028,1300,-,-,ΑΠΕ,Φωτοβολταϊκό Σύστημα,,Κατασκευής Σταθμού Παραγωγής Ηλεκτρισμού,Εμπορική Χρήση,Πάφος,Φοίτη
HUBLOC ENERGY LTD,Ε004010/2023,30/06/2023,29/06/2028,1300,-,-,ΑΠΕ,Φωτοβολταϊκό Σύστημα,,Κατασκευής Σταθμού Παραγωγής Ηλεκτρισμού,Εμπορική Χρήση,Πάφος,Φοίτη
HERMES AIRPORTS LTD,Ε004009/2023,30/06/2023,29/06/2053,3500,-,-,ΑΠΕ,Φωτοβολταϊκό Σύστημα,,Λειτουργίας Σταθμού Παραγωγής Ηλεκτρισμού,Αυτοπαραγωγή/Net-Billing,Λάρνακα,Λάρνακα
SANTIAM INVESTMENT IV LTD,Ε004008/2023,27/06/2023,26/06/2053,3600,-,-,ΑΠΕ,Φωτοβολταϊκό Σύστημα,,Λειτουργίας Σταθμού Παραγωγής Ηλεκτρισμού,Εμπορική Χρήση,Λευκωσία,Γέρι
SANTIAM INVESTMENT II LTD,Ε004007/2023,27/06/2023,26/06/2053,1900,-,-,ΑΠΕ,Φωτοβολταϊκό Σύστημα,,Λειτουργίας Σταθμού Παραγωγής Ηλεκτρισμού,Εμπορική Χρήση,Λευκωσία,Άγιος Ιωάννης
PAVERIO ENERGY LTD,Ε004005/2023,13/06/2023,12/06/2028,611,-,-,ΑΠΕ,Φωτοβολταϊκό Σύστημα,,Κατασκευής Σταθμού Παραγωγής Ηλεκτρισμού,Εμπορική Χρήση,Λευκωσία,Αστρομερίτης
AGM SUNFIELD LTD ,Ε004004/2023,13/06/2023,12/06/2028,4000,3000,6000,ΑΠΕ,Φωτοβολταϊκό Σύστημα,,Κατασκευής Σταθμού Παραγωγής Ηλεκτρισμού,Εμπορική Χρήση,Λευκωσία,Γέρι
A-NRG LTD,Ε004003/2023,13/06/2023,12/06/2028,500,-,-,ΑΠΕ,Φωτοβολταϊκό Σύστημα,,Κατασκευής Σταθμού Παραγωγής Ηλεκτρισμού,Εμπορική Χρήση,Λευκωσία,Αστρομερίτη
XBLA GEOSOLUTIONS LTD,Ε004002/2023,13/06/2023,12/06/2028,423,-,-,ΑΠΕ,Φωτοβολταϊκό Σύστημα,,Κατασκευής Σταθμού Παραγωγής Ηλεκτρισμού,Εμπορική Χρήση,Λευκωσία,Περιστερώνα
ALIRION SOLAR ENERGY LTD,Ε004001/2023,13/06/2023,12/06/2028,2317,2250,750,ΑΠΕ,Φωτοβολταϊκό Σύστημα,,Κατασκευής Σταθμού Παραγωγής Ηλεκτρισμού,Εμπορική Χρήση,Λευκωσία,Αστρομερίτης
ESPERIA ENERGY (TSERI 3) LTD ,Ε004000/2023,13/06/2023,12/06/2028,4750,-,-,ΑΠΕ,Φωτοβολταϊκό Σύστημα,,Κατασκευής Σταθμού Παραγωγής Ηλεκτρισμού,Εμπορική Χρήση,Λευκωσία,Δήμος Τσερίου
BIOLAND PROJECT 94 LTD,Ε003999/2023,13/06/2023,12/06/2028,1100,1100,4400,ΑΠΕ,Φωτοβολταϊκό Σύστημα,,Κατασκευής Σταθμού Παραγωγής Ηλεκτρισμού,Εμπορική Χρήση,Αμμόχωστος,Άχνα
T.S.V. ENERGY OF FUTURE LTD,Ε003998/2023,13/06/2023,12/06/2028,1000,-,-,ΑΠΕ,Φωτοβολταϊκό Σύστημα,,Κατασκευής Σταθμού Παραγωγής Ηλεκτρισμού,Εμπορική Χρήση,Πάφος,Μηλιά Πάφου
SUBARROW INVESTMENTS LTD ,Ε003997/2023,13/06/2023,12/06/2028,2100,-,-,ΑΠΕ,Φωτοβολταϊκό Σύστημα,,Κατασκευής Σταθμού Παραγωγής Ηλεκτρισμού,Εμπορική Χρήση,Λάρνακα,Άγιος Θεόδωρος
GM ILARIA SOLAR ENERGY LTD,Ε003996/2023,13/06/2023,12/06/2028,297,-,-,ΑΠΕ,Φωτοβολταϊκό Σύστημα,,Κατασκευής Σταθμού Παραγωγής Ηλεκτρισμού,Εμπορική Χρήση,Λευκωσία,Περιστερώνα
SVEA SOLAR CYPRUS LTD,Ε003995/2023,13/06/2023,12/06/2053,3000,-,-,ΑΠΕ,Φωτοβολταϊκό Σύστημα,,Λειτουργίας Σταθμού Παραγωγής Ηλεκτρισμού,Εμπορική Χρήση,Λευκωσία,Ανάγεια
SONTSE PV BETA LTD,Ε003994/2023,02/06/2023,01/06/2028,3623,-,-,ΑΠΕ,Φωτοβολταϊκό Σύστημα,,Κατασκευής Σταθμού Παραγωγής Ηλεκτρισμού,Εμπορική Χρήση,Λάρνακα,Μαρώνι
SONTSE PV ALPHA LTD,Ε003993/2023,02/06/2023,01/06/2028,4400,-,-,ΑΠΕ,Φωτοβολταϊκό Σύστημα,,Κατασκευής Σταθμού Παραγωγής Ηλεκτρισμού,Εμπορική Χρήση,Λεμεσός,Πάχνα
 BIOLAND PROJECT 69 LTD,Ε003992/2023,02/06/2023,01/06/2028,150,150,600,ΑΠΕ,Φωτοβολταϊκό Σύστημα,,Κατασκευής Σταθμού Παραγωγής Ηλεκτρισμού,Εμπορική Χρήση,Λάρνακα,Απλάντα
G.V.P. SOLAR ENERGY 2 LTD,Ε003991/2023,02/06/2023,01/06/2028,4500,-,-,ΑΠΕ,Φωτοβολταϊκό Σύστημα,,Κατασκευής Σταθμού Παραγωγής Ηλεκτρισμού,Εμπορική Χρήση,Πάφος,Πόλη Χρυσοχούς
ΑΡΧΗ ΗΛΕΚΤΡΙΣΜΟΥ ΚΥΠΡΟΥ,Ε003989/2023,30/05/2023,29/05/2028,4000,-,-,ΑΠΕ,Φωτοβολταϊκό Σύστημα,,Κατασκευής Σταθμού Παραγωγής Ηλεκτρισμού,Εμπορική Χρήση,Λευκωσία,Άγιος Ιωάννης
ΑΡΧΗ ΗΛΕΚΤΡΙΣΜΟΥ ΚΥΠΡΟΥ,Ε003987/2023,30/05/2023,29/05/2028,8000,-,-,ΑΠΕ,Φωτοβολταϊκό Σύστημα,,Κατασκευής Σταθμού Παραγωγής Ηλεκτρισμού,Εμπορική Χρήση,Λευκωσία,Αγία Βαρβάρα
G.F. CYSOLAR PVP1 LTD,Ε003986/2023,30/05/2023,29/05/2028,6057,3000,6192,ΑΠΕ,Φωτοβολταϊκό Σύστημα,,Κατασκευής Σταθμού Παραγωγής Ηλεκτρισμού,Εμπορική Χρήση,Αμμόχωστος,Αυγόρου
G.F. CYSOLAR PVP1 LTD,Ε003985/2023,30/05/2023,29/05/2028,5977,3000,6192,ΑΠΕ,Φωτοβολταϊκό Σύστημα,,Κατασκευής Σταθμού Παραγωγής Ηλεκτρισμού,Εμπορική Χρήση,Αμμόχωστος,Αυγόρου
G.F. CYSOLAR PVP1 LTD,Ε003984/2023,30/05/2023,29/05/2028,4088,2000,4128,ΑΠΕ,Φωτοβολταϊκό Σύστημα,,Κατασκευής Σταθμού Παραγωγής Ηλεκτρισμού,Εμπορική Χρήση,Αμμόχωστος,Αυγόρου
G.F. CYSOLAR PVP1 LTD,Ε003983/2023,30/05/2023,29/05/2028,2240,1000,2064,ΑΠΕ,Φωτοβολταϊκό Σύστημα,,Κατασκευής Σταθμού Παραγωγής Ηλεκτρισμού,Εμπορική Χρήση,Αμμόχωστος,Αυγόρου
G.F. CYSOLAR PVP1 LTD,Ε003982/2023,30/05/2023,29/05/2028,1713,1000,2064,ΑΠΕ,Φωτοβολταϊκό Σύστημα,,Κατασκευής Σταθμού Παραγωγής Ηλεκτρισμού,Εμπορική Χρήση,Αμμόχωστος,Αυγόρου
G.F. CYSOLAR PVP1 LTD,Ε003981/2023,30/05/2023,29/05/2028,375,250,500,ΑΠΕ,Φωτοβολταϊκό Σύστημα,,Κατασκευής Σταθμού Παραγωγής Ηλεκτρισμού,Εμπορική Χρήση,Αμμόχωστος,Αυγόρου
ALIVELA LTD,Ε003980/2023,26/05/2023,25/05/2035,594,-,-,Συμβατικά Καύσιμα,ΜΕΚ,Πετρέλαιο,Κατασκευής - Λειτουργίας,Εφεδρεία,Αμμόχωστος,Παραλίμνι
LIDL CYPRUS,Ε003979/2023,26/05/2023,25/05/2035,265,-,-,Συμβατικά Καύσιμα,ΜΕΚ,Πετρέλαιο,Κατασκευής - Λειτουργίας,Εφεδρεία,Λευκωσία,Στρόβολος
JW PEGASUS LTD,Ε003978/2023,26/05/2023,25/05/2035,280,-,-,Συμβατικά Καύσιμα,ΜΕΚ,Πετρέλαιο,Κατασκευής - Λειτουργίας,Εφεδρεία,Λάρνακα,Λάρνακα
ATP ADVANCED TECH PROPERTIES LTD,Ε003977/2023,26/05/2023,25/05/2035,45,-,-,Συμβατικά Καύσιμα,ΜΕΚ,,Κατασκευής - Λειτουργίας,Εφεδρεία,Λεμεσός,Γερμασόγεια
ΕΛΛΗΝΙΚΗ ΤΡΑΠΕΖΑ ΔΗΜΟΣΙΑ ΕΤΑΙΡΕΙΑ ΛΤΔ,Ε003976/2023,26/05/2023,25/05/2035,200,-,-,Συμβατικά Καύσιμα,ΜΕΚ,Πετρέλαιο,Κατασκευής - Λειτουργίας,Εφεδρεία,Πάφος,Πάφου
MAXIFOODS LTD,Ε003975/2023,26/05/2023,25/05/2035,190,-,-,Συμβατικά Καύσιμα,ΜΕΚ,Πετρέλαιο,Κατασκευής - Λειτουργίας,Εφεδρεία,Λάρνακα,Αραδίππου
TASOS GEORGIOU DLC,Ε003974/2023,26/05/2023,25/05/2035,328,-,-,Συμβατικά Καύσιμα,ΜΕΚ,Πετρέλαιο,Κατασκευής - Λειτουργίας,Εφεδρεία,Λευκωσία,Έγκωμη
LOUIS HOTELS PUBLIC COMPANY LTD,Ε003973/2023,26/05/2023,25/05/2035,200,-,-,Συμβατικά Καύσιμα,ΜΕΚ,,Κατασκευής - Λειτουργίας,Εφεδρεία,Πάφος,Γεροσκήπου
ΕΛΛΗΝΙΚΗ ΤΡΑΠΕΖΑ ΔΗΜΟΣΙΑ ΕΤΑΙΡΕΙΑ ΛΤΔ,Ε003972/2023,26/05/2023,25/05/2035,323,-,-,Συμβατικά Καύσιμα,ΜΕΚ,Πετρέλαιο,Κατασκευής - Λειτουργίας,Εφεδρεία,Λευκωσία,Λευκωσίας
DEMOLY LTD,Ε003971/2023,26/05/2023,25/05/2035,80,-,-,Συμβατικά Καύσιμα,ΜΕΚ,Πετρέλαιο,Κατασκευής - Λειτουργίας,Εφεδρεία,Λάρνακα,Αραδίππου
EUROBANK CYPRUS LTD,Ε003970/2023,26/05/2023,25/05/2035,191.5,-,-,Συμβατικά Καύσιμα,ΜΕΚ,Πετρέλαιο,Κατασκευής - Λειτουργίας,Εφεδρεία,Πάφος,Πάφου
DELORBIS PHARMACEUTICALS LTD,Ε003969/2023,26/05/2023,25/05/2035,630,-,-,Συμβατικά Καύσιμα,ΜΕΚ,Πετρέλαιο,Κατασκευής - Λειτουργίας,Εφεδρεία,Λευκωσία,Εργάτες
G.V.P SOLAR ENERGY LTD,Ε003968/2023,12/05/2023,11/05/2028,3500,-,-,ΑΠΕ,Φωτοβολταϊκό Σύστημα,,Κατασκευής Σταθμού Παραγωγής Ηλεκτρισμού,Εμπορική Χρήση,Πάφος,Χολέτρια
GKA SUNPOWER LTD,Ε003967/2023,12/05/2023,11/05/2028,1463,1727,488,ΑΠΕ,Φωτοβολταϊκό Σύστημα,,Κατασκευής Σταθμού Παραγωγής Ηλεκτρισμού,Εμπορική Χρήση,Λευκωσία,Αλάμπρα
GKA ENERGY LTD,Ε003966/2023,12/05/2023,11/05/2028,1019,340,1334,ΑΠΕ,Φωτοβολταϊκό Σύστημα,,Κατασκευής Σταθμού Παραγωγής Ηλεκτρισμού,Εμπορική Χρήση,Αμμόχωστος,Φρέναρος
GKA SUNPOWER LTD,Ε003965/2023,12/05/2023,11/05/2028,4681,1561,4794,ΑΠΕ,Φωτοβολταϊκό Σύστημα,,Κατασκευής Σταθμού Παραγωγής Ηλεκτρισμού,Εμπορική Χρήση,Λευκωσία,Δήμος Γερίου
GKA SUNPOWER LTD,Ε003964/2023,12/05/2023,11/05/2028,1936,645,2761,ΑΠΕ,Φωτοβολταϊκό Σύστημα,,Κατασκευής Σταθμού Παραγωγής Ηλεκτρισμού,Εμπορική Χρήση,Λευκωσία,Δήμος Γερίου
GKA SUNPOWER LTD,Ε003963/2023,12/05/2023,11/05/2028,3758,1253,5429,ΑΠΕ,Φωτοβολταϊκό Σύστημα,,Κατασκευής Σταθμού Παραγωγής Ηλεκτρισμού,Εμπορική Χρήση,Λευκωσία,Σιά
A. M. ODYSSEY SOLAR LTD,Ε003962/2023,09/05/2023,08/05/2028,150,-,-,ΑΠΕ,Φωτοβολταϊκό Σύστημα,,Κατασκευής Σταθμού Παραγωγής Ηλεκτρισμού,Εμπορική Χρήση,Λευκωσία,Άγιος Γεώργιος Καυκάλλου
BIOLAND PROJECT 96 LTD,Ε003961/2023,09/05/2023,08/05/2028,750,750,2250,ΑΠΕ,Φωτοβολταϊκό Σύστημα,,Κατασκευής Σταθμού Παραγωγής Ηλεκτρισμού,Εμπορική Χρήση,Λευκωσία,Μαργί
ESPERIA ENERGY (TSERI 2) LTD,Ε003960/2023,09/05/2023,08/05/2028,6300,-,-,ΑΠΕ,Φωτοβολταϊκό Σύστημα,,Κατασκευής Σταθμού Παραγωγής Ηλεκτρισμού,Εμπορική Χρήση,Λευκωσία,Μαργί
ESPERIA ENERGY (TSERI 2) LTD,Ε003959/2023,09/05/2023,08/05/2028,2750,-,-,ΑΠΕ,Φωτοβολταϊκό Σύστημα,,Κατασκευής Σταθμού Παραγωγής Ηλεκτρισμού,Εμπορική Χρήση,Λευκωσία,Δήμος Τσερίου
ESPERIA ENERGY (TSERI) LTD,Ε003958/2023,09/05/2023,08/05/2028,7200,-,-,ΑΠΕ,Φωτοβολταϊκό Σύστημα,,Κατασκευής Σταθμού Παραγωγής Ηλεκτρισμού,Εμπορική Χρήση,Λευκωσία,Δήμος Τσερίου
HERMES AIRPORTS LTD,Ε003957/2023,09/05/2023,08/05/2053,1100,-,-,ΑΠΕ,Φωτοβολταϊκό Σύστημα,,Λειτουργίας Σταθμού Παραγωγής Ηλεκτρισμού,Αυτοπαραγωγή/Net-Billing,Πάφος,Πάφος
ZELENA LTD,Ε003956/2023,09/05/2023,08/05/2053,493,-,-,ΑΠΕ,Φωτοβολταϊκό Σύστημα,,Λειτουργίας Σταθμού Παραγωγής Ηλεκτρισμού,Εμπορική Χρήση,Λευκωσία,Κοκκινοτριμιθιά
CAVEXOUN LTD,Ε003955/2023,09/05/2023,08/05/2053,320,-,-,ΑΠΕ,Φωτοβολταϊκό Σύστημα,,Λειτουργίας Σταθμού Παραγωγής Ηλεκτρισμού,Εμπορική Χρήση,Λευκωσία,Περιστερώνα
BIOLAND PROJECT 98 LTD,Ε003950/2023,21/04/2023,20/04/2028,310,-,-,ΑΠΕ,Φωτοβολταϊκό Σύστημα,,Κατασκευής Σταθμού Παραγωγής Ηλεκτρισμού,Εμπορική Χρήση,Λάρνακα,Αναφωτίδα
BIOLAND PROJECT 98 LTD,Ε003949/2023,21/04/2023,20/04/2028,600,600,1800,ΑΠΕ,Φωτοβολταϊκό Σύστημα,,Κατασκευής Σταθμού Παραγωγής Ηλεκτρισμού,Εμπορική Χρήση,Λάρνακα,Αναφωτίδα
BP-S 128 LTD,Ε003948/2023,21/04/2023,20/04/2028,300,300,1200,ΑΠΕ,Φωτοβολταϊκό Σύστημα,,Κατασκευής Σταθμού Παραγωγής Ηλεκτρισμού,Εμπορική Χρήση,Αμμόχωστος,Φρέναρος
BIOLAND PROJECT 98 LTD,Ε003947/2023,21/04/2023,20/04/2028,800,-,-,ΑΠΕ,Φωτοβολταϊκό Σύστημα,,Κατασκευής Σταθμού Παραγωγής Ηλεκτρισμού,Εμπορική Χρήση,Λάρνακα,Αναφωτίδα
HAFFNEVE HOLDING LTD,Ε003946/2023,21/04/2023,20/04/2028,8000,2000,8000,ΑΠΕ,Φωτοβολταϊκό Σύστημα,,Κατασκευής Σταθμού Παραγωγής Ηλεκτρισμού,Εμπορική Χρήση,Λάρνακα,Κιβισίλι
BIOLAND PROJECT 70 LTD,Ε003945/2023,21/04/2023,20/04/2028,5000,5000,20000,ΑΠΕ,Φωτοβολταϊκό Σύστημα,,Κατασκευής Σταθμού Παραγωγής Ηλεκτρισμού,Εμπορική Χρήση,Λάρνακα,Αναφωτίδα
DMCON LTD,Ε003944/2023,21/04/2023,20/04/2028,150,-,-,ΑΠΕ,Φωτοβολταϊκό Σύστημα,,Κατασκευής Σταθμού Παραγωγής Ηλεκτρισμού,Εμπορική Χρήση,Αμμόχωστος,Άχνα
DMCON LTD,Ε003943/2023,21/04/2023,20/04/2028,150,-,-,ΑΠΕ,Φωτοβολταϊκό Σύστημα,,Κατασκευής Σταθμού Παραγωγής Ηλεκτρισμού,Εμπορική Χρήση,Αμμόχωστος,Άχνα
EUNICE WIND PARK HOLDINGS (INTL) LTD,Ε003942/2023,21/04/2023,20/04/2028,3100,3000,1000,ΑΠΕ,Φωτοβολταϊκό Σύστημα,,Κατασκευής Σταθμού Παραγωγής Ηλεκτρισμού,Εμπορική Χρήση,Πάφος,Χωλέτρια
KERIA ENERGY LTD,Ε003941/2023,21/04/2023,20/04/2028,4500,4050,1350,ΑΠΕ,Φωτοβολταϊκό Σύστημα,,Κατασκευής Σταθμού Παραγωγής Ηλεκτρισμού,Εμπορική Χρήση,Λεμεσός,Ανώγυρα
BIOLAND PROJECT 45 LTD,Ε003940/2023,21/04/2023,20/04/2053,999,-,-,ΑΠΕ,Φωτοβολταϊκό Σύστημα,,Λειτουργίας Σταθμού Παραγωγής Ηλεκτρισμού,Εμπορική Χρήση,Λάρνακα,Αραδίππου
BIOLAND PROJECT 60 LTD,Ε003939/2023,21/04/2023,20/04/2053,999,-,-,ΑΠΕ,Φωτοβολταϊκό Σύστημα,,Λειτουργίας Σταθμού Παραγωγής Ηλεκτρισμού,Εμπορική Χρήση,Λάρνακα,Αραδίππου
CAVEXOUN LTD,Ε003938/2023,13/04/2023,12/04/2053,1500,-,-,ΑΠΕ,Φωτοβολταϊκό Σύστημα,,Λειτουργίας Σταθμού Παραγωγής Ηλεκτρισμού,Εμπορική Χρήση,Λευκωσία,Αστρομερίτη
BIOLAND PROJECT 64 LTD,Ε003937/2023,07/04/2023,06/04/2053,1200,-,-,ΑΠΕ,Φωτοβολταϊκό Σύστημα,,Λειτουργίας Σταθμού Παραγωγής Ηλεκτρισμού,Εμπορική Χρήση,Λάρνακα,Αναφωτία
BIOLAND PROJECT 36 LTD,Ε003936/2023,07/04/2023,06/04/2053,2000,-,-,ΑΠΕ,Φωτοβολταϊκό Σύστημα,,Λειτουργίας Σταθμού Παραγωγής Ηλεκτρισμού,Εμπορική Χρήση,Λάρνακα,Κοφίνου
BIOLAND PROJECT 31 LTD,Ε003935/2023,07/04/2023,06/04/2053,700,-,-,ΑΠΕ,Φωτοβολταϊκό Σύστημα,,Λειτουργίας Σταθμού Παραγωγής Ηλεκτρισμού,Εμπορική Χρήση,Λάρνακα,Μενόγεια
PATELIA HOLDINGS LTD,Ε003934/2023,28/03/2023,27/03/2028,500,-,-,ΑΠΕ,Φωτοβολταϊκό Σύστημα,,Κατασκευής Σταθμού Παραγωγής Ηλεκτρισμού,Εμπορική Χρήση,Λευκωσία,Αστρομερίτη
PATELIA HOLDINGS LTD,Ε003933/2023,28/03/2023,27/03/2028,500,-,-,ΑΠΕ,Φωτοβολταϊκό Σύστημα,,Κατασκευής Σταθμού Παραγωγής Ηλεκτρισμού,Εμπορική Χρήση,Λευκωσία,Αστρομερίτη
PATELIA HOLDINGS LTD,Ε003932/2023,28/03/2023,27/03/2028,770,-,-,ΑΠΕ,Φωτοβολταϊκό Σύστημα,,Κατασκευής Σταθμού Παραγωγής Ηλεκτρισμού,Εμπορική Χρήση,Λευκωσία,Αστρομερίτη
SOLEK LARNAKA I LTD,Ε003930/2023,28/03/2023,27/03/2028,5990,-,-,ΑΠΕ,Φωτοβολταϊκό Σύστημα,,Κατασκευής Σταθμού Παραγωγής Ηλεκτρισμού,Εμπορική Χρήση,Λάρνακα,Άγιος Θεόδωρος
SOLEK LARNAKA I LTD,Ε003929/2023,28/03/2023,27/03/2028,2060,-,-,ΑΠΕ,Φωτοβολταϊκό Σύστημα,,Κατασκευής Σταθμού Παραγωγής Ηλεκτρισμού,Εμπορική Χρήση,Λάρνακα,Άγιος Θεόδωρος
SOLEK LARNAKA I LTD,Ε003928/2023,28/03/2023,27/03/2028,950,-,-,ΑΠΕ,Φωτοβολταϊκό Σύστημα,,Κατασκευής Σταθμού Παραγωγής Ηλεκτρισμού,Εμπορική Χρήση,Λάρνακα,Άγιος Θεόδωρος
BIOLAND PROJECT 19 LTD,Ε003927/2023,24/03/2023,23/03/2053,2000,-,-,ΑΠΕ,Φωτοβολταϊκό Σύστημα,,Λειτουργίας Σταθμού Παραγωγής Ηλεκτρισμού,Εμπορική Χρήση,Λευκωσία,Αγίοι Τριμιθιάς
BIOLAND PROJECT 62 LTD,Ε003926/2023,24/03/2023,23/03/2053,1500,-,-,ΑΠΕ,Φωτοβολταϊκό Σύστημα,,Λειτουργίας Σταθμού Παραγωγής Ηλεκτρισμού,Εμπορική Χρήση,Λάρνακα,Αναφωτία
BIOLAND PROJECT 90 LTD,Ε003925/2023,21/03/2023,20/03/2028,850,850,3400,ΑΠΕ,Φωτοβολταϊκό Σύστημα,,Κατασκευής Σταθμού Παραγωγής Ηλεκτρισμού,Εμπορική Χρήση,Λευκωσία,Γέρι
BIOLAND PROJECT 87 LTD,Ε003924/2023,21/03/2023,20/03/2028,1000,-,-,ΑΠΕ,Φωτοβολταϊκό Σύστημα,,Κατασκευής Σταθμού Παραγωγής Ηλεκτρισμού,Εμπορική Χρήση,Λάρνακα,Τερσεφάνου
BIOLAND PROJECT 91 LTD,Ε003923/2023,21/03/2023,20/03/2028,5000,-,-,ΑΠΕ,Φωτοβολταϊκό Σύστημα,,Κατασκευής Σταθμού Παραγωγής Ηλεκτρισμού,Εμπορική Χρήση,Λάρνακα,Τερσεφάνου
BIOLAND PROJECT 82 LTD,Ε003922/2023,21/03/2023,20/03/2028,500,-,-,ΑΠΕ,Φωτοβολταϊκό Σύστημα,,Κατασκευής Σταθμού Παραγωγής Ηλεκτρισμού,Εμπορική Χρήση,Λάρνακα,Τερσεφάνου
BIOLAND PROJECT 94 LTD,Ε003921/2023,21/03/2023,20/03/2028,400,400,1600,ΑΠΕ,Φωτοβολταϊκό Σύστημα,,Κατασκευής Σταθμού Παραγωγής Ηλεκτρισμού,Εμπορική Χρήση,Αμμόχωστος,Άχνα
BIOLAND PROJECT 78 LTD,Ε003920/2023,21/03/2023,20/03/2028,500,500,2000,ΑΠΕ,Φωτοβολταϊκό Σύστημα,,Κατασκευής Σταθμού Παραγωγής Ηλεκτρισμού,Εμπορική Χρήση,Αμμόχωστος,Άχνα
ΑΡΧΗ ΗΛΕΚΤΡΙΣΜΟΥ ΚΥΠΡΟΥ,Ε003919/2023,17/03/2023,16/03/2028,3500,-,-,ΑΠΕ,Φωτοβολταϊκό Σύστημα,,Κατασκευής Σταθμού Παραγωγής Ηλεκτρισμού,Εμπορική Χρήση,Λευκωσία,Άγιος Ιωάννης
ΑΡΧΗ ΗΛΕΚΤΡΙΣΜΟΥ ΚΥΠΡΟΥ,Ε003917/2023,17/03/2023,16/03/2028,3400,-,-,ΑΠΕ,Φωτοβολταϊκό Σύστημα,,Κατασκευής Σταθμού Παραγωγής Ηλεκτρισμού,Εμπορική Χρήση,Λευκωσία,Ορούντα
MARKIDES - AVILIA J.V.,Ε003910/2023,10/03/2023,09/03/2035,180,-,-,Συμβατικά Καύσιμα,ΜΕΚ,Πετρέλαιο,Κατασκευής - Λειτουργίας,Εφεδρεία,Λεμεσός,Άγιος Τύχωνας
VASSOS MARKIDES ESTATES LTD,Ε003909/2023,10/03/2023,09/03/2035,180,-,-,Συμβατικά Καύσιμα,ΜΕΚ,Πετρέλαιο,Κατασκευής - Λειτουργίας,Εφεδρεία,Λεμεσός,Μουτταγιάκα
MASERDO LTD,Ε003908/2023,10/03/2023,09/03/2035,245,-,-,Συμβατικά Καύσιμα,ΜΕΚ,,Κατασκευής - Λειτουργίας,Εφεδρεία,Λεμεσός,Παρεκκλησιά
DUROLIGHT LTD,Ε003907/2023,10/03/2023,09/03/2035,80,-,-,Συμβατικά Καύσιμα,ΜΕΚ,Πετρέλαιο,Κατασκευής - Λειτουργίας,Εφεδρεία,Λευκωσία,Τσέρι
LUVASA PROPERTIES LTD,Ε003906/2023,10/03/2023,09/03/2035,352,-,-,Συμβατικά Καύσιμα,ΜΕΚ,,Κατασκευής - Λειτουργίας,Εφεδρεία,Λεμεσός,Παλώδια
V. V LAMPADISTIS WINERIES LTD,Ε003905/2023,10/03/2023,09/03/2035,264,-,-,Συμβατικά Καύσιμα,ΜΕΚ,Πετρέλαιο,Κατασκευής - Λειτουργίας,Εφεδρεία,Λευκωσία,Καλοπαναγιώτης
I.V. EDUCATIONAL MANAGEMENT SERVICES LIMITED,Ε003904/2023,10/03/2023,09/03/2035,200,-,-,Συμβατικά Καύσιμα,ΜΕΚ,Πετρέλαιο,Κατασκευής - Λειτουργίας,Εφεδρεία,Πάφος,Αναβαργός
L. LAMBROU AGRO LTD,Ε003903/2023,10/03/2023,09/03/2035,90,-,-,Συμβατικά Καύσιμα,ΜΕΚ,,Κατασκευής - Λειτουργίας,Εφεδρεία,Λευκωσία,Δάλι
ΠΑΓΚΥΠΡΙΟΣ ΟΡΓΑΝΙΣΜΟΣ ΑΓΕΛΑΔΟΤΡΟΦΩΝ (ΠΟΑ) ΔΗΜΟΣΙΑ ΛΤΔ,Ε003902/2023,10/03/2023,09/03/2035,366,-,-,Συμβατικά Καύσιμα,ΜΕΚ,Πετρέλαιο,Κατασκευής - Λειτουργίας,Εφεδρεία,Λάρνακα,Αθηένου
ΕΛΛΗΝΙΚΗ ΤΡΑΠΕΖΑ ΔΗΜΟΣΙΑ ΕΤΑΙΡΕΙΑ ΛΤΔ,Ε003901/2023,10/03/2023,09/03/2035,363,-,-,Συμβατικά Καύσιμα,ΜΕΚ,Πετρέλαιο,Κατασκευής - Λειτουργίας,Εφεδρεία,Λευκωσία,Λατσιά
Α. ΚΕΡΑΣΙ (ΦΩΤΟΒΟΛΤΑΙΚΑ) ΛΤΔ,Ε003900/2023,14/03/2023,13/03/2053,1500,-,-,ΑΠΕ,Φωτοβολταϊκό Σύστημα,,Λειτουργίας Σταθμού Παραγωγής Ηλεκτρισμού,Εμπορική Χρήση,Πάφος,Μηλιά
A&AMP;E AGRICULTURAL AND ENVIRONMENTAL SERVICES LTD,Ε003899/2023,10/03/2023,09/03/2035,500,-,-,Συμβατικά Καύσιμα,ΜΕΚ,Πετρέλαιο,Κατασκευής - Λειτουργίας,Εφεδρεία,Λευκωσία,Αναλιόντα
ΑΡΧΗ ΗΛΕΚΤΡΙΣΜΟΥ ΚΥΠΡΟΥ,Ε003898/2023,10/03/2023,09/03/2028,3100,-,-,ΑΠΕ,Φωτοβολταϊκό Σύστημα,,Κατασκευής Σταθμού Παραγωγής Ηλεκτρισμού,Εμπορική Χρήση,Λευκωσία,Γερόλακκος
ΑΡΧΗ ΗΛΕΚΤΡΙΣΜΟΥ ΚΥΠΡΟΥ,Ε003897/2023,10/03/2023,09/03/2028,3000,-,-,ΑΠΕ,Φωτοβολταϊκό Σύστημα,,Κατασκευής Σταθμού Παραγωγής Ηλεκτρισμού,Εμπορική Χρήση,Λάρνακα,Ορμήδεια
ΑΡΧΗ ΗΛΕΚΤΡΙΣΜΟΥ ΚΥΠΡΟΥ,Ε003896/2023,10/03/2023,09/03/2028,2600,-,-,ΑΠΕ,Φωτοβολταϊκό Σύστημα,,Κατασκευής Σταθμού Παραγωγής Ηλεκτρισμού,Εμπορική Χρήση,Λευκωσία,Άγιος Ιωάννης
ΑΡΧΗ ΗΛΕΚΤΡΙΣΜΟΥ ΚΥΠΡΟΥ,Ε003895/2023,10/03/2023,09/03/2028,2100,-,-,ΑΠΕ,Φωτοβολταϊκό Σύστημα,,Κατασκευής Σταθμού Παραγωγής Ηλεκτρισμού,Εμπορική Χρήση,Λευκωσία,Πάνω Δευτερά
LOMENDOX LTD,Ε003894/2023,07/03/2023,06/03/2035,585,-,-,Συμβατικά Καύσιμα,ΜΕΚ,Πετρέλαιο,Κατασκευής - Λειτουργίας,Εφεδρεία,Πάφος,Πέγεια
PAPOUIS DAIRIES LTD,Ε003893/2023,07/03/2023,06/03/2035,800,-,-,Συμβατικά Καύσιμα,ΜΕΚ,Πετρέλαιο,Λειτουργίας Σταθμού Παραγωγής Ηλεκτρισμού,Εφεδρεία,Λάρνακα,Αθηένου
FIG TREE BAY ZEFKAS G. &AMP; SONS LTD,Ε003891/2023,07/03/2023,06/03/2035,48,-,-,Συμβατικά Καύσιμα,ΜΕΚ,Πετρέλαιο,Κατασκευής - Λειτουργίας,Εφεδρεία,Αμμόχωστος,Παραλίμνι
LOUIS HOTELS PUBLIC COMPANY LTD,Ε003890/2023,07/03/2023,06/03/2035,280,-,-,Συμβατικά Καύσιμα,ΜΕΚ,Πετρέλαιο,Κατασκευής - Λειτουργίας,Εφεδρεία,Αμμόχωστος,Παραλίμνι
IRON MOUNTAIN CYPRUS LTD,Ε003889/2023,07/03/2023,06/03/2035,88,-,-,Συμβατικά Καύσιμα,ΜΕΚ,Πετρέλαιο,Κατασκευής - Λειτουργίας,Εφεδρεία,Λευκωσία,Κοκκινοτριμιθιά
PISSIS LTD,Ε003888/2023,07/03/2023,06/03/2035,63,-,-,Συμβατικά Καύσιμα,ΜΕΚ,Πετρέλαιο,Λειτουργίας Σταθμού Παραγωγής Ηλεκτρισμού,Εφεδρεία,Λευκωσία,Λακατάμια
BANQUE SBA,Ε003887/2023,07/03/2023,06/03/2035,118,-,-,Συμβατικά Καύσιμα,ΜΕΚ,Πετρέλαιο,Κατασκευής - Λειτουργίας,Εφεδρεία,Λεμεσός,Ενορία Νεάπολης
NICE DAY DEVELOPMENTS LTD,Ε003886/2023,07/03/2023,06/03/2035,324,-,-,Συμβατικά Καύσιμα,ΜΕΚ,,Κατασκευής - Λειτουργίας,Εφεδρεία,Λευκωσία,Δήμος Στροβόλου
ΝΕΑ ΣΤΕΡΕΟΤΗΣ ΛΤΔ,Ε003885/2023,07/03/2023,06/03/2035,400,-,-,Συμβατικά Καύσιμα,ΜΕΚ,Πετρέλαιο,Κατασκευής - Λειτουργίας,Εφεδρεία,Λάρνακα,Αραδίππου
REVELTON ENTERPRISES LTD,Ε003884/2023,07/03/2023,06/03/2035,212,-,-,Συμβατικά Καύσιμα,ΜΕΚ,Πετρέλαιο,Κατασκευής - Λειτουργίας,Εφεδρεία,Αμμόχωστος,Αγία Νάπα 
ΑΒΡΑΑΜ ΠΙΤΤΑΚΗΣ &AMP; ΥΙΟΙ ΛΤΔ,Ε003883/2023,07/03/2023,06/03/2053,149.94,-,-,ΑΠΕ,Φωτοβολταϊκό Σύστημα,,Λειτουργίας Σταθμού Παραγωγής Ηλεκτρισμού,Αυτοπαραγωγή/Net-Billing,Αμμόχωστος,Παραλίμνι
BIOLAND PROJECT 90 LTD,Ε003882/2023,07/03/2023,06/03/2028,2000,-,-,ΑΠΕ,Φωτοβολταϊκό Σύστημα,,Κατασκευής Σταθμού Παραγωγής Ηλεκτρισμού,Εμπορική Χρήση,Λευκωσία,Λύμπια
BIOLAND PROJECT 90 LTD,Ε003881/2023,07/03/2023,06/03/2028,4000,-,-,ΑΠΕ,Φωτοβολταϊκό Σύστημα,,Κατασκευής Σταθμού Παραγωγής Ηλεκτρισμού,Εμπορική Χρήση,Λευκωσία,Λύμπια
BIOLAND PROJECT 90 LTD,Ε003880/2023,07/03/2023,06/03/2028,4300,-,-,ΑΠΕ,Φωτοβολταϊκό Σύστημα,,Κατασκευής Σταθμού Παραγωγής Ηλεκτρισμού,Εμπορική Χρήση,Λευκωσία,Λύμπια
BIOLAND PROJECT 90 LTD,Ε003879/2023,07/03/2023,06/03/2028,5700,-,-,ΑΠΕ,Φωτοβολταϊκό Σύστημα,,Κατασκευής Σταθμού Παραγωγής Ηλεκτρισμού,Εμπορική Χρήση,Λευκωσία,Λύμπια
C.A.C. PAPANTONIOU TRADING LTD,Ε003876/2023,28/02/2023,27/02/2053,320,-,-,ΑΠΕ,Φωτοβολταϊκό Σύστημα,,Λειτουργίας Σταθμού Παραγωγής Ηλεκτρισμού,Αυτοπαραγωγή/Net-Billing,Λευκωσία,Έγκωμη
M.X. GREENENERGY LTD,Ε003875/2023,28/02/2023,27/02/2053,2783,-,-,ΑΠΕ,Φωτοβολταϊκό Σύστημα,,Λειτουργίας Σταθμού Παραγωγής Ηλεκτρισμού,Εμπορική Χρήση,Λευκωσία,Τσέρι
BIOLAND PROJECT 29 LTD,Ε003874/2023,21/02/2023,20/02/2053,999,-,-,ΑΠΕ,Φωτοβολταϊκό Σύστημα,,Λειτουργίας Σταθμού Παραγωγής Ηλεκτρισμού,Εμπορική Χρήση,Λευκωσία,Αγίοι Τριμιθιάς
ΠΑΝΕΠΙΣΤΗΜΙΟ ΚΥΠΡΟΥ,Ε003870/2023,14/02/2023,13/02/2026,191.58,-,-,ΑΠΕ,Φωτοβολταϊκό Σύστημα,,Κατασκευής Σταθμού Παραγωγής Ηλεκτρισμού,Αυτοπαραγωγή/Net-Billing,Λευκωσία,Αγλαντζιά
EKO LOGISTICS LTD,Ε003862/2023,14/02/2023,13/02/2026,316.395,450,738,ΑΠΕ,Φωτοβολταϊκό Σύστημα,,Κατασκευής Σταθμού Παραγωγής Ηλεκτρισμού,Αυτοπαραγωγή/Net-Billing,Λάρνακα,Μαρί
A-NRG LTD,Ε003860/2023,14/02/2023,13/02/2028,400,-,-,ΑΠΕ,Φωτοβολταϊκό Σύστημα,,Κατασκευής Σταθμού Παραγωγής Ηλεκτρισμού,Εμπορική Χρήση,Λευκωσία,Περιστερώνα
XBLA GEOSOLUTIONS LTD,Ε003859/2023,14/02/2023,13/02/2028,770,-,-,ΑΠΕ,Φωτοβολταϊκό Σύστημα,,Κατασκευής Σταθμού Παραγωγής Ηλεκτρισμού,Εμπορική Χρήση,Λευκωσία,Νικητάρι
ALIRION SOLAR ENERGY LTD,Ε003858/2023,14/02/2023,13/02/2028,500,-,-,ΑΠΕ,Φωτοβολταϊκό Σύστημα,,Κατασκευής Σταθμού Παραγωγής Ηλεκτρισμού,Εμπορική Χρήση,Λευκωσία,Περιστερώνα
ΦΑΝΟΣ Ν. ΕΠΙΦΑΝΙΟΥ Δ.Ε. ΛΤΔ,Ε003829/2023,03/02/2023,02/02/2028,7900,-,-,ΑΠΕ,Φωτοβολταϊκό Σύστημα,,Κατασκευής Σταθμού Παραγωγής Ηλεκτρισμού,Εμπορική Χρήση,Λάρνακα,Βάβλα
ΦΑΝΟΣ Ν. ΕΠΙΦΑΝΙΟΥ Δ.Ε. ΛΤΔ,Ε003828/2023,03/02/2023,02/02/2028,7000,-,-,ΑΠΕ,Φωτοβολταϊκό Σύστημα,,Κατασκευής Σταθμού Παραγωγής Ηλεκτρισμού,Εμπορική Χρήση,Λάρνακα,Βάβλα
D.P. ELSIM LTD,Ε003827/2023,03/02/2023,02/02/2028,8000,-,-,ΑΠΕ,Φωτοβολταϊκό Σύστημα,,Κατασκευής Σταθμού Παραγωγής Ηλεκτρισμού,Εμπορική Χρήση,Αμμόχωστος,Λιοπέτρι
D.P. ELSIM LTD,Ε003826/2023,03/02/2023,02/02/2028,6000,-,-,ΑΠΕ,Φωτοβολταϊκό Σύστημα,,Κατασκευής Σταθμού Παραγωγής Ηλεκτρισμού,Εμπορική Χρήση,Αμμόχωστος,Λιοπέτρι
D.P. ELSIM LTD,Ε003825/2023,03/02/2023,02/02/2028,2000,-,-,ΑΠΕ,Φωτοβολταϊκό Σύστημα,,Κατασκευής Σταθμού Παραγωγής Ηλεκτρισμού,Εμπορική Χρήση,Πάφος,Μαλαδειά
D.P. ELSIM LTD,Ε003824/2023,03/02/2023,02/02/2028,2000,-,-,ΑΠΕ,Φωτοβολταϊκό Σύστημα,,Κατασκευής Σταθμού Παραγωγής Ηλεκτρισμού,Εμπορική Χρήση,Λεμεσός,Λάνεια
ΙΔΡΥΜΑ ΘΕΡΑΠΕΥΤΙΚΗ ΚΟΙΝΟΤΗΤΑ ΑΓΙΑ ΣΚΕΠΗ,Ε003822/2023,31/01/2023,30/01/2053,54.4,-,-,ΑΠΕ,Φωτοβολταϊκό Σύστημα,,Λειτουργίας Σταθμού Παραγωγής Ηλεκτρισμού,Αυτοπαραγωγή/Net-Billing,Λευκωσία,Πολιτικό
ΣΚΥΡΑ ΛΙΜΑ ΛΤΔ,Ε003806/2023,27/01/2023,26/07/2026,1300,-,-,ΑΠΕ,Φωτοβολταϊκό Σύστημα,,Κατασκευής Σταθμού Παραγωγής Ηλεκτρισμού,Αυτοπαραγωγή/Net-Billing,Λάρνακα,Κόρνος
SOLEK LARNAKA I LTD,Ε003802/2023,24/01/2023,23/01/2028,1200,-,-,ΑΠΕ,Φωτοβολταϊκό Σύστημα,,Κατασκευής Σταθμού Παραγωγής Ηλεκτρισμού,Εμπορική Χρήση,Λάρνακα,Άγιος Θεόδωρος
BIOLAND PROJECT 90 LTD,Ε003801/2023,24/01/2023,23/01/2028,350,-,-,ΑΠΕ,Φωτοβολταϊκό Σύστημα,,Κατασκευής Σταθμού Παραγωγής Ηλεκτρισμού,Εμπορική Χρήση,Λάρνακα,Καλό Χωριό
BIOLAND PROJECT 90 LTD,Ε003800/2023,24/01/2023,23/01/2028,350,-,-,ΑΠΕ,Φωτοβολταϊκό Σύστημα,,Κατασκευής Σταθμού Παραγωγής Ηλεκτρισμού,Εμπορική Χρήση,Λάρνακα,Καλό Χωριό
ACV SOUNI SOLAR VALLEY LTD ,Ε003799/2023,24/01/2023,23/01/2028,6000,-,-,ΑΠΕ,Φωτοβολταϊκό Σύστημα,,Κατασκευής Σταθμού Παραγωγής Ηλεκτρισμού,Εμπορική Χρήση,Λεμεσός,Σούνι
ΦΥΣΙΚΟ ΠΡΟΣΩΠΟ,Ε003798/2023,24/01/2023,23/01/2053,80,-,-,ΑΠΕ,Φωτοβολταϊκό Σύστημα,,Λειτουργίας Σταθμού Παραγωγής Ηλεκτρισμού,Εμπορική Χρήση,Λεμεσός,Δωρά
NIKYR PRODUCTS AND CO LTD,Ε003797/2023,24/01/2023,23/01/2053,145.85,-,-,ΑΠΕ,Φωτοβολταϊκό Σύστημα,,Λειτουργίας Σταθμού Παραγωγής Ηλεκτρισμού,Αυτοπαραγωγή/Net-Billing,Λευκωσία,Εργάτες
ΣΥΜΒΟΥΛΙΟ ΑΠΟΧΕΤΕΥΣΕΩΝ ΛΕΜΕΣΟΥ - ΑΜΑΘΟΥΝΤΑΣ,Ε003796/2023,24/01/2023,23/01/2053,150,-,-,ΑΠΕ,Φωτοβολταϊκό Σύστημα,,Λειτουργίας Σταθμού Παραγωγής Ηλεκτρισμού,Αυτοπαραγωγή/Net-Billing,Λεμεσός,Κάτω Πολεμίδια
PCMK HOLDINGS LTD,Ε003795/2023,24/01/2023,23/01/2053,74.7,-,-,ΑΠΕ,Φωτοβολταϊκό Σύστημα,,Λειτουργίας Σταθμού Παραγωγής Ηλεκτρισμού,Αυτοπαραγωγή/Net-Billing,Λευκωσία,Λευκωσία
ΑΡΧΗ ΤΗΛΕΠΙΚΟΙΝΩΝΙΩΝ ΚΥΠΡΟΥ,Ε003786/2023,05/01/2023,04/01/2053,74.5,-,-,ΑΠΕ,Φωτοβολταϊκό Σύστημα,,Λειτουργίας Σταθμού Παραγωγής Ηλεκτρισμού,Αυτοπαραγωγή/Net-Billing,Πάφος,Γεροσκήπου
C.A.C. PAPANTONIOU TRADING LTD,Ε003785/2023,05/01/2023,04/01/2053,175.45,-,-,ΑΠΕ,Φωτοβολταϊκό Σύστημα,,Λειτουργίας Σταθμού Παραγωγής Ηλεκτρισμού,Αυτοπαραγωγή/Net-Billing,Πάφος,Λέμπα
QABAC ENERGY LTD,Ε003784/2022,23/12/2022,22/12/2027,477,-,-,ΑΠΕ,Φωτοβολταϊκό Σύστημα,,Κατασκευής Σταθμού Παραγωγής Ηλεκτρισμού,Εμπορική Χρήση,Πάφος,Στρουμπί
KAO ENERGY LTD,Ε003783/2022,23/12/2022,22/12/2027,653,-,-,ΑΠΕ,Φωτοβολταϊκό Σύστημα,,Κατασκευής Σταθμού Παραγωγής Ηλεκτρισμού,Εμπορική Χρήση,Πάφος,Στρουμπί
SOLEK LARNAKA I LTD,Ε003782/2022,23/12/2022,22/12/2027,1930,-,-,ΑΠΕ,Φωτοβολταϊκό Σύστημα,,Κατασκευής Σταθμού Παραγωγής Ηλεκτρισμού,Εμπορική Χρήση,Λάρνακα,Αλαμινός
SOLEK LARNAKA I LTD,Ε003781/2022,23/12/2022,22/12/2027,2060,-,-,ΑΠΕ,Φωτοβολταϊκό Σύστημα,,Κατασκευής Σταθμού Παραγωγής Ηλεκτρισμού,Εμπορική Χρήση,Λάρνακα,Αλαμινός
SOLEK LARNAKA I LTD,Ε003779/2022,23/12/2022,22/12/2027,3310,-,-,ΑΠΕ,Φωτοβολταϊκό Σύστημα,,Κατασκευής Σταθμού Παραγωγής Ηλεκτρισμού,Εμπορική Χρήση,Λάρνακα,Άγιος Θεόδωρος
POLYSTEP (ENERGY) LTD,Ε003777/2022,23/12/2022,22/12/2027,8000,-,-,ΑΠΕ,Φωτοβολταϊκό Σύστημα,,Κατασκευής Σταθμού Παραγωγής Ηλεκτρισμού,Εμπορική Χρήση,Λάρνακα,Κυβισίλι
ΗΛΙΟΜΟΡΦΟΝ 1 ΛΤΔ,Ε003776/2022,23/12/2022,22/12/2052,5000,-,-,ΑΠΕ,Φωτοβολταϊκό Σύστημα,,Λειτουργίας Σταθμού Παραγωγής Ηλεκτρισμού,Εμπορική Χρήση,Λευκωσία,Άγιος Επιφάνειος – Σολέας
ARMOLIA INVESTMENTS LTD,Ε003775/2022,23/12/2022,22/12/2052,5000,-,-,ΑΠΕ,Φωτοβολταϊκό Σύστημα,,Λειτουργίας Σταθμού Παραγωγής Ηλεκτρισμού,Εμπορική Χρήση,Λευκωσία,Άγιος Επιφάνειος - Σολέας
ERGO ENERGY PV PARKS LTD,Ε003774/2022,20/12/2022,19/12/2027,3200,3200,10000,ΑΠΕ,Φωτοβολταϊκό Σύστημα,,Κατασκευής Σταθμού Παραγωγής Ηλεκτρισμού,Εμπορική Χρήση,Λευκωσία,Αγία Βαρβάρα
ESC EASTERN SOLAR COMPANY LTD,Ε003773/2022,20/12/2022,19/12/2027,1800,-,-,ΑΠΕ,Φωτοβολταϊκό Σύστημα,,Κατασκευής Σταθμού Παραγωγής Ηλεκτρισμού,Εμπορική Χρήση,Αμμόχωστος,Δερύνεια
ESC EASTERN SOLAR COMPANY LTD,Ε003772/2022,20/12/2022,19/12/2027,1700,-,-,ΑΠΕ,Φωτοβολταϊκό Σύστημα,,Κατασκευής Σταθμού Παραγωγής Ηλεκτρισμού,Εμπορική Χρήση,Αμμόχωστος,Φρέναρος
ESC EASTERN SOLAR COMPANY LTD,Ε003771/2022,20/12/2022,19/12/2027,1000,-,-,ΑΠΕ,Φωτοβολταϊκό Σύστημα,,Κατασκευής Σταθμού Παραγωγής Ηλεκτρισμού,Εμπορική Χρήση,Αμμόχωστος,Δερύνεια
ESC EASTERN SOLAR COMPANY LTD,Ε003770/2022,20/12/2022,19/12/2027,700,-,-,ΑΠΕ,Φωτοβολταϊκό Σύστημα,,Κατασκευής Σταθμού Παραγωγής Ηλεκτρισμού,Εμπορική Χρήση,Αμμόχωστος,Φρέναρος
ΦΥΣΙΚΟ ΠΡΟΣΩΠΟ,Ε003759/2022,20/12/2022,19/12/2027,150,-,-,ΑΠΕ,Φωτοβολταϊκό Σύστημα,,Κατασκευής Σταθμού Παραγωγής Ηλεκτρισμού,Εμπορική Χρήση,Λεμεσός,Αλάσσα
BIOLAND PROJECT 96 LTD,Ε003758/2022,20/12/2022,19/12/2027,1000,-,-,ΑΠΕ,Φωτοβολταϊκό Σύστημα,,Κατασκευής Σταθμού Παραγωγής Ηλεκτρισμού,Εμπορική Χρήση,Λάρνακα,Τερσεφάνου
BIOLAND PROJECT 89 LTD,Ε003757/2022,20/12/2022,19/12/2027,2000,-,-,ΑΠΕ,Φωτοβολταϊκό Σύστημα,,Κατασκευής Σταθμού Παραγωγής Ηλεκτρισμού,Εμπορική Χρήση,Λάρνακα,Τερσεφάνου
BIOLAND PROJECT 93 LTD,Ε003756/2022,20/12/2022,19/12/2027,1500,-,-,ΑΠΕ,Φωτοβολταϊκό Σύστημα,,Κατασκευής Σταθμού Παραγωγής Ηλεκτρισμού,Εμπορική Χρήση,Λάρνακα,Ξυλοφάγου
BIOLAND PROJECT 86 LTD,Ε003755/2022,20/12/2022,19/12/2027,300,300,1200,ΑΠΕ,Φωτοβολταϊκό Σύστημα,,Κατασκευής Σταθμού Παραγωγής Ηλεκτρισμού,Εμπορική Χρήση,Αμμόχωστος,Φρέναρος
BP-S 101 LTD,Ε003754/2022,20/12/2022,19/12/2027,100,-,-,ΑΠΕ,Φωτοβολταϊκό Σύστημα,,Κατασκευής Σταθμού Παραγωγής Ηλεκτρισμού,Εμπορική Χρήση,Λάρνακα,Αθηένου
SOLEK LARNAKA I LTD,Ε003753/2022,16/12/2022,15/12/2027,2990,-,-,ΑΠΕ,Φωτοβολταϊκό Σύστημα,,Κατασκευής Σταθμού Παραγωγής Ηλεκτρισμού,Εμπορική Χρήση,Λάρνακα,Άγιος Θεόδωρος
SOLEK LARNAKA I LTD,Ε003752/2022,16/12/2022,15/12/2027,1360,-,-,ΑΠΕ,Φωτοβολταϊκό Σύστημα,,Κατασκευής Σταθμού Παραγωγής Ηλεκτρισμού,Εμπορική Χρήση,Λάρνακα,Άγιος Θεόδωρος
Κ. ΚΥΘΡΑΙΩΤΗΣ - ΣΚΥΡΟΔΕΜΑ ΛΤΔ,Ε003749/2022,16/12/2022,15/12/2052,1100,-,-,ΑΠΕ,Φωτοβολταϊκό Σύστημα,,Λειτουργίας Σταθμού Παραγωγής Ηλεκτρισμού,Εμπορική Χρήση,Λεμεσός,Παρακκλησία
DIANARY HOLDINGS LTD,Ε003748/2022,13/12/2022,12/12/2052,2600,-,-,ΑΠΕ,Φωτοβολταϊκό Σύστημα,,Λειτουργίας Σταθμού Παραγωγής Ηλεκτρισμού,Εμπορική Χρήση,Λευκωσία,Άγιος Ιωάννης
S.S.H. SOLAR ENERGY LTD,Ε003745/2022,13/12/2022,12/12/2027,1800,-,-,ΑΠΕ,Φωτοβολταϊκό Σύστημα,,Κατασκευής Σταθμού Παραγωγής Ηλεκτρισμού,Εμπορική Χρήση,Λευκωσία,Ψημολόφου
S.S.H. SOLAR ENERGY LTD,Ε003744/2022,13/12/2022,12/12/2027,4000,-,-,ΑΠΕ,Φωτοβολταϊκό Σύστημα,,Κατασκευής Σταθμού Παραγωγής Ηλεκτρισμού,Εμπορική Χρήση,Λευκωσία,Ψημολόφου
REVESIUS LTD,Ε003743/2022,13/12/2022,12/12/2027,8000,-,-,ΑΠΕ,Φωτοβολταϊκό Σύστημα,,Κατασκευής Σταθμού Παραγωγής Ηλεκτρισμού,Εμπορική Χρήση,Λάρνακα,Πύλα
REVESIUS LTD,Ε003742/2022,13/12/2022,12/12/2027,8000,-,-,ΑΠΕ,Φωτοβολταϊκό Σύστημα,,Κατασκευής Σταθμού Παραγωγής Ηλεκτρισμού,Εμπορική Χρήση,Λάρνακα,Πύλα
GREENFIN ENERGIES LTD,Ε003741/2022,09/12/2022,08/12/2027,3600,-,-,ΑΠΕ,Φωτοβολταϊκό Σύστημα,,Κατασκευής Σταθμού Παραγωγής Ηλεκτρισμού,Εμπορική Χρήση,Αμμόχωστος,Φρέναρος
ARISTOKLIA SOLAR LTD,Ε003738/2022,09/12/2022,08/12/2027,150,-,-,ΑΠΕ,Φωτοβολταϊκό Σύστημα,,Κατασκευής Σταθμού Παραγωγής Ηλεκτρισμού,Εμπορική Χρήση,Λευκωσία,Βυζακιά
ΞΕΝΟΦΩΝ ΕΥΣΤΑΘΙΟΥ,Ε003736/2022,09/12/2022,08/12/2027,150,-,-,ΑΠΕ,Φωτοβολταϊκό Σύστημα,,Κατασκευής Σταθμού Παραγωγής Ηλεκτρισμού,Εμπορική Χρήση,Λευκωσία,Πάνω Δευτερά
ΚΩΝΣΤΑΝΤΙΝΟΣ ΕΥΣΤΑΘΙΟΥ,Ε003735/2022,09/12/2022,08/12/2027,150,-,-,ΑΠΕ,Φωτοβολταϊκό Σύστημα,,Κατασκευής Σταθμού Παραγωγής Ηλεκτρισμού,Εμπορική Χρήση,Λευκωσία,Πάνω Δευτερά
JUMBO TRADING LTD,Ε003734/2022,06/12/2022,05/12/2052,426.465,-,-,ΑΠΕ,Φωτοβολταϊκό Σύστημα,,Λειτουργίας Σταθμού Παραγωγής Ηλεκτρισμού,Αυτοπαραγωγή/Net-Billing,Λάρνακα,Λειβάδια
EXCELCIOR HOTEL ENTERPRISES LTD,Ε003727/2022,29/11/2022,28/11/2034,600,-,-,Συμβατικά Καύσιμα,ΜΕΚ,Πετρέλαιο,Κατασκευής - Λειτουργίας,Εφεδρεία,Λευκωσία,Λευκωσίας
ΚΥΠΡΙΑΚΗ ΥΠΗΡΕΣΙΑ ΠΛΗΡΟΦΟΡΙΩΝ,Ε003726/2022,29/11/2022,28/11/2034,80,-,-,Συμβατικά Καύσιμα,ΜΕΚ,Πετρέλαιο,Κατασκευής - Λειτουργίας,Εφεδρεία,Πάφος,Δήμος Πάφου
FAMILY RESTAURANT ANDREOU &AMP; CO LTD,Ε003725/2022,29/11/2022,28/11/2034,37,-,-,Συμβατικά Καύσιμα,ΜΕΚ,,Κατασκευής - Λειτουργίας,Αυτοπαραγωγή,Λάρνακα,Λάρνακα
C.P. FOODLAB LIMITED,Ε003724/2022,29/11/2022,28/11/2034,70,-,-,Συμβατικά Καύσιμα,ΜΕΚ,Πετρέλαιο,Κατασκευής - Λειτουργίας,Εφεδρεία,Λευκωσία,Λακατάμια
ΕΛΛΗΝΙΚΗ ΤΡΑΠΕΖΑ ΔΗΜΟΣΙΑ ΕΤΑΙΡΕΙΑ ΛΤΔ,Ε003723/2022,29/11/2022,28/11/2034,448,-,-,Συμβατικά Καύσιμα,ΜΕΚ,Πετρέλαιο,Κατασκευής - Λειτουργίας,Εφεδρεία,Λευκωσία,Άγιος Δομέτιος
ΕΛΛΗΝΙΚΗ ΤΡΑΠΕΖΑ ΔΗΜΟΣΙΑ ΕΤΑΙΡΕΙΑ ΛΤΔ,Ε003722/2022,29/11/2022,28/11/2034,93,-,-,Συμβατικά Καύσιμα,ΜΕΚ,Πετρέλαιο,Κατασκευής - Λειτουργίας,Εφεδρεία,Λευκωσία,Πέρα Χωριό Νήσου
ΕΛΛΗΝΙΚΗ ΤΡΑΠΕΖΑ ΔΗΜΟΣΙΑ ΕΤΑΙΡΕΙΑ ΛΤΔ,Ε003721/2022,29/11/2022,28/11/2034,680,-,-,Συμβατικά Καύσιμα,ΜΕΚ,Πετρέλαιο,Κατασκευής - Λειτουργίας,Εφεδρεία,Λευκωσία,Λευκωσίας
G.C. (ASKAS) FARM LTD,Ε003720/2022,29/11/2022,28/11/2034,53,-,-,Συμβατικά Καύσιμα,ΜΕΚ,Πετρέλαιο,Κατασκευής - Λειτουργίας,Εφεδρεία,Λευκωσία,Ασκάς
PAVLOS ZENONOS AND SONS LTD,Ε003719/2022,29/11/2022,28/11/2052,149.76,-,-,ΑΠΕ,Φωτοβολταϊκό Σύστημα,,Λειτουργίας Σταθμού Παραγωγής Ηλεκτρισμού,Αυτοπαραγωγή/Net-Billing,Λεμεσός,Μοναγρούλλι
C &AMP; S AMERICAN HEART INSTITUTE LIMITED,Ε003718/2022,29/11/2022,28/11/2052,250,-,-,ΑΠΕ,Φωτοβολταϊκό Σύστημα,,Λειτουργίας Σταθμού Παραγωγής Ηλεκτρισμού,Αυτοπαραγωγή/Net-Billing,Λευκωσία,Στρόβολος
VATHIA GONIA SOLAR ENERGY LTD,Ε003717/2022,29/11/2022,28/11/2027,8000,-,-,ΑΠΕ,Φωτοβολταϊκό Σύστημα,,Κατασκευής Σταθμού Παραγωγής Ηλεκτρισμού,Εμπορική Χρήση,Λευκωσία,Γέρι
VATHIA GONIA SOLAR ENERGY LTD,Ε003716/2022,29/11/2022,28/11/2027,6000,-,-,ΑΠΕ,Φωτοβολταϊκό Σύστημα,,Κατασκευής Σταθμού Παραγωγής Ηλεκτρισμού,Εμπορική Χρήση,Λευκωσία,Γέρι
GKA SUNPOWER LTD,Ε003715/2022,29/11/2022,28/11/2027,1359,-,-,ΑΠΕ,Φωτοβολταϊκό Σύστημα,,Κατασκευής Σταθμού Παραγωγής Ηλεκτρισμού,Εμπορική Χρήση,Αμμόχωστος,Φρέναρος
GKA SUNENERGY LTD,Ε003714/2022,29/11/2022,28/11/2027,7515,-,-,ΑΠΕ,Φωτοβολταϊκό Σύστημα,,Κατασκευής Σταθμού Παραγωγής Ηλεκτρισμού,Εμπορική Χρήση,Λευκωσία,Λύμπια
INTENTIONS GREEN LTD,Ε003713/2022,29/11/2022,28/11/2027,5000,-,-,ΑΠΕ,Φωτοβολταϊκό Σύστημα,,Κατασκευής Σταθμού Παραγωγής Ηλεκτρισμού,Εμπορική Χρήση,Λάρνακα,Δήμος Αραδίππου
EMSH MEDITERRANEAN SOLAR HARVEST LTD,Ε003712/2022,29/11/2022,28/11/2027,2500,3000,1000,ΑΠΕ,Φωτοβολταϊκό Σύστημα,,Κατασκευής Σταθμού Παραγωγής Ηλεκτρισμού,Εμπορική Χρήση,Λεμεσός,Ασγάτα
D.K. SOLAR PROJECT HOLDINGS LTD,Ε003711/2022,29/11/2022,28/11/2027,5500,4500,1500,ΑΠΕ,Φωτοβολταϊκό Σύστημα,,Κατασκευής Σταθμού Παραγωγής Ηλεκτρισμού,Εμπορική Χρήση,Λεμεσός,Ανώγυρα
EUNICE WIND PARK HOLDINGS (INTL) LTD,Ε003710/2022,29/11/2022,28/11/2027,1500,-,-,ΑΠΕ,Φωτοβολταϊκό Σύστημα,,Κατασκευής Σταθμού Παραγωγής Ηλεκτρισμού,Εμπορική Χρήση,Πάφος,Χωλέτρια
EUNICE WIND PARK HOLDINGS (INTL) LTD,Ε003709/2022,29/11/2022,28/11/2027,1000,-,-,ΑΠΕ,Φωτοβολταϊκό Σύστημα,,Κατασκευής Σταθμού Παραγωγής Ηλεκτρισμού,Εμπορική Χρήση,Πάφος,Χωλέτρια
EUNICE WIND PARK HOLDINGS (INTL) LTD,Ε003708/2022,29/11/2022,28/11/2027,1000,-,-,ΑΠΕ,Φωτοβολταϊκό Σύστημα,,Κατασκευής Σταθμού Παραγωγής Ηλεκτρισμού,Εμπορική Χρήση,Πάφος,Χωλέτρια
EUNICE WIND PARK HOLDINGS (INTL) LTD,Ε003707/2022,29/11/2022,28/11/2027,4100,4500,1500,ΑΠΕ,Φωτοβολταϊκό Σύστημα,,Κατασκευής Σταθμού Παραγωγής Ηλεκτρισμού,Εμπορική Χρήση,Πάφος,Χωλέτρια
ΚΥΠΡΙΑΚΟΣ ΟΡΓΑΝΙΣΜΟΣ ΑΘΛΗΤΙΣΜΟΥ,Ε003706/2022,22/11/2022,21/11/2034,824,-,-,Συμβατικά Καύσιμα,ΜΕΚ,Πετρέλαιο,Κατασκευής - Λειτουργίας,Εφεδρεία,Λεμεσός,Κολόσι
VALESSIA G. PROTARAS POLYCLINIC LTD,Ε003705/2022,22/11/2022,21/11/2034,32,-,-,Συμβατικά Καύσιμα,ΜΕΚ,,Κατασκευής - Λειτουργίας,Εφεδρεία,Αμμόχωστος,Παραλίμνι
K MART LTD,Ε003704/2022,22/11/2022,21/11/2034,217,-,-,Συμβατικά Καύσιμα,ΜΕΚ,,Κατασκευής - Λειτουργίας,Εφεδρεία,Λευκωσία,Στρόβολος
CANACO HOTELS LTD,Ε003703/2022,22/11/2022,21/11/2034,339,-,-,Συμβατικά Καύσιμα,ΜΕΚ,,Κατασκευής - Λειτουργίας,Εφεδρεία,Αμμόχωστος,Παραλίμνι
YAKUMO ENTERPRISES LTD,Ε003702/2022,22/11/2022,21/11/2034,108,-,-,Συμβατικά Καύσιμα,ΜΕΚ,Πετρέλαιο,Κατασκευής - Λειτουργίας,Εφεδρεία,Λάρνακα,Λιβάδια
RISALA ESTATES LTD,Ε003701/2022,22/11/2022,21/11/2034,564,-,-,Συμβατικά Καύσιμα,ΜΕΚ,Πετρέλαιο,Κατασκευής - Λειτουργίας,Εφεδρεία,Αμμόχωστος,Παραλίμνι
ALENDORO LTD,Ε003700/2022,22/11/2022,21/11/2034,352,-,-,Συμβατικά Καύσιμα,ΜΕΚ,Πετρέλαιο,Κατασκευής - Λειτουργίας,Εφεδρεία,Αμμόχωστος,Παραλίμνι
SUNRISE HOTELS LTD,Ε003699/2022,22/11/2022,21/11/2034,564,-,-,Συμβατικά Καύσιμα,ΜΕΚ,Πετρέλαιο,Κατασκευής - Λειτουργίας,Εφεδρεία,Αμμόχωστος,Παραλίμνι
A.M. CHRISAPHINIS LTD,Ε003698/2022,22/11/2022,21/11/2034,176,-,-,Συμβατικά Καύσιμα,ΜΕΚ,Πετρέλαιο,Κατασκευής - Λειτουργίας,Εφεδρεία,Αμμόχωστος,Παραλίμνι
C &AMP; S AMERICAN HEART INSTITUTE LTD,Ε003688/2022,18/11/2022,17/11/2034,240,-,-,Συμβατικά Καύσιμα,ΜΕΚ,,Κατασκευής - Λειτουργίας,Αυτοπαραγωγή,Λευκωσία,Στροβόλου
HELLENIC BANK PUBLIC COMPANY LTD,Ε003687/2022,18/11/2022,17/11/2034,135,-,-,Συμβατικά Καύσιμα,ΜΕΚ,Πετρέλαιο,Κατασκευής - Λειτουργίας,Εφεδρεία,Λεμεσός,Δήμος Μέσα Γειτονιάς
HELLENIC BANK PUBLIC COMPANY LTD,Ε003686/2022,18/11/2022,17/11/2034,165,-,-,Συμβατικά Καύσιμα,ΜΕΚ,Πετρέλαιο,Κατασκευής - Λειτουργίας,Εφεδρεία,Λεμεσός,Δήμος Λεμεσού
HELLENIC BANK PUBLIC COMPANY LTD,Ε003685/2022,18/11/2022,17/11/2034,200,-,-,Συμβατικά Καύσιμα,ΜΕΚ,Πετρέλαιο,Κατασκευής - Λειτουργίας,Εφεδρεία,Λεμεσός,Δήμος Λεμεσού
HELLENIC BANK PUBLIC COMPANY LTD,Ε003684/2022,18/11/2022,17/11/2034,410,-,-,Συμβατικά Καύσιμα,ΜΕΚ,Πετρέλαιο,Κατασκευής - Λειτουργίας,Εφεδρεία,Λάρνακα,Δήμος Λάρνακας
HELLENIC BANK PUBLIC COMPANY LTD,Ε003683/2022,18/11/2022,17/11/2034,150,-,-,Συμβατικά Καύσιμα,ΜΕΚ,Πετρέλαιο,Κατασκευής - Λειτουργίας,Εφεδρεία,Λάρνακα,Δήμος Κιτίου
HELLENIC BANK PUBLIC COMPANY LTD,Ε003682/2022,18/11/2022,17/11/2034,625,-,-,Συμβατικά Καύσιμα,ΜΕΚ,Πετρέλαιο,Κατασκευής - Λειτουργίας,Εφεδρεία,Λάρνακα,Δήμος Λάρνακας
HELLENIC BANK PUBLIC COMPANY LTD,Ε003681/2022,18/11/2022,17/11/2034,105,-,-,Συμβατικά Καύσιμα,ΜΕΚ,Πετρέλαιο,Κατασκευής - Λειτουργίας,Εφεδρεία,Λάρνακα,Δήμος Λάρνακας
HELLENIC BANK PUBLIC COMPANY LTD,Ε003680/2022,18/11/2022,17/11/2034,500,-,-,Συμβατικά Καύσιμα,ΜΕΚ,Πετρέλαιο,Κατασκευής - Λειτουργίας,Εφεδρεία,Λεμεσός,Δήμος Λεμεσού
HELLENIC BANK PUBLIC COMPANY LTD,Ε003679/2022,18/11/2022,17/11/2034,450,-,-,Συμβατικά Καύσιμα,ΜΕΚ,Πετρέλαιο,Κατασκευής - Λειτουργίας,Εφεδρεία,Λεμεσός,Δήμος Λεμεσού
A. POTAMITIS MEDICARE LTD,Ε003678/2022,18/11/2022,17/11/2034,64,-,-,Συμβατικά Καύσιμα,ΜΕΚ,,Κατασκευής - Λειτουργίας,Εφεδρεία,Λευκωσία,Δήμος Στροβόλου
ALEKTOR KTIMATIKI LTD,Ε003677/2022,18/11/2022,17/11/2034,423,-,-,Συμβατικά Καύσιμα,ΜΕΚ,Πετρέλαιο,Κατασκευής - Λειτουργίας,Εφεδρεία,Λευκωσία,Λατσιά
EPIPHANIOU SCRAP METALS LTD,Ε003676/2022,18/11/2022,17/11/2034,30,-,-,Συμβατικά Καύσιμα,ΜΕΚ,Πετρέλαιο,Κατασκευής - Λειτουργίας,Εφεδρεία,Λάρνακα,Μαρί
WILTON CONFECTIONERIES LTD,Ε003675/2022,18/11/2022,17/11/2052,110,-,-,ΑΠΕ,Φωτοβολταϊκό Σύστημα,,Λειτουργίας Σταθμού Παραγωγής Ηλεκτρισμού,Αυτοπαραγωγή/Net-Billing,Λεμεσός,Ύψωνας
MICHAELS PROPERTIES LTD,Ε003674/2022,18/11/2022,17/11/2052,60,-,-,ΑΠΕ,Φωτοβολταϊκό Σύστημα,,Λειτουργίας Σταθμού Παραγωγής Ηλεκτρισμού,Αυτοπαραγωγή/Net-Billing,Λευκωσία,Έγκωμη
ΦΥΣΙΚΟ ΠΡΟΣΩΠΟ,Ε003673/2022,18/11/2022,17/11/2027,147,100,200,ΑΠΕ,Φωτοβολταϊκό Σύστημα,,Κατασκευής Σταθμού Παραγωγής Ηλεκτρισμού,Εμπορική Χρήση,Πάφος,Πολέμι
BIOLAND PROJECT 90 LTD,Ε003672/2022,18/11/2022,17/11/2027,330,-,-,ΑΠΕ,Φωτοβολταϊκό Σύστημα,,Κατασκευής Σταθμού Παραγωγής Ηλεκτρισμού,Εμπορική Χρήση,Λευκωσία,Αλάμπρα
BIOLAND PROJECT 90 LTD,Ε003671/2022,18/11/2022,17/11/2027,6400,-,-,ΑΠΕ,Φωτοβολταϊκό Σύστημα,,Κατασκευής Σταθμού Παραγωγής Ηλεκτρισμού,Εμπορική Χρήση,Λευκωσία,Αλάμπρα
BIOLAND PROJECT 93 LTD,Ε003670/2022,18/11/2022,17/11/2027,8000,-,-,ΑΠΕ,Φωτοβολταϊκό Σύστημα,,Κατασκευής Σταθμού Παραγωγής Ηλεκτρισμού,Εμπορική Χρήση,Αμμόχωστος,Σωτήρα
BIOLAND PROJECT 90 LTD,Ε003669/2022,18/11/2022,17/11/2027,3000,3000,12000,ΑΠΕ,Φωτοβολταϊκό Σύστημα,,Κατασκευής Σταθμού Παραγωγής Ηλεκτρισμού,Εμπορική Χρήση,Αμμόχωστος,Φρέναρος
BIOLAND PROJECT 64 LTD,Ε003668/2022,18/11/2022,17/11/2052,450,-,-,ΑΠΕ,Φωτοβολταϊκό Σύστημα,,Λειτουργίας Σταθμού Παραγωγής Ηλεκτρισμού,Εμπορική Χρήση,Λάρνακα,Απλάντα
ΤΣΙΜΕΝΤΟΠΟΙΙΑ ΒΑΣΙΛΙΚΟΥ ΔΗΜΟΣΙΑ ΕΤΑΙΡΕΙΑ ΛΤΔ,Ε003667/2022,18/11/2022,17/11/2027,8000,-,-,ΑΠΕ,Φωτοβολταϊκό Σύστημα,,Κατασκευής Σταθμού Παραγωγής Ηλεκτρισμού,Εμπορική Χρήση,Λάρνακα,Τόχνη
HAFFNEVE HOLDING LTD,Ε003666/2022,11/11/2022,10/11/2027,2200,-,-,ΑΠΕ,Φωτοβολταϊκό Σύστημα,,Κατασκευής Σταθμού Παραγωγής Ηλεκτρισμού,Εμπορική Χρήση,Λευκωσία,Μαργί
PV SUNSET LTD,Ε003665/2022,11/11/2022,10/11/2027,2760,-,-,ΑΠΕ,Φωτοβολταϊκό Σύστημα,,Κατασκευής Σταθμού Παραγωγής Ηλεκτρισμού,Εμπορική Χρήση,Λεμεσός,Μοναγρούλι
PV SUNSET LTD,Ε003664/2022,11/11/2022,10/11/2027,2300,-,-,ΑΠΕ,Φωτοβολταϊκό Σύστημα,,Κατασκευής Σταθμού Παραγωγής Ηλεκτρισμού,Εμπορική Χρήση,Λεμεσός,Μοναγρούλι
BIOLAND PROJECT 24 LTD,Ε003662/2022,11/11/2022,10/11/2052,1200,-,-,ΑΠΕ,Φωτοβολταϊκό Σύστημα,,Λειτουργίας Σταθμού Παραγωγής Ηλεκτρισμού,Εμπορική Χρήση,Λάρνακα,Μαρώνι
EASY POWER (CYPRUS) LTD,Ε003651/2022,08/11/2022,07/11/2052,5580,-,-,ΑΠΕ,Φωτοβολταϊκό Σύστημα,,Λειτουργίας Σταθμού Παραγωγής Ηλεκτρισμού,Εμπορική Χρήση,Λευκωσία,Άγιος Σωζόμενος
ΦΥΣΙΚΟ ΠΡΟΣΩΠΟ,Ε003650/2022,04/11/2022,03/11/2027,150,-,-,ΑΠΕ,Φωτοβολταϊκό Σύστημα,,Κατασκευής Σταθμού Παραγωγής Ηλεκτρισμού,Εμπορική Χρήση,Πάφος,Πολέμι
ΦΥΣΙΚΟ ΠΡΟΣΩΠΟ,Ε003649/2022,04/11/2022,03/11/2027,150,-,-,ΑΠΕ,Φωτοβολταϊκό Σύστημα,,Κατασκευής Σταθμού Παραγωγής Ηλεκτρισμού,Εμπορική Χρήση,Πάφος,Πολέμι
ΦΥΣΙΚΟ ΠΡΟΣΩΠΟ,Ε003648/2022,04/11/2022,03/11/2027,150,-,-,ΑΠΕ,Φωτοβολταϊκό Σύστημα,,Κατασκευής Σταθμού Παραγωγής Ηλεκτρισμού,Εμπορική Χρήση,Πάφος,Πολέμι
ΦΥΣΙΚΟ ΠΡΟΣΩΠΟ,Ε003647/2022,04/11/2022,03/11/2027,100,-,-,ΑΠΕ,Φωτοβολταϊκό Σύστημα,,Κατασκευής Σταθμού Παραγωγής Ηλεκτρισμού,Εμπορική Χρήση,Πάφος,Πολέμι
ΑΝΔΡΕΑΣ ΝΕΟΦΥΤΟΥ,Ε003646/2022,04/11/2022,03/11/2027,150,-,-,ΑΠΕ,Φωτοβολταϊκό Σύστημα,,Κατασκευής Σταθμού Παραγωγής Ηλεκτρισμού,Εμπορική Χρήση,Πάφος,Πολέμι
BP-S 110 LTD,Ε003645/2022,04/11/2022,03/11/2027,3850,3850,15400,ΑΠΕ,Φωτοβολταϊκό Σύστημα,,Κατασκευής Σταθμού Παραγωγής Ηλεκτρισμού,Εμπορική Χρήση,Αμμόχωστος,Άχνα
ΕΛΛΗΝΙΚΗ ΤΡΑΠΕΖΑ ΔΗΜΟΣΙΑ ΕΤΑΙΡΕΙΑ ΛΤΔ,Ε003644/2022,04/11/2022,03/11/2034,86.5,-,-,Συμβατικά Καύσιμα,ΜΕΚ,,Κατασκευής - Λειτουργίας,Εφεδρεία,Λευκωσία,Λακατάμια
ΕΛΛΗΝΙΚΗ ΤΡΑΠΕΖΑ ΔΗΜΟΣΙΑ ΕΤΑΙΡΕΙΑ ΛΤΔ,Ε003643/2022,04/11/2022,03/11/2034,176,-,-,Συμβατικά Καύσιμα,ΜΕΚ,,Κατασκευής - Λειτουργίας,Εφεδρεία,Λευκωσία,Ακάκι
ΕΛΛΗΝΙΚΗ ΤΡΑΠΕΖΑ ΔΗΜΟΣΙΑ ΕΤΑΙΡΕΙΑ ΛΤΔ,Ε003642/2022,04/11/2022,03/11/2034,50,-,-,Συμβατικά Καύσιμα,ΜΕΚ,,Κατασκευής - Λειτουργίας,Εφεδρεία,Λευκωσία,Στρόβολος - Σταυρού
ΙΔΡΥΜΑ ΥΠΗΡΕΣΙΕΣ ΗΛΙΚΙΩΜΕΝΩΝ ΠΕΡΙΦΕΡΕΙΑΣ ΠΑΛΑΙΧΩΡΙΟΥ ΑΓΙΟΙ ΑΝΑΡΓΥΡΟΙ ΑΠΟΣΤΟΛΟΣ ΛΟΥΚΑΣ  ,Ε003641/2022,04/11/2022,03/11/2034,200,-,-,Συμβατικά Καύσιμα,ΜΕΚ,,Κατασκευής - Λειτουργίας,Εφεδρεία,Λευκωσία,Παλαιχώρι Μόρφου
CCSRE REAL ESTATE COMPANY LTD,Ε003640/2022,04/11/2022,03/11/2034,250,-,-,Συμβατικά Καύσιμα,ΜΕΚ,Πετρέλαιο,Κατασκευής - Λειτουργίας,Εφεδρεία,Λάρνακα,Λάρνακα
CCSRE REAL ESTATE COMPANY LTD,Ε003639/2022,04/11/2022,03/11/2034,90,-,-,Συμβατικά Καύσιμα,ΜΕΚ,Πετρέλαιο,Κατασκευής - Λειτουργίας,Εφεδρεία,Αμμόχωστος,Παραλίμνι
CCSRE REAL ESTATE COMPANY LTD,Ε003638/2022,04/11/2022,03/11/2034,105,-,-,Συμβατικά Καύσιμα,ΜΕΚ,Πετρέλαιο,Κατασκευής - Λειτουργίας,Εφεδρεία,Λάρνακα,Ψευδάς
CCSRE REAL ESTATE COMPANY LTD,Ε003637/2022,04/11/2022,03/11/2034,105,-,-,Συμβατικά Καύσιμα,ΜΕΚ,Πετρέλαιο,Κατασκευής - Λειτουργίας,Εφεδρεία,Λάρνακα,Ξυλοτύμπου
GKA SUNPOWER LTD,Ε003636/2022,04/11/2022,03/11/2027,684,100,700,ΑΠΕ,Φωτοβολταϊκό Σύστημα,,Κατασκευής Σταθμού Παραγωγής Ηλεκτρισμού,Εμπορική Χρήση,Αμμόχωστος,Φρέναρος
GKA SUNPOWER LTD,Ε003635/2022,04/11/2022,03/11/2027,1593,450,3340,ΑΠΕ,Φωτοβολταϊκό Σύστημα,,Κατασκευής Σταθμού Παραγωγής Ηλεκτρισμού,Εμπορική Χρήση,Αμμόχωστος,Φρέναρος
GKA SUNPOWER LTD,Ε003634/2022,04/11/2022,03/11/2027,990,120,1000,ΑΠΕ,Φωτοβολταϊκό Σύστημα,,Κατασκευής Σταθμού Παραγωγής Ηλεκτρισμού,Εμπορική Χρήση,Αμμόχωστος,Λιοπέτρι
GKA SUNPOWER LTD,Ε003633/2022,04/11/2022,03/11/2027,2187,300,2460,ΑΠΕ,Φωτοβολταϊκό Σύστημα,,Κατασκευής Σταθμού Παραγωγής Ηλεκτρισμού,Εμπορική Χρήση,Αμμόχωστος,Λιοπέτρι
GKA SUNPOWER LTD,Ε003632/2022,04/11/2022,03/11/2027,1989,300,3170,ΑΠΕ,Φωτοβολταϊκό Σύστημα,,Κατασκευής Σταθμού Παραγωγής Ηλεκτρισμού,Εμπορική Χρήση,Αμμόχωστος,Λιοπέτρι
GKA SUNPOWER LTD,Ε003631/2022,04/11/2022,03/11/2027,1095,200,1250,ΑΠΕ,Φωτοβολταϊκό Σύστημα,,Κατασκευής Σταθμού Παραγωγής Ηλεκτρισμού,Εμπορική Χρήση,Αμμόχωστος,Δήμος Σωτήρας
SOLIGHT ELECTRICITY COMPANY LTD,Ε003630/2022,01/11/2022,31/10/2052,7500,-,-,ΑΠΕ,Φωτοβολταϊκό Σύστημα,,Λειτουργίας Σταθμού Παραγωγής Ηλεκτρισμού,Εμπορική Χρήση,Λευκωσία,Κοκκινοτριμιθιά
RES ZEUS ELECTRICITY COMPANY LTD,Ε003629/2022,01/11/2022,31/10/2052,7500,-,-,ΑΠΕ,Φωτοβολταϊκό Σύστημα,,Λειτουργίας Σταθμού Παραγωγής Ηλεκτρισμού,Εμπορική Χρήση,Λευκωσία,Κοκκινοτριμιθιά	
P. KYTHREOTIS (INVESTMENT) LTD,Ε003628/2022,01/11/2022,31/10/2052,2500,-,-,ΑΠΕ,Φωτοβολταϊκό Σύστημα,,Λειτουργίας Σταθμού Παραγωγής Ηλεκτρισμού,Εμπορική Χρήση,Λεμεσός,Παρεκκλησία
BIOLAND PROJECT 19 LTD,Ε003626/2022,25/10/2022,24/10/2052,2000,-,-,ΑΠΕ,Φωτοβολταϊκό Σύστημα,,Λειτουργίας Σταθμού Παραγωγής Ηλεκτρισμού,Εμπορική Χρήση,Αμμόχωστος,Αυγόρου
BIOLAND PROJECT 18 LTD,Ε003625/2022,25/10/2022,25/10/2052,1200,-,-,ΑΠΕ,Φωτοβολταϊκό Σύστημα,,Λειτουργίας Σταθμού Παραγωγής Ηλεκτρισμού,Εμπορική Χρήση,Λάρνακα,Αβδελερό
Σ. ΝΕΤΙΑΤΗΣ &AMP; Χ. ΞΕΝΗΣ ΕΠΙΧΕΙΡΗΣΕΙΣ ΛΤΔ,Ε003624/2022,18/10/2022,17/10/2034,180,-,-,Συμβατικά Καύσιμα,ΜΕΚ,Πετρέλαιο,Κατασκευής - Λειτουργίας,Αυτοπαραγωγή,Λεμεσός,Φασούλα
AIRTRANS GROUP LTD,Ε003623/2022,18/10/2022,17/10/2034,52,-,-,Συμβατικά Καύσιμα,ΜΕΚ,Πετρέλαιο,Κατασκευής - Λειτουργίας,Εφεδρεία,Λάρνακα,-
LABOTRON LTD,Ε003622/2022,18/10/2022,17/10/2034,200,-,-,Συμβατικά Καύσιμα,ΜΕΚ,Πετρέλαιο,Κατασκευής - Λειτουργίας,Εφεδρεία,Λευκωσία,Στρόβολος
HALLIBURTON MEDITERRANEAN LTD,Ε003621/2022,18/10/2022,17/10/2034,704,-,-,Συμβατικά Καύσιμα,ΜΕΚ,Πετρέλαιο,Κατασκευής - Λειτουργίας,Εφεδρεία,Λευκωσία,Λευκωσία
L.T. FLAMINGO PARADISE LTD,Ε003620/2022,18/10/2022,17/10/2034,240,-,-,Συμβατικά Καύσιμα,ΜΕΚ,Ντίζελ,Κατασκευής - Λειτουργίας,Εφεδρεία,Αμμόχωστος,Παραλίμνι
ΚΥΠΡΙΑΚΟΣ ΟΡΓΑΝΙΣΜΟΣ ΑΘΛΗΤΙΣΜΟΥ,Ε003619/2022,18/10/2022,17/10/2034,480,-,-,Συμβατικά Καύσιμα,ΜΕΚ,Πετρέλαιο,Λειτουργίας Σταθμού Παραγωγής Ηλεκτρισμού,Εφεδρεία,Πάφος,Ενορία Αγίου Θεοδώρου
ΜΙΤΣΙΔΗΣ ΔΗΜΟΣΙΑ ΕΤΑΙΡΕΙΑ ΛΤΔ,Ε003610/2022,14/10/2022,13/10/2034,200,-,-,Συμβατικά Καύσιμα,ΜΕΚ,,Κατασκευής - Λειτουργίας,Αυτοπαραγωγή,Λευκωσία,Δάλι
ΜΙΤΣΙΔΗΣ ΔΗΜΟΣΙΑ ΕΤΑΙΡΕΙΑ ΛΤΔ,Ε003609/2022,14/10/2022,13/10/2034,300,-,-,Συμβατικά Καύσιμα,ΜΕΚ,Πετρέλαιο,Κατασκευής - Λειτουργίας,Εφεδρεία,Λευκωσία,Δάλι
ΚΥΠΡΙΑΚΗ ΥΠΗΡΕΣΙΑ ΠΛΗΡΟΦΟΡΙΩΝ (ΚΥΠ),Ε003608/2022,14/10/2022,13/10/2034,423,-,-,Συμβατικά Καύσιμα,ΜΕΚ,Πετρέλαιο,Κατασκευής - Λειτουργίας,Εφεδρεία,Λευκωσία,Στρόβολος
ΙΑΤΡΙΚΟ ΔΙΑΓΝΩΣΤΙΚΟ ΚΕΝΤΡΟ ΜΑΓΝΗΤΙΚΗΣ ΤΟΜΟΓΡΑΦΙΑΣ ΑΓΙΟΣ ΘΕΡΙΣΣΟΣ,Ε003607/2022,14/10/2022,13/10/2034,220,-,-,Συμβατικά Καύσιμα,ΜΕΚ,Πετρέλαιο,Κατασκευής - Λειτουργίας,Εφεδρεία,Λάρνακα,Αραδίππου
VAVLITIS J. HOTELS LTD,Ε003606/2022,14/10/2022,13/10/2034,160,-,-,Συμβατικά Καύσιμα,ΜΕΚ,Πετρέλαιο,Κατασκευής - Λειτουργίας,Εφεδρεία,Αμμόχωστος,Αγία Νάπα 
M.P.A. SCALAMED LTD,Ε003605/2022,14/10/2022,13/10/2034,32,-,-,Συμβατικά Καύσιμα,ΜΕΚ,Πετρέλαιο,Κατασκευής - Λειτουργίας,Εφεδρεία,Λάρνακα,Άγιος Νικόλαος
BIOLAND PROJECT 17 LTD,Ε003604/2022,14/10/2022,13/10/2052,1000,-,-,ΑΠΕ,Φωτοβολταϊκό Σύστημα,,Λειτουργίας Σταθμού Παραγωγής Ηλεκτρισμού,Εμπορική Χρήση,Λευκωσία,Πάνω Κουτραφάς
EASY POWER (CYPRUS) LTD,Ε003603/2022,14/10/2022,13/10/2052,4696,-,-,ΑΠΕ,Φωτοβολταϊκό Σύστημα,,Λειτουργίας Σταθμού Παραγωγής Ηλεκτρισμού,Εμπορική Χρήση,Λευκωσία,Ποταμιά – Άγιος Σωζόμενος
ESC EASTERN SOLAR COMPANY LTD,Ε003602/2022,11/10/2022,10/10/2027,5800,-,-,ΑΠΕ,Φωτοβολταϊκό Σύστημα,,Κατασκευής Σταθμού Παραγωγής Ηλεκτρισμού,Εμπορική Χρήση,Αμμόχωστος,Φρέναρος
ESC EASTERN SOLAR COMPANY LTD,Ε003601/2022,11/10/2022,10/10/2027,5400,-,-,ΑΠΕ,Φωτοβολταϊκό Σύστημα,,Κατασκευής Σταθμού Παραγωγής Ηλεκτρισμού,Εμπορική Χρήση,Αμμόχωστος,Φρέναρος
ESC EASTERN SOLAR COMPANY LTD,Ε003600/2022,11/10/2022,10/10/2027,5300,-,-,ΑΠΕ,Φωτοβολταϊκό Σύστημα,,Κατασκευής Σταθμού Παραγωγής Ηλεκτρισμού,Εμπορική Χρήση,Αμμόχωστος,Φρέναρος
ESC EASTERN SOLAR COMPANY LTD,Ε003599/2022,11/10/2022,10/10/2027,7998,-,-,ΑΠΕ,Φωτοβολταϊκό Σύστημα,,Κατασκευής Σταθμού Παραγωγής Ηλεκτρισμού,Εμπορική Χρήση,Αμμόχωστος,Φρέναρος
ESC EASTERN SOLAR COMPANY LTD,Ε003598/2022,11/10/2022,10/10/2027,7400,-,-,ΑΠΕ,Φωτοβολταϊκό Σύστημα,,Κατασκευής Σταθμού Παραγωγής Ηλεκτρισμού,Εμπορική Χρήση,Αμμόχωστος,Φρέναρος
ESC EASTERN SOLAR COMPANY LTD,Ε003597/2022,11/10/2022,10/10/2027,7400,-,-,ΑΠΕ,Φωτοβολταϊκό Σύστημα,,Κατασκευής Σταθμού Παραγωγής Ηλεκτρισμού,Εμπορική Χρήση,Αμμόχωστος,Φρέναρος
ESC EASTERN SOLAR COMPANY LTD,Ε003596/2022,11/10/2022,10/10/2027,4100,-,-,ΑΠΕ,Φωτοβολταϊκό Σύστημα,,Κατασκευής Σταθμού Παραγωγής Ηλεκτρισμού,Εμπορική Χρήση,Αμμόχωστος,Φρέναρος
ESC EASTERN SOLAR COMPANY LTD,Ε003595/2022,11/10/2022,10/10/2027,1500,-,-,ΑΠΕ,Φωτοβολταϊκό Σύστημα,,Κατασκευής Σταθμού Παραγωγής Ηλεκτρισμού,Εμπορική Χρήση,Αμμόχωστος,Φρέναρος
CATERWAYS CO LTD,Ε003594/2022,04/10/2022,03/10/2052,250,-,-,ΑΠΕ,Φωτοβολταϊκό Σύστημα,,Λειτουργίας Σταθμού Παραγωγής Ηλεκτρισμού,Αυτοπαραγωγή/Net-Billing,Λευκωσία,Λατσιά
PV SUNSET LTD,Ε003591/2022,04/10/2022,03/10/2027,2000,-,-,ΑΠΕ,Φωτοβολταϊκό Σύστημα,,Κατασκευής Σταθμού Παραγωγής Ηλεκτρισμού,Εμπορική Χρήση,Λεμεσός,Μοναγρούλι
PONDEROZA SOLAR PARK LTD,Ε003590/2022,04/10/2022,03/10/2027,2100,-,-,ΑΠΕ,Φωτοβολταϊκό Σύστημα,,Κατασκευής Σταθμού Παραγωγής Ηλεκτρισμού,Εμπορική Χρήση,Λευκωσία,Γέρι
ΦΥΣΙΚΟ ΠΡΟΣΩΠΟ,Ε003589/2022,04/10/2022,03/10/2027,149.6,-,-,ΑΠΕ,Φωτοβολταϊκό Σύστημα,,Κατασκευής Σταθμού Παραγωγής Ηλεκτρισμού,Εμπορική Χρήση,Λευκωσία,Αγιοί Τριμιθιάς
ΔΗΜΟΣ ΛΑΤΣΙΩΝ,Ε003588/2022,30/09/2022,29/09/2052,80,-,-,ΑΠΕ,Φωτοβολταϊκό Σύστημα,,Λειτουργίας Σταθμού Παραγωγής Ηλεκτρισμού,Αυτοπαραγωγή/Net-Billing,Λευκωσία,Λατσιά
VINANDALE LTD,Ε003579/2022,28/09/2022,27/09/2052,173.625,-,-,ΑΠΕ,Φωτοβολταϊκό Σύστημα,,Λειτουργίας Σταθμού Παραγωγής Ηλεκτρισμού,Αυτοπαραγωγή/Net-Billing,Αμμόχωστος,Αγία Νάπα
BIOLAND PROJECT 55 LTD,Ε003578/2022,28/09/2022,27/09/2052,999,-,-,ΑΠΕ,Φωτοβολταϊκό Σύστημα,,Λειτουργίας Σταθμού Παραγωγής Ηλεκτρισμού,Εμπορική Χρήση,Λάρνακα,Αραδίππου
DLM FAMILIAR SOLAR LTD,Ε003577/2022,28/09/2022,27/09/2052,150,-,-,ΑΠΕ,Φωτοβολταϊκό Σύστημα,,Λειτουργίας Σταθμού Παραγωγής Ηλεκτρισμού,Εμπορική Χρήση,Λευκωσία,Μαλούντα
Y.A. WINDENERGY LTD,Ε003576/2022,28/09/2022,27/09/2052,600,-,-,ΑΠΕ,Φωτοβολταϊκό Σύστημα,,Λειτουργίας Σταθμού Παραγωγής Ηλεκτρισμού,Εμπορική Χρήση,Λευκωσία,Δάλι
S.S.H. IDALIUM SOLAR ENERGY LTD,Ε003575/2022,28/09/2022,27/09/2052,1300,-,-,ΑΠΕ,Φωτοβολταϊκό Σύστημα,,Λειτουργίας Σταθμού Παραγωγής Ηλεκτρισμού,Εμπορική Χρήση,Λευκωσία,Δάλι
GKA ENERGY LTD,Ε003574/2022,16/09/2022,15/09/2027,1305,264,2100,ΑΠΕ,Φωτοβολταϊκό Σύστημα,,Κατασκευής Σταθμού Παραγωγής Ηλεκτρισμού,Εμπορική Χρήση,Λευκωσία,Δήμος Τσερίου
THE CYPRUS CEMENT PUBLIC COMPANY LTD,Ε003573/2022,16/09/2022,15/09/2027,2795,2000,1000,ΑΠΕ,Φωτοβολταϊκό Σύστημα,,Κατασκευής Σταθμού Παραγωγής Ηλεκτρισμού,Εμπορική Χρήση,Λάρνακα,Τόχνη
ESPERIA ENERGY (FAMAGUSTA) LTD,Ε003572/2022,16/09/2022,15/09/2027,6534,6000,2000,ΑΠΕ,Φωτοβολταϊκό Σύστημα,,Κατασκευής Σταθμού Παραγωγής Ηλεκτρισμού,Εμπορική Χρήση,Αμμόχωστος,Δήμος Σωτήρας
ESPERIA GREEN ENERGY LTD,Ε003571/2022,16/09/2022,15/09/2027,6993.8,6000,2000,ΑΠΕ,Φωτοβολταϊκό Σύστημα,,Κατασκευής Σταθμού Παραγωγής Ηλεκτρισμού,Εμπορική Χρήση,Αμμόχωστος,Άχνα
NANOKI LTD,Ε003570/2022,16/09/2022,15/09/2052,3000,-,-,ΑΠΕ,Φωτοβολταϊκό Σύστημα,,Λειτουργίας Σταθμού Παραγωγής Ηλεκτρισμού,Εμπορική Χρήση,Λευκωσία,Βυζακιά
LIDL CYPRUS,Ε003569/2022,09/09/2022,08/09/2052,149.31,-,-,ΑΠΕ,Φωτοβολταϊκό Σύστημα,,Λειτουργίας Σταθμού Παραγωγής Ηλεκτρισμού,Αυτοπαραγωγή/Net-Billing,Λευκωσία,Στρόβολος
LIDL CYPRUS,Ε003568/2022,09/09/2022,08/09/2052,149.31,-,-,ΑΠΕ,Φωτοβολταϊκό Σύστημα,,Λειτουργίας Σταθμού Παραγωγής Ηλεκτρισμού,Αυτοπαραγωγή/Net-Billing,Λευκωσία,Αγλαντζιά
GKA SUNPOWER LTD,Ε003567/2022,09/09/2022,08/09/2027,2191,300,2640,ΑΠΕ,Φωτοβολταϊκό Σύστημα,,Κατασκευής Σταθμού Παραγωγής Ηλεκτρισμού,Εμπορική Χρήση,Αμμόχωστος,Δήμος Σωτήρας
GKA SUNPOWER LTD,Ε003566/2022,09/09/2022,08/09/2027,7999,1200,9500,ΑΠΕ,Φωτοβολταϊκό Σύστημα,,Κατασκευής Σταθμού Παραγωγής Ηλεκτρισμού,Εμπορική Χρήση,Αμμόχωστος,Φρέναρος
GKA SUNPOWER LTD,Ε003565/2022,09/09/2022,08/09/2027,680,200,1000,ΑΠΕ,Φωτοβολταϊκό Σύστημα,,Κατασκευής Σταθμού Παραγωγής Ηλεκτρισμού,Εμπορική Χρήση,Αμμόχωστος,Δήμος Σωτήρας
GKA SUNPOWER LTD,Ε003564/2022,09/09/2022,08/09/2027,4230,600,7000,ΑΠΕ,Φωτοβολταϊκό Σύστημα,,Κατασκευής Σταθμού Παραγωγής Ηλεκτρισμού,Εμπορική Χρήση,Αμμόχωστος,Δήμος Σωτήρας
MILIA ENERGY LTD,Ε003563/2022,09/09/2022,08/09/2027,1526,1500,500,ΑΠΕ,Φωτοβολταϊκό Σύστημα,,Κατασκευής Σταθμού Παραγωγής Ηλεκτρισμού,Εμπορική Χρήση,Πάφος,Μηλιά
ELPAM ENERGY LTD,Ε003562/2022,09/09/2022,08/09/2027,864,-,-,ΑΠΕ,Φωτοβολταϊκό Σύστημα,,Κατασκευής Σταθμού Παραγωγής Ηλεκτρισμού,Εμπορική Χρήση,Πάφος,Πολεμίου
CANELIX ENERGY LTD,Ε003561/2022,09/09/2022,08/09/2027,456,-,-,ΑΠΕ,Φωτοβολταϊκό Σύστημα,,Κατασκευής Σταθμού Παραγωγής Ηλεκτρισμού,Εμπορική Χρήση,Πάφος,Πολεμίου
M.X. PUREENERGYINTEL LTD,Ε003560/2022,09/09/2022,08/09/2027,7990,1000,4000,ΑΠΕ,Φωτοβολταϊκό Σύστημα,,Κατασκευής Σταθμού Παραγωγής Ηλεκτρισμού,Εμπορική Χρήση,Λεμεσός,Πάχνα
M.X. PUREENERGYINTEL LTD,Ε003559/2022,09/09/2022,08/09/2027,2172,1000,4000,ΑΠΕ,Φωτοβολταϊκό Σύστημα,,Κατασκευής Σταθμού Παραγωγής Ηλεκτρισμού,Εμπορική Χρήση,Πάφος,Κάθηκας
SOLEK LARNAKA I LTD,Ε003558/2022,09/09/2022,08/09/2027,1660,-,-,ΑΠΕ,Φωτοβολταϊκό Σύστημα,,Κατασκευής Σταθμού Παραγωγής Ηλεκτρισμού,Εμπορική Χρήση,Λάρνακα,Άγιος Θεόδωρος
AVANTI HOTELS LTD,Ε003557/2022,02/09/2022,01/09/2052,239.4,-,-,ΑΠΕ,Φωτοβολταϊκό Σύστημα,,Λειτουργίας Σταθμού Παραγωγής Ηλεκτρισμού,Αυτοπαραγωγή/Net-Billing,Πάφος,Ενορία Κάτω Πάφου
VTT VASILIKO LTD,Ε003556/2022,30/08/2022,29/08/2052,65.96,-,-,ΑΠΕ,Φωτοβολταϊκό Σύστημα,,Λειτουργίας Σταθμού Παραγωγής Ηλεκτρισμού,Αυτοπαραγωγή/Net-Billing,Λάρνακα,Μαρί
Α. ΚΕΡΑΣΙ (ΦΩΤΟΒΟΛΤΑΙΚΑ) ΛΤΔ,Ε003555/2022,25/08/2022,24/08/2052,3000,-,-,ΑΠΕ,Φωτοβολταϊκό Σύστημα,,Λειτουργίας Σταθμού Παραγωγής Ηλεκτρισμού,Εμπορική Χρήση,Πάφος,Μηλιά
M.X. GREENENERGY LTD,Ε003554/2022,23/08/2022,22/08/2052,2890,-,-,ΑΠΕ,Φωτοβολταϊκό Σύστημα,,Λειτουργίας Σταθμού Παραγωγής Ηλεκτρισμού,Εμπορική Χρήση,Αμμόχωστος,Φρέναρος
SOLARTECH PARK 3 (I.B) LTD,Ε003553/2022,23/08/2022,22/08/2052,2500,-,-,ΑΠΕ,Φωτοβολταϊκό Σύστημα,,Λειτουργίας Σταθμού Παραγωγής Ηλεκτρισμού,Εμπορική Χρήση,Λευκωσία,Ορούντα
BIOLAND PROJECT 86 LTD ,Ε003544/2022,04/08/2022,03/08/2027,1500,1500,6000,ΑΠΕ,Φωτοβολταϊκό Σύστημα,,Κατασκευής Σταθμού Παραγωγής Ηλεκτρισμού,Εμπορική Χρήση,Λευκωσία,Τσέρι
BIOLAND PROJECT 69 LTD,Ε003543/2022,04/08/2022,03/08/2027,2500,2500,10000,ΑΠΕ,Φωτοβολταϊκό Σύστημα,,Κατασκευής Σταθμού Παραγωγής Ηλεκτρισμού,Εμπορική Χρήση,Αμμόχωστος,Αυγόρου
BIOLAND PROJECT 74 LTD,Ε003542/2022,04/08/2022,03/08/2027,800,800,3200,ΑΠΕ,Φωτοβολταϊκό Σύστημα,,Κατασκευής Σταθμού Παραγωγής Ηλεκτρισμού,Εμπορική Χρήση,Λάρνακα,Αναφωτία
BIOLAND PROJECT 87 LTD,Ε003541/2022,04/08/2022,03/08/2027,1000,1000,4000,ΑΠΕ,Φωτοβολταϊκό Σύστημα,,Κατασκευής Σταθμού Παραγωγής Ηλεκτρισμού,Εμπορική Χρήση,Λάρνακα,Τερσεφάνου
BP-S 102 LTD,Ε003540/2022,04/08/2022,03/08/2027,1000,1000,4000,ΑΠΕ,Φωτοβολταϊκό Σύστημα,,Κατασκευής Σταθμού Παραγωγής Ηλεκτρισμού,Εμπορική Χρήση,Λευκωσία,Ποτάμι
 ARISTOKLIA SOLAR LTD,Ε003539/2022,02/08/2022,01/08/2052,99,-,-,ΑΠΕ,Φωτοβολταϊκό Σύστημα,,Λειτουργίας Σταθμού Παραγωγής Ηλεκτρισμού,Εμπορική Χρήση,Λευκωσία,Κακοπετριά
BIOLAND PROJECT 87 LTD,Ε003538/2022,02/08/2022,01/08/2027,2800,-,-,ΑΠΕ,Φωτοβολταϊκό Σύστημα,,Κατασκευής Σταθμού Παραγωγής Ηλεκτρισμού,Εμπορική Χρήση,Αμμόχωστος,Άχνα
BP-S 110 LTD ,Ε003537/2022,02/08/2022,01/08/2027,2300,-,-,ΑΠΕ,Φωτοβολταϊκό Σύστημα,,Κατασκευής Σταθμού Παραγωγής Ηλεκτρισμού,Εμπορική Χρήση,Αμμόχωστος,Άχνα
BIOLAND PROJECT 88 LTD,Ε003536/2022,02/08/2022,01/08/2027,2200,2200,8800,ΑΠΕ,Φωτοβολταϊκό Σύστημα,,Κατασκευής Σταθμού Παραγωγής Ηλεκτρισμού,Εμπορική Χρήση,Αμμόχωστος,Αυγόρου
SOLEK LARNAKA I LTD,Ε003535/2022,02/08/2022,01/08/2027,2890,-,-,ΑΠΕ,Φωτοβολταϊκό Σύστημα,,Κατασκευής Σταθμού Παραγωγής Ηλεκτρισμού,Εμπορική Χρήση,Λάρνακα,Άγιος Θεόδωρος
BIOLAND PROJECT 63 LTD,Ε003534/2022,02/08/2022,01/08/2027,2000,-,-,ΑΠΕ,Φωτοβολταϊκό Σύστημα,,Κατασκευής Σταθμού Παραγωγής Ηλεκτρισμού,Εμπορική Χρήση,Λάρνακα,Τερσεφάνου
RENERGETIC LTD,Ε003533/2022,02/08/2022,01/08/2027,7524,-,-,ΑΠΕ,Φωτοβολταϊκό Σύστημα,,Κατασκευής Σταθμού Παραγωγής Ηλεκτρισμού,Εμπορική Χρήση,Λευκωσία,Πάνω Δευτερά
M.A.X.X. ENERGY GR LTD,Ε003525/2022,26/07/2022,25/07/2027,5327,1000,4000,ΑΠΕ,Φωτοβολταϊκό Σύστημα,,Κατασκευής Σταθμού Παραγωγής Ηλεκτρισμού,Εμπορική Χρήση,Λεμεσός,Ασγάτα
M.X. PUREENERGYINTEL LTD,Ε003523/2022,26/07/2022,25/07/2027,2799,1000,4000,ΑΠΕ,Φωτοβολταϊκό Σύστημα,,Κατασκευής Σταθμού Παραγωγής Ηλεκτρισμού,Εμπορική Χρήση,Λάρνακα,Μαρώνι
M.A.X.X. ENERGY GR LTD,Ε003522/2022,26/07/2022,25/07/2027,2460,1000,4000,ΑΠΕ,Φωτοβολταϊκό Σύστημα,,Κατασκευής Σταθμού Παραγωγής Ηλεκτρισμού,Εμπορική Χρήση,Λάρνακα,Ξυλοτύμπου
ARNAL VERDE LTD,Ε003520/2022,26/07/2022,25/07/2027,1411,1000,4000,ΑΠΕ,Φωτοβολταϊκό Σύστημα,,Κατασκευής Σταθμού Παραγωγής Ηλεκτρισμού,Εμπορική Χρήση,Λεμεσός,Άγιος Μάμας
M.X. PUREENERGYINTEL LTD,Ε003519/2022,26/07/2022,25/07/2027,1254,1000,4000,ΑΠΕ,Φωτοβολταϊκό Σύστημα,,Κατασκευής Σταθμού Παραγωγής Ηλεκτρισμού,Εμπορική Χρήση,Λάρνακα,Βάβλα
ARNAL VERDE LTD,Ε003518/2022,26/07/2022,25/07/2027,1033,1000,4000,ΑΠΕ,Φωτοβολταϊκό Σύστημα,,Κατασκευής Σταθμού Παραγωγής Ηλεκτρισμού,Εμπορική Χρήση,Λεμεσός,Άγιος Μάμας
IAKOVOS PHOTIADES FOODSTUFF SUPPLIERS LTD,Ε003517/2022,21/07/2022,20/07/2052,199.96,-,-,ΑΠΕ,Φωτοβολταϊκό Σύστημα,,Λειτουργίας Σταθμού Παραγωγής Ηλεκτρισμού,Αυτοπαραγωγή/Net-Billing,Λευκωσία,Δάλι
TEMPO BEVERAGES CYPRUS LTD,Ε003516/2022,21/07/2022,20/07/2052,1500,-,-,ΑΠΕ,Φωτοβολταϊκό Σύστημα,,Λειτουργίας Σταθμού Παραγωγής Ηλεκτρισμού,Εμπορική Χρήση,Λάρνακα,Αραδίππου
BIOLAND PROJECT 16 LTD,Ε003515/2022,21/07/2022,20/07/2052,1300,-,-,ΑΠΕ,Φωτοβολταϊκό Σύστημα,,Λειτουργίας Σταθμού Παραγωγής Ηλεκτρισμού,Εμπορική Χρήση,Λάρνακα,Μαρώνι
BIOLAND PROJECT 16 LTD,Ε003514/2022,21/07/2022,20/07/2052,700,-,-,ΑΠΕ,Φωτοβολταϊκό Σύστημα,,Λειτουργίας Σταθμού Παραγωγής Ηλεκτρισμού,Εμπορική Χρήση,Λάρνακα,Μαρώνι
A&AMP;T ENERGY LTD,Ε003513/2022,21/07/2022,20/07/2027,8000,8000,16000,ΑΠΕ,Φωτοβολταϊκό Σύστημα,,Κατασκευής Σταθμού Παραγωγής Ηλεκτρισμού,Εμπορική Χρήση,Λάρνακα,Ξυλοτύμβου
AGM SOLAR POWER LTD,Ε003512/2022,21/07/2022,20/07/2027,1000,-,-,ΑΠΕ,Φωτοβολταϊκό Σύστημα,,Κατασκευής Σταθμού Παραγωγής Ηλεκτρισμού,Εμπορική Χρήση,Λάρνακα,Ξυλοτύμβου
ARNAL VERDE LTD,Ε003511/2022,21/07/2022,20/07/2027,3322,1000,4000,ΑΠΕ,Φωτοβολταϊκό Σύστημα,,Κατασκευής Σταθμού Παραγωγής Ηλεκτρισμού,Εμπορική Χρήση,Λευκωσία,Σια
BIOLAND PROJECT 90 LTD,Ε003510/2022,15/07/2022,14/07/2027,8000,8000,32000,ΑΠΕ,Φωτοβολταϊκό Σύστημα,,Κατασκευής Σταθμού Παραγωγής Ηλεκτρισμού,Εμπορική Χρήση,Αμμόχωστος,Φρέναρος
BIOLAND PROJECT 90 LTD,Ε003509/2022,15/07/2022,14/07/2027,8000,8000,32000,ΑΠΕ,Φωτοβολταϊκό Σύστημα,,Κατασκευής Σταθμού Παραγωγής Ηλεκτρισμού,Εμπορική Χρήση,Αμμόχωστος,Φρέναρος
BIOLAND PROJECT 90 LTD,Ε003508/2022,15/07/2022,14/07/2027,8000,8000,32000,ΑΠΕ,Φωτοβολταϊκό Σύστημα,,Κατασκευής Σταθμού Παραγωγής Ηλεκτρισμού,Εμπορική Χρήση,Αμμόχωστος,Φρέναρος
BIOLAND PROJECT 90 LTD,Ε003507/2022,15/07/2022,14/07/2027,6500,6500,26000,ΑΠΕ,Φωτοβολταϊκό Σύστημα,,Κατασκευής Σταθμού Παραγωγής Ηλεκτρισμού,Εμπορική Χρήση,Αμμόχωστος,Φρέναρος
BIOLAND PROJECT 90 LTD,Ε003506/2022,15/07/2022,14/07/2027,2600,2600,10400,ΑΠΕ,Φωτοβολταϊκό Σύστημα,,Κατασκευής Σταθμού Παραγωγής Ηλεκτρισμού,Εμπορική Χρήση,Αμμόχωστος,Φρέναρος
BIOLAND PROJECT 90 LTD,Ε003505/2022,15/07/2022,14/07/2027,1500,1500,6000,ΑΠΕ,Φωτοβολταϊκό Σύστημα,,Κατασκευής Σταθμού Παραγωγής Ηλεκτρισμού,Εμπορική Χρήση,Αμμόχωστος,Φρέναρος
BIOLAND PROJECT 90 LTD,Ε003504/2022,15/07/2022,14/07/2027,1400,1400,5600,ΑΠΕ,Φωτοβολταϊκό Σύστημα,,Κατασκευής Σταθμού Παραγωγής Ηλεκτρισμού,Εμπορική Χρήση,Αμμόχωστος,Φρέναρος
BIOLAND PROJECT 35 LTD,Ε003503/2022,12/07/2022,11/07/2052,1700,-,-,ΑΠΕ,Φωτοβολταϊκό Σύστημα,,Λειτουργίας Σταθμού Παραγωγής Ηλεκτρισμού,Εμπορική Χρήση,Πάφος,Πόλη Χρυσοχούς
THE MALL OF CYPRUS (MC) PLC,Ε003502/2022,12/07/2022,11/07/2052,676,-,-,ΑΠΕ,Φωτοβολταϊκό Σύστημα,,Λειτουργίας Σταθμού Παραγωγής Ηλεκτρισμού,Αυτοπαραγωγή/Net-Billing,Λευκωσία,Στρόβολος
BIOLAND PROJECT 90 LTD,Ε003501/2022,12/07/2022,11/07/2027,3200,3200,12800,ΑΠΕ,Φωτοβολταϊκό Σύστημα,,Κατασκευής Σταθμού Παραγωγής Ηλεκτρισμού,Εμπορική Χρήση,Λεμεσός,Παρεκκλησιά
BIOLAND PROJECT 90 LTD,Ε003500/2022,12/07/2022,11/07/2027,1500,1500,6000,ΑΠΕ,Φωτοβολταϊκό Σύστημα,,Κατασκευής Σταθμού Παραγωγής Ηλεκτρισμού,Εμπορική Χρήση,Λεμεσός,Παρεκκλησιά
BIOLAND PROJECT 90 LTD,Ε003499/2022,12/07/2022,11/07/2027,1500,1500,6000,ΑΠΕ,Φωτοβολταϊκό Σύστημα,,Κατασκευής Σταθμού Παραγωγής Ηλεκτρισμού,Εμπορική Χρήση,Αμμόχωστος,Φρέναρος
BIOLAND PROJECT 90 LTD,Ε003498/2022,12/07/2022,11/07/2027,1500,1500,6000,ΑΠΕ,Φωτοβολταϊκό Σύστημα,,Κατασκευής Σταθμού Παραγωγής Ηλεκτρισμού,Εμπορική Χρήση,Αμμόχωστος,Φρέναρος
BIOLAND PROJECT 90 LTD,Ε003497/2022,12/07/2022,11/07/2027,1500,1500,6000,ΑΠΕ,Φωτοβολταϊκό Σύστημα,,Κατασκευής Σταθμού Παραγωγής Ηλεκτρισμού,Εμπορική Χρήση,Αμμόχωστος,Φρέναρος
ΣΥΜΒΟΥΛΙΟ ΑΠΟΧΕΤΕΥΣΕΩΝ ΛΑΡΝΑΚΑΣ,Ε003496/2022,08/07/2022,07/07/2052,150,-,-,ΑΠΕ,Φωτοβολταϊκό Σύστημα,,Λειτουργίας Σταθμού Παραγωγής Ηλεκτρισμού,Αυτοπαραγωγή/Net-Billing,Λάρνακα,Ενορία Σκάλας
BIOLAND PROJECT 87 LTD,Ε003495/2022,08/07/2022,07/07/2027,2000,-,-,ΑΠΕ,Φωτοβολταϊκό Σύστημα,,Κατασκευής Σταθμού Παραγωγής Ηλεκτρισμού,Εμπορική Χρήση,Λάρνακα,Τερσεφάνου
BIOLAND PROJECT 77 LTD,Ε003494/2022,08/07/2022,07/07/2027,750,-,-,ΑΠΕ,Φωτοβολταϊκό Σύστημα,,Κατασκευής Σταθμού Παραγωγής Ηλεκτρισμού,Εμπορική Χρήση,Λεμεσός,Πάχνα
BIOLAND PROJECT 76 LTD,Ε003493/2022,08/07/2022,07/07/2027,1400,-,-,ΑΠΕ,Φωτοβολταϊκό Σύστημα,,Κατασκευής Σταθμού Παραγωγής Ηλεκτρισμού,Εμπορική Χρήση,Πάφος,Στενή
BIOLAND PROJECT 76 LTD,Ε003492/2022,08/07/2022,07/07/2027,500,-,-,ΑΠΕ,Φωτοβολταϊκό Σύστημα,,Κατασκευής Σταθμού Παραγωγής Ηλεκτρισμού,Εμπορική Χρήση,Λεμεσός,Πάχνα
BIOLAND PROJECT 68 LTD,Ε003491/2022,08/07/2022,07/07/2027,800,800,3200,ΑΠΕ,Φωτοβολταϊκό Σύστημα,,Κατασκευής Σταθμού Παραγωγής Ηλεκτρισμού,Εμπορική Χρήση,Λευκωσία,Πάνω Κουτραφάς
SOLEK LARNAKA I LTD,Ε003490/2022,08/07/2022,07/07/2027,7930,-,-,ΑΠΕ,Φωτοβολταϊκό Σύστημα,,Κατασκευής Σταθμού Παραγωγής Ηλεκτρισμού,Εμπορική Χρήση,Λάρνακα,"Αλαμινός, Άγιος Θεώδορος"
ABIO GREENERGY LTD,Ε003489/2022,05/07/2022,04/07/2027,2394,-,-,ΑΠΕ,Φωτοβολταϊκό Σύστημα,,Κατασκευής Σταθμού Παραγωγής Ηλεκτρισμού,Εμπορική Χρήση,Λάρνακα,Ψεματισμένος
EASY POWER (CYPRUS) LTD,Ε003488/2022,05/07/2022,04/07/2027,7950,-,-,ΑΠΕ,Φωτοβολταϊκό Σύστημα,,Κατασκευής Σταθμού Παραγωγής Ηλεκτρισμού,Εμπορική Χρήση,Λευκωσία,Άγιος Σοζώμενος
EASY POWER (CYPRUS) LTD,Ε003487/2022,05/07/2022,04/07/2027,1830,-,-,ΑΠΕ,Φωτοβολταϊκό Σύστημα,,Κατασκευής Σταθμού Παραγωγής Ηλεκτρισμού,Εμπορική Χρήση,Λευκωσία,Άγιος Σοζώμενος
GREENDORADO ENERGIES LTD,Ε003486/2022,05/07/2022,04/07/2027,2100,-,-,ΑΠΕ,Φωτοβολταϊκό Σύστημα,,Κατασκευής Σταθμού Παραγωγής Ηλεκτρισμού,Εμπορική Χρήση,Λάρνακα,Αραδίππου
BIOLAND PROJECT 90 LTD,Ε003485/2022,05/07/2022,04/07/2027,400,400,1600,ΑΠΕ,Φωτοβολταϊκό Σύστημα,,Κατασκευής Σταθμού Παραγωγής Ηλεκτρισμού,Εμπορική Χρήση,Αμμόχωστος,Αυγόρου
BIOLAND PROJECT 71 LTD,Ε003484/2022,05/07/2022,04/07/2027,700,700,2100,ΑΠΕ,Φωτοβολταϊκό Σύστημα,,Κατασκευής Σταθμού Παραγωγής Ηλεκτρισμού,Εμπορική Χρήση,Λευκωσία,Ψημολόφου
VENIVO TRADING LTD,Ε003483/2022,01/07/2022,30/06/2027,712,-,-,ΑΠΕ,Ηλιοθερμικός Σταθμός,,Κατασκευής Σταθμού Παραγωγής Ηλεκτρισμού,Εμπορική Χρήση,Αμμόχωστος,Άχνα
 ΑΔΕΛΦΟΙ ΕΛΕΥΘΕΡΙΟΥ ΦΑΡΜΑ ΛΤΔ,Ε003481/2022,01/07/2022,30/06/2052,140.4,-,-,ΑΠΕ,Φωτοβολταϊκό Σύστημα,,Λειτουργίας Σταθμού Παραγωγής Ηλεκτρισμού,Αυτοπαραγωγή/Net-Billing,Αμμόχωστος,Άχνα
SAVVAS POWERBETON LTD,Ε003480/2022,28/06/2022,27/06/2034,240,-,-,Συμβατικά Καύσιμα,ΜΕΚ,Πετρέλαιο,Κατασκευής - Λειτουργίας,Εφεδρεία,Λευκωσία,Πάνω Κουτραφάς
A.S. GOURMET WHOLESALE LTD,Ε003479/2022,28/06/2022,27/06/2034,128,-,-,Συμβατικά Καύσιμα,ΜΕΚ,Πετρέλαιο,Κατασκευής - Λειτουργίας,Εφεδρεία,Λάρνακα,Αραδίππου
ΤΜΗΜΑ ΠΟΛΙΤΙΚΗΣ ΑΕΡΟΠΟΡΙΑΣ,Ε003478/2022,28/06/2022,27/06/2034,544,-,-,Συμβατικά Καύσιμα,ΜΕΚ,Ντίζελ,Κατασκευής - Λειτουργίας,Εφεδρεία,Λευκωσία,Κοκκινοτριμιθιά
ΑΣΤΥΝΟΜΙΑ ΚΥΠΡΟΥ,Ε003477/2022,28/06/2022,27/06/2034,320,-,-,Συμβατικά Καύσιμα,ΜΕΚ,,Κατασκευής - Λειτουργίας,Εφεδρεία,Λάρνακα,Λάρνακα
Α.Π. ΓΕΩΡΓΙΑΔΗΣ ΛΤΔ,Ε003476/2022,28/06/2022,27/06/2034,200,-,-,Συμβατικά Καύσιμα,ΜΕΚ,Πετρέλαιο,Κατασκευής - Λειτουργίας,Εφεδρεία,Λευκωσία,Δάλι
SIMPLEX LARNACA (CYPRUS) DATA CENTER LTD,Ε003475/2022,28/06/2022,27/06/2034,480,-,-,Συμβατικά Καύσιμα,ΜΕΚ,Πετρέλαιο,Λειτουργίας Σταθμού Παραγωγής Ηλεκτρισμού,Εφεδρεία,Λάρνακα,Αραδίππου
Α. ΚΕΡΑΣΙ (ΦΩΤΟΒΟΛΤΑΙΚΑ) ΛΤΔ,Ε003473/2022,28/06/2022,27/06/2052,3150,-,-,ΑΠΕ,Φωτοβολταϊκό Σύστημα,,Λειτουργίας Σταθμού Παραγωγής Ηλεκτρισμού,Εμπορική Χρήση,Πάφος,Μηλιά
GOLDEN RAYED LTD,Ε003472/2022,21/06/2022,20/06/2052,200,-,-,ΑΠΕ,Φωτοβολταϊκό Σύστημα,,Λειτουργίας Σταθμού Παραγωγής Ηλεκτρισμού,Εμπορική Χρήση,Λεμεσός,Λάνια
HANDS ENERGY LTD,Ε003471/2022,17/06/2022,16/06/2027,960,-,-,ΑΠΕ,Φωτοβολταϊκό Σύστημα,,Κατασκευής Σταθμού Παραγωγής Ηλεκτρισμού,Εμπορική Χρήση,Αμμόχωστος,Σωτήρα
DENSOL R. LTD,Ε003470/2022,17/06/2022,16/06/2027,1150,-,-,ΑΠΕ,Φωτοβολταϊκό Σύστημα,,Κατασκευής Σταθμού Παραγωγής Ηλεκτρισμού,Εμπορική Χρήση,Λευκωσία,Ευρύχου
JPB ENERGY LTD,Ε003469/2022,17/06/2022,16/06/2027,4000,-,-,ΑΠΕ,Φωτοβολταϊκό Σύστημα,,Κατασκευής Σταθμού Παραγωγής Ηλεκτρισμού,Εμπορική Χρήση,Πάφος,Πολέμι
ΦΥΣΙΚΟ ΠΡΟΣΩΠΟ,Ε003468/2022,17/06/2022,16/06/2027,150,-,-,ΑΠΕ,Φωτοβολταϊκό Σύστημα,,Κατασκευής Σταθμού Παραγωγής Ηλεκτρισμού,Εμπορική Χρήση,Λευκωσία,Ακάκι
BIOLAND PROJECT 86 LTD,Ε003467/2022,10/06/2022,09/06/2027,1500,1500,6000,ΑΠΕ,Φωτοβολταϊκό Σύστημα,,Κατασκευής Σταθμού Παραγωγής Ηλεκτρισμού,Εμπορική Χρήση,Λευκωσία,Αγίοι Τριμιθιάς
BP-S 103 LTD,Ε003466/2022,10/06/2022,09/06/2027,1500,1500,3000,ΑΠΕ,Φωτοβολταϊκό Σύστημα,,Κατασκευής Σταθμού Παραγωγής Ηλεκτρισμού,Εμπορική Χρήση,Λευκωσία,Κουτραφάς
BIOLAND PROJECT 79 LTD,Ε003465/2022,10/06/2022,09/06/2027,1500,-,-,ΑΠΕ,Φωτοβολταϊκό Σύστημα,,Κατασκευής Σταθμού Παραγωγής Ηλεκτρισμού,Εμπορική Χρήση,Πάφος,Σίμου
BIOLAND PROJECT 78 LTD,Ε003464/2022,10/06/2022,09/06/2027,2600,-,-,ΑΠΕ,Φωτοβολταϊκό Σύστημα,,Κατασκευής Σταθμού Παραγωγής Ηλεκτρισμού,Εμπορική Χρήση,Λεμεσός,Πάχνα
BIOLAND PROJECT 76 LTD,Ε003463/2022,10/06/2022,09/06/2027,1000,1000,4000,ΑΠΕ,Φωτοβολταϊκό Σύστημα,,Κατασκευής Σταθμού Παραγωγής Ηλεκτρισμού,Εμπορική Χρήση,Λευκωσία,Βυζακιά
A&AMP;T ENERGY LTD,Ε003462/2022,07/06/2022,06/06/2027,498.98,-,-,ΑΠΕ,Φωτοβολταϊκό Σύστημα,,Κατασκευής Σταθμού Παραγωγής Ηλεκτρισμού,Εμπορική Χρήση,Πάφος,Πολέμι
A&AMP;T ENERGY LTD,Ε003461/2022,07/06/2022,06/06/2027,498.98,-,-,ΑΠΕ,Φωτοβολταϊκό Σύστημα,,Κατασκευής Σταθμού Παραγωγής Ηλεκτρισμού,Εμπορική Χρήση,Πάφος,Πέγεια
RENEWABLE SOLARVIKING LTD,Ε003460/2022,07/06/2022,06/06/2027,500,-,-,ΑΠΕ,Φωτοβολταϊκό Σύστημα,,Κατασκευής Σταθμού Παραγωγής Ηλεκτρισμού,Εμπορική Χρήση,Πάφος,Πολέμι
RENEWABLE SOLARVIKING LTD,Ε003459/2022,07/06/2022,06/06/2027,500,-,-,ΑΠΕ,Φωτοβολταϊκό Σύστημα,,Κατασκευής Σταθμού Παραγωγής Ηλεκτρισμού,Εμπορική Χρήση,Πάφος,Πολέμι
NIKI POLYKARPOU LTD,Ε003458/2022,07/06/2022,06/06/2027,190,-,-,ΑΠΕ,Φωτοβολταϊκό Σύστημα,,Κατασκευής Σταθμού Παραγωγής Ηλεκτρισμού,Εμπορική Χρήση,Πάφος,Γιόλου
SUN DANCE CITY LTD,Ε003457/2022,03/06/2022,02/06/2027,2700,-,-,ΑΠΕ,Φωτοβολταϊκό Σύστημα,,Κατασκευής Σταθμού Παραγωγής Ηλεκτρισμού,Εμπορική Χρήση,Λευκωσία,Τσέρι
S.S.H. SOLAR ENERGY LTD,Ε003456/2022,03/06/2022,02/06/2027,1400,-,-,ΑΠΕ,Φωτοβολταϊκό Σύστημα,,Κατασκευής Σταθμού Παραγωγής Ηλεκτρισμού,Εμπορική Χρήση,Λευκωσία,Άγιος Ιωάννης
S.S.H. IDALIUM SOLAR ENERGY LTD,Ε003455/2022,03/06/2022,02/06/2027,500,-,-,ΑΠΕ,Φωτοβολταϊκό Σύστημα,,Κατασκευής Σταθμού Παραγωγής Ηλεκτρισμού,Εμπορική Χρήση,Λευκωσία,Δάλι
ΧΑΡΑΛΑΜΠΟΣ ΚΥΠΡΙΑΝΟΥ,Ε003454/2022,03/06/2022,02/06/2027,850,-,-,ΑΠΕ,Φωτοβολταϊκό Σύστημα,,Κατασκευής Σταθμού Παραγωγής Ηλεκτρισμού,Εμπορική Χρήση,Λευκωσία,Παλαιομέτοχο
ΦΥΣΙΚΟ ΠΡΟΣΩΠΟ,Ε003453/2022,03/06/2022,02/06/2027,850,-,-,ΑΠΕ,Φωτοβολταϊκό Σύστημα,,Κατασκευής Σταθμού Παραγωγής Ηλεκτρισμού,Εμπορική Χρήση,Λάρνακα,Μαρώνι
AGM SOLAR POWER LTD,Ε003452/2022,24/05/2022,23/05/2027,2500,2000,4000,ΑΠΕ,Φωτοβολταϊκό Σύστημα,,Κατασκευής Σταθμού Παραγωγής Ηλεκτρισμού,Εμπορική Χρήση,Λάρνακα,Ξυλοτύμβου
BIOLAND PROJECT 80 LTD,Ε003451/2022,24/05/2022,23/05/2027,700,700,2800,ΑΠΕ,Φωτοβολταϊκό Σύστημα,,Κατασκευής Σταθμού Παραγωγής Ηλεκτρισμού,Εμπορική Χρήση,Αμμόχωστος,Αυγόρου
CYSW SOLAR WORLD LTD,Ε003450/2022,24/05/2022,23/05/2027,4900,-,-,ΑΠΕ,Φωτοβολταϊκό Σύστημα,,Κατασκευής Σταθμού Παραγωγής Ηλεκτρισμού,Εμπορική Χρήση,Λευκωσία,Ανάγεια & Εργάτες
FRONTARICO LTD,Ε003449/2022,24/05/2022,23/05/2027,2300,-,-,ΑΠΕ,Φωτοβολταϊκό Σύστημα,,Κατασκευής Σταθμού Παραγωγής Ηλεκτρισμού,Εμπορική Χρήση,Λεμεσός,Παλώδια
NESTORAS HOTEL LTD,Ε003448/2022,24/05/2022,23/05/2052,110,-,-,ΑΠΕ,Φωτοβολταϊκό Σύστημα,,Λειτουργίας Σταθμού Παραγωγής Ηλεκτρισμού,Αυτοπαραγωγή/Net-Billing,Αμμόχωστος,Αγία Νάπα
BIOLAND PROJECT 32 LTD,Ε003445/2022,17/05/2022,16/05/2052,300,-,-,ΑΠΕ,Φωτοβολταϊκό Σύστημα,,Λειτουργίας Σταθμού Παραγωγής Ηλεκτρισμού,Εμπορική Χρήση,Λάρνακα,Μενογεια
TUBETECH LTD,Ε003440/2022,13/05/2022,12/05/2052,2699,-,-,ΑΠΕ,Φωτοβολταϊκό Σύστημα,,Λειτουργίας Σταθμού Παραγωγής Ηλεκτρισμού,Εμπορική Χρήση,Λάρνακα,Τερσεφάνου
TUBETECH LTD,Ε003439/2022,13/05/2022,12/05/2052,2299,-,-,ΑΠΕ,Φωτοβολταϊκό Σύστημα,,Λειτουργίας Σταθμού Παραγωγής Ηλεκτρισμού,Εμπορική Χρήση,Λάρνακα,Τερσεφάνου
AGM SOLAR POWER LTD,Ε003438/2022,13/05/2022,12/05/2027,8000,5000,10000,ΑΠΕ,Φωτοβολταϊκό Σύστημα,,Κατασκευής Σταθμού Παραγωγής Ηλεκτρισμού,Εμπορική Χρήση,Αμμόχωστος,Φρέναρος
ALCO PRODUCTS LTD,Ε003437/2022,13/05/2022,12/05/2027,644.3,-,-,ΑΠΕ,Φωτοβολταϊκό Σύστημα,,Κατασκευής Σταθμού Παραγωγής Ηλεκτρισμού,Εμπορική Χρήση,Λευκωσία,Δάλι
ΦΥΣΙΚΟ ΠΡΟΣΩΠΟ,Ε003436/2022,13/05/2022,12/05/2027,900,-,-,ΑΠΕ,Φωτοβολταϊκό Σύστημα,,Κατασκευής Σταθμού Παραγωγής Ηλεκτρισμού,Εμπορική Χρήση,Πάφος,Τσάδα
ΦΥΣΙΚΟ ΠΡΟΣΩΠΟ,Ε003435/2022,13/05/2022,12/05/2027,150,-,-,ΑΠΕ,Φωτοβολταϊκό Σύστημα,,Κατασκευής Σταθμού Παραγωγής Ηλεκτρισμού,Εμπορική Χρήση,Πάφος,Κοίλη
Χ.Α. ΠΑΠΑΕΛΛΗΝΑΣ ΕΜΠΟΡΙΚΗ ΛΤΔ,Ε003434/2022,11/05/2022,10/05/2052,149.04,-,-,ΑΠΕ,Φωτοβολταϊκό Σύστημα,,Λειτουργίας Σταθμού Παραγωγής Ηλεκτρισμού,Αυτοπαραγωγή/Net-Billing,Λευκωσία,Λακατάμεια
E.K.E.I. ATHANASIOU SOLAR LTD,Ε003433/2022,11/05/2022,10/05/2027,499.95,-,-,ΑΠΕ,Φωτοβολταϊκό Σύστημα,,Κατασκευής Σταθμού Παραγωγής Ηλεκτρισμού,Εμπορική Χρήση,Λάρνακα,Κιβισίλι
SUNREA ENERGY 2 LTD,Ε003432/2022,11/05/2022,10/05/2027,920,-,-,ΑΠΕ,Φωτοβολταϊκό Σύστημα,,Κατασκευής Σταθμού Παραγωγής Ηλεκτρισμού,Εμπορική Χρήση,Λάρνακα,Πύλα
SUNREA ENERGY 2 LTD,Ε003431/2022,11/05/2022,10/05/2027,863,-,-,ΑΠΕ,Φωτοβολταϊκό Σύστημα,,Κατασκευής Σταθμού Παραγωγής Ηλεκτρισμού,Εμπορική Χρήση,Λάρνακα,Πύλα
SUNREA ENERGY 2 LTD,Ε003430/2022,11/05/2022,10/05/2027,722,-,-,ΑΠΕ,Φωτοβολταϊκό Σύστημα,,Κατασκευής Σταθμού Παραγωγής Ηλεκτρισμού,Εμπορική Χρήση,Λάρνακα,Πύλα
CAVERAT INVESTMENTS LTD,Ε003429/2022,11/05/2022,10/05/2027,2300,-,-,ΑΠΕ,Φωτοβολταϊκό Σύστημα,,Κατασκευής Σταθμού Παραγωγής Ηλεκτρισμού,Εμπορική Χρήση,Λάρνακα,Καλό Χωριό
ΠΤΗΝΕΚ ΛΤΔ,Ε003428/2022,29/04/2022,28/04/2052,180,-,-,ΑΠΕ,Φωτοβολταϊκό Σύστημα,,Λειτουργίας Σταθμού Παραγωγής Ηλεκτρισμού,Αυτοπαραγωγή/Net-Billing,Λευκωσία,Μαργί
ΚΑΤΑΣΚΕΥΕΣ ΑΛΟΥΜΙΝΙΩΝ Α/ΦΟΙ ΜΑΡΣΕΛΛΗ ΛΤΔ,Ε003427/2022,29/04/2022,28/04/2034,128,-,-,Συμβατικά Καύσιμα,ΜΕΚ,Πετρέλαιο,Κατασκευής - Λειτουργίας,Εφεδρεία,Λάρνακα,Περβόλια
ΚΥΠΡΙΑΚΟΣ ΟΡΓΑΝΙΣΜΟΣ ΑΘΛΗΤΙΣΜΟΥ,Ε003426/2022,29/04/2022,28/04/2034,104,-,-,Συμβατικά Καύσιμα,ΜΕΚ,Πετρέλαιο,Κατασκευής - Λειτουργίας,Εφεδρεία,Λευκωσία,Έγκωμη
ΚΥΠΡΙΑΚΟΣ ΟΡΓΑΝΙΣΜΟΣ ΑΘΛΗΤΙΣΜΟΥ,Ε003425/2022,29/04/2022,28/04/2034,82.4,-,-,Συμβατικά Καύσιμα,ΜΕΚ,Πετρέλαιο,Λειτουργίας Σταθμού Παραγωγής Ηλεκτρισμού,Εφεδρεία,Λευκωσία,Έγκωμη
ΚΥΠΡΙΑΚΟΣ ΟΡΓΑΝΙΣΜΟΣ ΑΘΛΗΤΙΣΜΟΥ,Ε003424/2022,29/04/2022,28/04/2034,320,-,-,Συμβατικά Καύσιμα,ΜΕΚ,Πετρέλαιο,Λειτουργίας Σταθμού Παραγωγής Ηλεκτρισμού,Εφεδρεία,Λεμεσός,Λεμεσός
MERBAL HOLDINGS LTD,Ε003419/2022,19/04/2022,18/04/2027,5000,-,-,ΑΠΕ,Φωτοβολταϊκό Σύστημα,,Κατασκευής Σταθμού Παραγωγής Ηλεκτρισμού,Εμπορική Χρήση,Πάφος,Νατά
MERBAL HOLDINGS LTD,Ε003418/2022,19/04/2022,18/04/2027,1000,-,-,ΑΠΕ,Φωτοβολταϊκό Σύστημα,,Κατασκευής Σταθμού Παραγωγής Ηλεκτρισμού,Εμπορική Χρήση,Πάφος,Μαραθούντα
BIOLAND PROJECT 68 LTD,Ε003417/2022,19/04/2022,18/04/2027,1000,-,-,ΑΠΕ,Φωτοβολταϊκό Σύστημα,,Κατασκευής Σταθμού Παραγωγής Ηλεκτρισμού,Εμπορική Χρήση,Λάρνακα,Τρούλλοι
ΒΑΣΙΛΙΚΗ ΒΑΣΙΛΕΙΑΔΟΥ,Ε003416/2022,19/04/2022,18/04/2027,150,-,-,ΑΠΕ,Φωτοβολταϊκό Σύστημα,,Κατασκευής Σταθμού Παραγωγής Ηλεκτρισμού,Εμπορική Χρήση,Πάφος,Αγία Μαρίνα Κελοκεδάρων
AGM SOLAR POWER LTD,Ε003415/2022,19/04/2022,18/04/2027,8000,5000,10000,ΑΠΕ,Φωτοβολταϊκό Σύστημα,,Κατασκευής Σταθμού Παραγωγής Ηλεκτρισμού,Εμπορική Χρήση,Πάφος,Αγία Βαρβάρα
ΦΥΣΙΚΟ ΠΡΟΣΩΠΟ,Ε003412/2022,19/04/2022,18/04/2027,150,-,-,ΑΠΕ,Φωτοβολταϊκό Σύστημα,,Κατασκευής Σταθμού Παραγωγής Ηλεκτρισμού,Εμπορική Χρήση,Πάφος,Πολέμι
UNIPLANT LTD,Ε003411/2022,15/04/2022,14/04/2034,88,-,-,Συμβατικά Καύσιμα,ΜΕΚ,Πετρέλαιο,Κατασκευής - Λειτουργίας,Εφεδρεία,Λευκωσία,Λατσιά
THANOS HOTELS LTD,Ε003410/2022,15/04/2022,14/04/2034,180,-,-,Συμβατικά Καύσιμα,ΜΕΚ,Πετρέλαιο,Κατασκευής - Λειτουργίας,Εφεδρεία,Πάφος,Πάφος
ΕΡΓΟΛΗΠΤΙΚΕΣ ΕΡΓΑΣΙΕΣ Α.Γ. ΚΑΖΑΝΟΣ ΛΤΔ,Ε003409/2022,15/04/2022,14/04/2034,160,-,-,Συμβατικά Καύσιμα,ΜΕΚ,Πετρέλαιο,Κατασκευής - Λειτουργίας,Εφεδρεία,Λευκωσία,Ευρύχου
HAFFNEVE HOLDING LTD,Ε003408/2022,15/04/2022,14/04/2027,4200,-,-,ΑΠΕ,Φωτοβολταϊκό Σύστημα,,Κατασκευής Σταθμού Παραγωγής Ηλεκτρισμού,Εμπορική Χρήση,Λευκωσία,Γέρι
AGM SOLAR POWER LTD,Ε003407/2022,15/04/2022,14/04/2027,8000,5000,10000,ΑΠΕ,Φωτοβολταϊκό Σύστημα,,Κατασκευής Σταθμού Παραγωγής Ηλεκτρισμού,Εμπορική Χρήση,Λευκωσία,"Κοκκινοτριμιθιά, Ακάκι"
AGM SOLAR POWER LTD,Ε003406/2022,15/04/2022,14/04/2027,8000,5000,10000,ΑΠΕ,Φωτοβολταϊκό Σύστημα,,Κατασκευής Σταθμού Παραγωγής Ηλεκτρισμού,Εμπορική Χρήση,Λευκωσία,"Κοκκινοτριμιθιά, Ακάκι"
AGM SOLAR POWER LTD,Ε003405/2022,15/04/2022,14/04/2027,8000,5000,10000,ΑΠΕ,Φωτοβολταϊκό Σύστημα,,Κατασκευής Σταθμού Παραγωγής Ηλεκτρισμού,Εμπορική Χρήση,Λευκωσία,"Κοκκινοτριμιθιά, Ακάκι"
AGM SOLAR POWER LTD,Ε003404/2022,15/04/2022,14/04/2027,8000,5000,10000,ΑΠΕ,Φωτοβολταϊκό Σύστημα,,Κατασκευής Σταθμού Παραγωγής Ηλεκτρισμού,Εμπορική Χρήση,Λευκωσία,"Κοκκινοτριμιθιά, Ακάκι"
AGM SOLAR POWER LTD,Ε003403/2022,15/04/2022,14/04/2027,8000,5000,10000,ΑΠΕ,Φωτοβολταϊκό Σύστημα,,Κατασκευής Σταθμού Παραγωγής Ηλεκτρισμού,Εμπορική Χρήση,Λευκωσία,Ακάκι
DLKC SOLAR LTD,Ε003402/2022,08/04/2022,07/04/2052,150,-,-,ΑΠΕ,Φωτοβολταϊκό Σύστημα,,Λειτουργίας Σταθμού Παραγωγής Ηλεκτρισμού,Εμπορική Χρήση,Λευκωσία,Αγία Μαρίνα Ξυλιάτου
AK SOLAR LTD,Ε003401/2022,08/04/2022,07/04/2052,150,-,-,ΑΠΕ,Φωτοβολταϊκό Σύστημα,,Λειτουργίας Σταθμού Παραγωγής Ηλεκτρισμού,Εμπορική Χρήση,Λευκωσία,Αγία Μαρίνα Ξυλιάτου
GREENVOLTS ELECTRICITY CO. LTD,Ε003400/2022,08/04/2022,07/04/2052,150.06,-,-,ΑΠΕ,Φωτοβολταϊκό Σύστημα,,Λειτουργίας Σταθμού Παραγωγής Ηλεκτρισμού,Εμπορική Χρήση,Λευκωσία,Αστρομερίτης
BIOLAND PROJECT 88 LTD,Ε003399/2022,08/04/2022,07/04/2027,3500,-,-,ΑΠΕ,Φωτοβολταϊκό Σύστημα,,Κατασκευής Σταθμού Παραγωγής Ηλεκτρισμού,Εμπορική Χρήση,Λάρνακα,Τρούλλοι
AGM LIGHTPOWER LTD,Ε003398/2022,08/04/2022,07/04/2027,8000,5000,10000,ΑΠΕ,Φωτοβολταϊκό Σύστημα,,Κατασκευής Σταθμού Παραγωγής Ηλεκτρισμού,Εμπορική Χρήση,Λευκωσία,Κοκκινοτριμιθιά
HAFFNEVE HOLDING LTD,Ε003397/2022,08/04/2022,07/04/2027,2500,-,-,ΑΠΕ,Φωτοβολταϊκό Σύστημα,,Κατασκευής Σταθμού Παραγωγής Ηλεκτρισμού,Εμπορική Χρήση,Λευκωσία,Δάλι
HAFFNEVE HOLDING LTD,Ε003396/2022,08/04/2022,07/04/2027,1300,-,-,ΑΠΕ,Φωτοβολταϊκό Σύστημα,,Κατασκευής Σταθμού Παραγωγής Ηλεκτρισμού,Εμπορική Χρήση,Λευκωσία,Δάλι
A &AMP; Α ΣΦΑΓΕΙΑ ΛΤΔ,Ε003395/2022,08/04/2022,07/04/2027,700,-,-,ΑΠΕ,Βιοαέριο,,Κατασκευής Σταθμού Παραγωγής Ηλεκτρισμού,Εμπορική Χρήση,Λευκωσία,Άγιος Ιωάννης
C.A.C PAPANTONIOU TRADING LTD,Ε003394/2022,05/04/2022,04/04/2052,220.22,-,-,ΑΠΕ,Φωτοβολταϊκό Σύστημα,,Λειτουργίας Σταθμού Παραγωγής Ηλεκτρισμού,Αυτοπαραγωγή/Net-Billing,Πάφος,Αχχέλεια
L. E. EVERGREEN ENERGY LTD,Ε003393/2022,31/03/2022,30/03/2027,8000,5000,10000,ΑΠΕ,Φωτοβολταϊκό Σύστημα,,Κατασκευής Σταθμού Παραγωγής Ηλεκτρισμού,Εμπορική Χρήση,Λεμεσός,Αλέκτορα
L. E. EVERGREEN ENERGY LTD,Ε003392/2022,31/03/2022,30/03/2027,8000,5000,10000,ΑΠΕ,Φωτοβολταϊκό Σύστημα,,Κατασκευής Σταθμού Παραγωγής Ηλεκτρισμού,Εμπορική Χρήση,Λεμεσός,Αλέκτορα
L. E. EVERGREEN ENERGY LTD,Ε003391/2022,31/03/2022,30/03/2027,4000,2500,5000,ΑΠΕ,Φωτοβολταϊκό Σύστημα,,Κατασκευής Σταθμού Παραγωγής Ηλεκτρισμού,Εμπορική Χρήση,Λεμεσός,Αλέκτορα
L. E. EVERGREEN ENERGY LTD,Ε003390/2022,31/03/2022,30/03/2027,3700,2000,4000,ΑΠΕ,Φωτοβολταϊκό Σύστημα,,Κατασκευής Σταθμού Παραγωγής Ηλεκτρισμού,Εμπορική Χρήση,Λεμεσός,Αλέκτορα
L. E. EVERGREEN ENERGY LTD,Ε003389/2022,31/03/2022,30/03/2027,2300,1500,3000,ΑΠΕ,Φωτοβολταϊκό Σύστημα,,Κατασκευής Σταθμού Παραγωγής Ηλεκτρισμού,Εμπορική Χρήση,Λεμεσός,Αλέκτορα
HAFFNEVE HOLDING LTD,Ε003388/2022,30/03/2022,29/03/2052,6131,-,-,ΑΠΕ,Φωτοβολταϊκό Σύστημα,,Λειτουργίας Σταθμού Παραγωγής Ηλεκτρισμού,Εμπορική Χρήση,Λάρνακα,Τερσεφάνου
HAFFNEVE HOLDING LTD,Ε003387/2022,30/03/2022,29/03/2052,4672,-,-,ΑΠΕ,Φωτοβολταϊκό Σύστημα,,Λειτουργίας Σταθμού Παραγωγής Ηλεκτρισμού,Εμπορική Χρήση,Λάρνακα,Σοφτάδες
AGM SOLAR POWER LTD,Ε003381/2022,15/03/2022,14/03/2027,5000,-,-,ΑΠΕ,Φωτοβολταϊκό Σύστημα,,Κατασκευής Σταθμού Παραγωγής Ηλεκτρισμού,Εμπορική Χρήση,Λευκωσία,Τσέρι
G.A.P. TRADING &AMP; SERVICES LTD,Ε003380/2022,15/03/2022,14/03/2027,2000,-,-,ΑΠΕ,Φωτοβολταϊκό Σύστημα,,Κατασκευής Σταθμού Παραγωγής Ηλεκτρισμού,Εμπορική Χρήση,Λευκωσία,Αγίοι Τριμιθιάς
P.P. ENERGIA LTD,Ε003379/2022,15/03/2022,14/03/2027,498.4,-,-,ΑΠΕ,Φωτοβολταϊκό Σύστημα,,Κατασκευής Σταθμού Παραγωγής Ηλεκτρισμού,Εμπορική Χρήση,Λάρνακα,Δρομολαξιά
P.P. ENERGIA LTD,Ε003378/2022,15/03/2022,14/03/2027,268,-,-,ΑΠΕ,Φωτοβολταϊκό Σύστημα,,Κατασκευής Σταθμού Παραγωγής Ηλεκτρισμού,Εμπορική Χρήση,Λάρνακα,Δρομολαξιά
ARISTOKLIA SOLAR LTD,Ε003377/2022,15/03/2022,14/03/2052,99,-,-,ΑΠΕ,Φωτοβολταϊκό Σύστημα,,Λειτουργίας Σταθμού Παραγωγής Ηλεκτρισμού,Εμπορική Χρήση,Λευκωσία,Κακοπετριά
PETROLINA HOLDINGS PUBLIC LTD,Ε003376/2022,11/03/2022,10/03/2034,909,-,-,Συμβατικά Καύσιμα,ΜΕΚ,Ντίζελ,Κατασκευής - Λειτουργίας,Εφεδρεία,Λάρνακα,Μαρί
PETROLINA HOLDINGS PUBLIC LTD,Ε003375/2022,11/03/2022,10/03/2034,602,-,-,Συμβατικά Καύσιμα,ΜΕΚ,Ντίζελ,Κατασκευής - Λειτουργίας,Εφεδρεία,Λάρνακα,Μαρί
PETROLINA HOLDINGS PUBLIC LTD,Ε003374/2022,11/03/2022,10/03/2034,537,-,-,Συμβατικά Καύσιμα,ΜΕΚ,Ντίζελ,Κατασκευής - Λειτουργίας,Εφεδρεία,Λάρνακα,Μαρί
PETROLINA HOLDINGS PUBLIC LTD,Ε003373/2022,11/03/2022,10/03/2034,48,-,-,Συμβατικά Καύσιμα,ΜΕΚ,Ντίζελ,Κατασκευής - Λειτουργίας,Εφεδρεία,Λάρνακα,Μαρί
PETROLINA HOLDINGS PUBLIC LTD,Ε003372/2022,11/03/2022,10/03/2034,32,-,-,Συμβατικά Καύσιμα,ΜΕΚ,Ντίζελ,Κατασκευής - Λειτουργίας,Εφεδρεία,Λάρνακα,Μαρί
S.J. SERAPHIM LTD,Ε003371/2022,11/03/2022,10/03/2034,48,-,-,Συμβατικά Καύσιμα,ΜΕΚ,Πετρέλαιο,Κατασκευής - Λειτουργίας,Εφεδρεία,Λευκωσία,Λατσιά
S. KANIKLIDES (CYPRUS) LTD,Ε003370/2022,11/03/2022,10/03/2034,60,-,-,Συμβατικά Καύσιμα,ΜΕΚ,Ντίζελ,Κατασκευής - Λειτουργίας,Εφεδρεία,Λευκωσία,Τσέρι
M.G.P CYPRUS SALT COMPANY LTD,Ε003369/2022,11/03/2022,10/03/2052,84.96,-,-,ΑΠΕ,Φωτοβολταϊκό Σύστημα,,Λειτουργίας Σταθμού Παραγωγής Ηλεκτρισμού,Αυτοπαραγωγή/Net-Billing,Λάρνακα,Αραδίππου
NERATECH LTD,Ε003368/2022,11/03/2022,10/03/2052,817,-,-,ΑΠΕ,Φωτοβολταϊκό Σύστημα,,Λειτουργίας Σταθμού Παραγωγής Ηλεκτρισμού,Εμπορική Χρήση,Λάρνακα,Αθηένου
ΤΣΙΜΕΝΤΟΠΟΙΙΑ ΒΑΣΙΛΙΚΟΥ ΔΗΜΟΣΙΑ ΕΤΑΙΡΕΙΑ ΛΤΔ,Ε003367/2022,11/03/2022,10/03/2027,8000,-,-,ΑΠΕ,Φωτοβολταϊκό Σύστημα,,Κατασκευής Σταθμού Παραγωγής Ηλεκτρισμού,Εμπορική Χρήση,Λάρνακα,"Ψεματισμένος, Χοιροκιτία"
LIDL CYPRUS,Ε003365/2022,18/02/2022,17/02/2052,213.84,-,-,ΑΠΕ,Φωτοβολταϊκό Σύστημα,,Λειτουργίας Σταθμού Παραγωγής Ηλεκτρισμού,Αυτοπαραγωγή/Net-Billing,Λάρνακα,Δρομολαξιά
A.V. EARTH REGENERATION LTD,Ε003363/2022,18/02/2022,17/02/2027,2500,-,-,ΑΠΕ,Φωτοβολταϊκό Σύστημα,,Κατασκευής Σταθμού Παραγωγής Ηλεκτρισμού,Εμπορική Χρήση,Λάρνακα,Τρούλλοι
BIOLAND PROJECT 59 LTD,Ε003361/2022,18/02/2022,17/02/2027,880,-,-,ΑΠΕ,Φωτοβολταϊκό Σύστημα,,Κατασκευής Σταθμού Παραγωγής Ηλεκτρισμού,Εμπορική Χρήση,Πάφος,Στενή
BIOLAND PROJECT 83 LTD,Ε003360/2022,18/02/2022,17/02/2027,1000,-,-,ΑΠΕ,Φωτοβολταϊκό Σύστημα,,Κατασκευής Σταθμού Παραγωγής Ηλεκτρισμού,Εμπορική Χρήση,Πάφος,"Στρουμπί, Πολέμι"
BIOLAND PROJECT 20 LTD,Ε003359/2022,18/02/2022,17/02/2027,4000,-,-,ΑΠΕ,Φωτοβολταϊκό Σύστημα,,Κατασκευής Σταθμού Παραγωγής Ηλεκτρισμού,Εμπορική Χρήση,Λάρνακα,Πύλα
CONSENTO PROPERTIES LTD,Ε003354/2022,11/02/2022,10/02/2034,80,-,-,Συμβατικά Καύσιμα,ΜΕΚ,Ντίζελ,Κατασκευής - Λειτουργίας,Εφεδρεία,Λευκωσία,Άγιος Δομέτιος
R. CHRISTOFIDOU LTD,Ε003353/2022,11/02/2022,10/02/2034,162.4,-,-,Συμβατικά Καύσιμα,ΜΕΚ,Πετρέλαιο,Λειτουργίας Σταθμού Παραγωγής Ηλεκτρισμού,Εφεδρεία,Λευκωσία,Αγλαντζιά
ΦΥΣΙΚΟ ΠΡΟΣΩΠΟ,Ε003352/2022,11/02/2022,10/02/2034,48,-,-,Συμβατικά Καύσιμα,ΜΕΚ,Πετρέλαιο,Κατασκευής - Λειτουργίας,Εφεδρεία,Πάφος,Πέγεια
ΦΥΣΙΚΟ ΠΡΟΣΩΠΟ,Ε003351/2022,11/02/2022,10/02/2034,40,-,-,Συμβατικά Καύσιμα,ΜΕΚ,Πετρέλαιο,Κατασκευής - Λειτουργίας,Εφεδρεία,Πάφος,Πέγεια
ΦΥΣΙΚΟ ΠΡΟΣΩΠΟ,Ε003350/2022,11/02/2022,10/02/2034,48,-,-,Συμβατικά Καύσιμα,ΜΕΚ,Πετρέλαιο,Κατασκευής - Λειτουργίας,Εφεδρεία,Πάφος,Πέγεια
ΦΥΣΙΚΟ ΠΡΟΣΩΠΟ,Ε003349/2022,11/02/2022,10/02/2034,176,-,-,Συμβατικά Καύσιμα,ΜΕΚ,Ντίζελ,Κατασκευής - Λειτουργίας,Εφεδρεία,Λευκωσία,-
S. MOUZOURAS METALS LTD,Ε003348/2022,11/02/2022,10/02/2034,32,-,-,Συμβατικά Καύσιμα,ΜΕΚ,Πετρέλαιο,Κατασκευής - Λειτουργίας,Εφεδρεία,Λευκωσία,Αστρομερίτης
ΑΝΩΤΑΤΟ ΔΙΚΑΣΤΗΡΙΟ ΚΥΠΡΟΥ,Ε003347/2022,11/02/2022,10/02/2034,312,-,-,Συμβατικά Καύσιμα,ΜΕΚ,,Κατασκευής - Λειτουργίας,Εφεδρεία,Αμμόχωστος,Παραλίμνι
ELSMP LTD,Ε003346/2022,04/02/2022,03/02/2052,71.78,-,-,ΑΠΕ,Φωτοβολταϊκό Σύστημα,,Λειτουργίας Σταθμού Παραγωγής Ηλεκτρισμού,Αυτοπαραγωγή/Net-Billing,Λεμεσός,Γερμασόγεια
BIOLAND PROJECT 78 LTD,Ε003336/2022,04/02/2022,03/02/2027,900,-,-,ΑΠΕ,Φωτοβολταϊκό Σύστημα,,Κατασκευής Σταθμού Παραγωγής Ηλεκτρισμού,Εμπορική Χρήση,Λάρνακα,Δρομολαξιά
BIOLAND PROJECT 74 LTD,Ε003335/2022,04/02/2022,03/02/2027,900,-,-,ΑΠΕ,Φωτοβολταϊκό Σύστημα,,Κατασκευής Σταθμού Παραγωγής Ηλεκτρισμού,Εμπορική Χρήση,Λάρνακα,Δρομολαξιά
BIOLAND PROJECT 39 LTD,Ε003334/2022,04/02/2022,03/02/2027,2000,-,-,ΑΠΕ,Φωτοβολταϊκό Σύστημα,,Κατασκευής Σταθμού Παραγωγής Ηλεκτρισμού,Εμπορική Χρήση,Λάρνακα,Τερσεφάνου
AGM SOLAR POWER LTD,Ε003332/2022,28/01/2022,27/01/2027,5000,3000,6000,ΑΠΕ,Φωτοβολταϊκό Σύστημα,,Κατασκευής Σταθμού Παραγωγής Ηλεκτρισμού,Εμπορική Χρήση,Λευκωσία,Ακάκι
AGM SOLAR POWER LTD,Ε003331/2022,28/01/2022,27/01/2027,5000,3000,6000,ΑΠΕ,Φωτοβολταϊκό Σύστημα,,Κατασκευής Σταθμού Παραγωγής Ηλεκτρισμού,Εμπορική Χρήση,Λευκωσία,"Κοκκινοτριμιθιά, Ακάκι"
AGM LIGHTPOWER LTD,Ε003330/2022,28/01/2022,27/01/2027,5000,3000,6000,ΑΠΕ,Φωτοβολταϊκό Σύστημα,,Κατασκευής Σταθμού Παραγωγής Ηλεκτρισμού,Εμπορική Χρήση,Λευκωσία,Κοκκινοτριμιθιά
AGM LIGHTPOWER LTD,Ε003329/2022,28/01/2022,27/01/2027,5000,3000,6000,ΑΠΕ,Φωτοβολταϊκό Σύστημα,,Κατασκευής Σταθμού Παραγωγής Ηλεκτρισμού,Εμπορική Χρήση,Λευκωσία,Κοκκινοτριμιθιά
BIOLAND PROJECT 27 LTD,Ε003328/2022,18/01/2022,17/01/2052,2500,-,-,ΑΠΕ,Φωτοβολταϊκό Σύστημα,,Λειτουργίας Σταθμού Παραγωγής Ηλεκτρισμού,Εμπορική Χρήση,Λάρνακα,Αθηένου
ΦΥΣΙΚΟ ΠΡΟΣΩΠΟ,Ε003327/2022,11/01/2022,10/01/2027,50,-,-,ΑΠΕ,Φωτοβολταϊκό Σύστημα,,Κατασκευής Σταθμού Παραγωγής Ηλεκτρισμού,Εμπορική Χρήση,Πάφος,Πολέμι
BIOLAND PROJECT 72 LTD,Ε003326/2022,11/01/2022,10/01/2027,2000,2000,8000,ΑΠΕ,Φωτοβολταϊκό Σύστημα,,Κατασκευής Σταθμού Παραγωγής Ηλεκτρισμού,Εμπορική Χρήση,Λευκωσία,Περιστερώνα
BIOLAND PROJECT 50 LTD,Ε003325/2022,11/01/2022,10/01/2027,900,-,-,ΑΠΕ,Φωτοβολταϊκό Σύστημα,,Κατασκευής Σταθμού Παραγωγής Ηλεκτρισμού,Εμπορική Χρήση,Αμμόχωστος,Λιοπέτρι
BIOLAND PROJECT 52 LTD,Ε003324/2022,11/01/2022,10/01/2027,1000,-,-,ΑΠΕ,Φωτοβολταϊκό Σύστημα,,Κατασκευής Σταθμού Παραγωγής Ηλεκτρισμού,Εμπορική Χρήση,Πάφος,Πόλις Χρυσοχούς
ΠΡΟΕΔΡΙΑ ΤΗΣ ΚΥΠΡΙΑΚΗΣ ΔΗΜΟΚΡΑΤΙΑΣ,Ε003323/2022,11/01/2022,10/01/2034,80,-,-,Συμβατικά Καύσιμα,ΜΕΚ,Ντίζελ,Κατασκευής - Λειτουργίας,Εφεδρεία,Λευκωσία,-
PORFYRIOS CHAP GLASS LTD,Ε003322/2022,11/01/2022,10/01/2034,882,-,-,Συμβατικά Καύσιμα,ΜΕΚ,Ντίζελ,Κατασκευής - Λειτουργίας,Εφεδρεία,Λευκωσία,Εργάτες
PCMK HOLDINGS LTD,Ε003321/2022,11/01/2022,10/01/2034,176,-,-,Συμβατικά Καύσιμα,ΜΕΚ,Ντίζελ,Κατασκευής - Λειτουργίας,Εφεδρεία,Λευκωσία,Λευκωσία
EUROPEAN MEDICAL CLINIC (E.M.C) LTD,Ε003320/2022,11/01/2022,10/01/2034,53,-,-,Συμβατικά Καύσιμα,ΜΕΚ,Πετρέλαιο,Κατασκευής - Λειτουργίας,Εφεδρεία,Λευκωσία,Στρόβολος
"ΚΕΝΤΡΟ ΑΝΑΚΟΥΦΙΣΤΙΚΗΣ ΦΡΟΝΤΙΔΑΣ ""ΑΡΟΔΑΦΝΟΥΣΑ""",Ε003319/2022,11/01/2022,10/01/2034,120,-,-,Συμβατικά Καύσιμα,ΜΕΚ,Ντίζελ,Λειτουργίας Σταθμού Παραγωγής Ηλεκτρισμού,Εφεδρεία,Λευκωσία,Στρόβολος
ABH FINANCIAL LTD,Ε003318/2022,11/01/2022,10/01/2034,53,-,-,Συμβατικά Καύσιμα,ΜΕΚ,Ντίζελ,Κατασκευής - Λειτουργίας,Εφεδρεία,Λευκωσία,Στρόβολος
GRECIAN HOTEL ENTERPRISES LTD,Ε003317/2022,11/01/2022,10/01/2034,640,-,-,Συμβατικά Καύσιμα,ΜΕΚ,Ντίζελ,Κατασκευής - Λειτουργίας,Εφεδρεία,Αμμόχωστος,Αγία Νάπα
ΟΡΓΑΝΙΣΜΟΣ ΧΡΗΜΑΤΟΔΟΤΗΣΕΩΣ ΣΤΕΓΗΣ,Ε003316/2022,11/01/2022,10/01/2034,218,-,-,Συμβατικά Καύσιμα,ΜΕΚ,Ντίζελ,Κατασκευής - Λειτουργίας,Εφεδρεία,Λευκωσία,Στρόβολος
ΑΡΧΗ ΗΛΕΚΤΡΙΣΜΟΥ ΚΥΠΡΟΥ,Ε003315/2022,11/01/2022,10/01/2034,245,-,-,Συμβατικά Καύσιμα,ΜΕΚ,Ντίζελ,Κατασκευής - Λειτουργίας,Εφεδρεία,Λάρνακα,Μαρί
ΑΡΧΗ ΗΛΕΚΤΡΙΣΜΟΥ ΚΥΠΡΟΥ,Ε003314/2022,11/01/2022,10/01/2034,245,-,-,Συμβατικά Καύσιμα,ΜΕΚ,Ντίζελ,Κατασκευής - Λειτουργίας,Εφεδρεία,Λάρνακα,Μαρί
RENEWABLE SOLARVIKING LTD,Ε003308/2021,29/12/2021,28/12/2026,100,-,-,ΑΠΕ,Φωτοβολταϊκό Σύστημα,,Κατασκευής Σταθμού Παραγωγής Ηλεκτρισμού,Εμπορική Χρήση,Πάφος,Σίμου
 RENEWABLE SOLARVIKING LTD,Ε003305/2021,29/12/2021,28/12/2026,72,-,-,ΑΠΕ,Φωτοβολταϊκό Σύστημα,,Κατασκευής Σταθμού Παραγωγής Ηλεκτρισμού,Εμπορική Χρήση,Πάφος,Πολέμι
ΛΟΙΖΟΣ ΤΟΦΑΡΗ ΛΤΔ,Ε003304/2021,29/12/2021,28/12/2033,32,-,-,Συμβατικά Καύσιμα,ΜΕΚ,Ντίζελ,Κατασκευής - Λειτουργίας,Αυτοπαραγωγή,Κινητή Μονάδα,-
ΑΣΤΥΝΟΜΙΑ ΚΥΠΡΟΥ,Ε003303/2021,29/12/2021,28/12/2033,48,-,-,Συμβατικά Καύσιμα,ΜΕΚ,Ντίζελ,Κατασκευής - Λειτουργίας,Εφεδρεία,Κινητή Μονάδα,-
ΤΜΗΜΑ ΓΕΩΛΟΓΙΚΗΣ ΕΠΙΣΚΟΠΗΣΗΣ,Ε003302/2021,29/12/2021,28/12/2033,180,-,-,Συμβατικά Καύσιμα,ΜΕΚ,Ντίζελ,Κατασκευής - Λειτουργίας,Αυτοπαραγωγή,Κινητή Μονάδα,-
C.P. FOODLAB LTD,Ε003284/2021,29/12/2021,28/12/2051,39.84,-,-,ΑΠΕ,Φωτοβολταϊκό Σύστημα,,Λειτουργίας Σταθμού Παραγωγής Ηλεκτρισμού,Αυτοπαραγωγή/Net-Billing,Λευκωσία,Λακατάμεια
MDG SOLAR POWER LTD,Ε003282/2021,21/12/2021,20/12/2026,1500,-,-,ΑΠΕ,Φωτοβολταϊκό Σύστημα,,Κατασκευής Σταθμού Παραγωγής Ηλεκτρισμού,Εμπορική Χρήση,Πάφος,Τάλα
ARLYCO LTD,Ε003281/2021,21/12/2021,20/12/2051,99.82,-,-,ΑΠΕ,Φωτοβολταϊκό Σύστημα,,Λειτουργίας Σταθμού Παραγωγής Ηλεκτρισμού,Αυτοπαραγωγή/Net-Billing,Λάρνακα,Αραδίππου
ΑΡΧΗ ΤΗΛΕΠΙΚΟΙΝΩΝΙΩΝ ΚΥΠΡΟΥ,Ε003271/2021,21/12/2021,20/12/2033,138,-,-,Συμβατικά Καύσιμα,ΜΕΚ,Ντίζελ,Κατασκευής - Λειτουργίας,Εφεδρεία,Λάρνακα,Άγιος Θεόδωρος
ΔΗΜΟΣ ΥΨΩΝΑΣ,Ε003270/2021,21/12/2021,20/12/2033,200,-,-,Συμβατικά Καύσιμα,ΜΕΚ,Ντίζελ,Κατασκευής - Λειτουργίας,Εφεδρεία,Λεμεσός,Ύψωνας
ΑΣΤΥΝΟΜΙΑ ΚΥΠΡΟΥ,Ε003269/2021,21/12/2021,20/12/2033,30.7,-,-,Συμβατικά Καύσιμα,ΜΕΚ,Ντίζελ,Κατασκευής - Λειτουργίας,Αυτοπαραγωγή,Κινητή Μονάδα,-
ΑΣΤΥΝΟΜΙΑ ΚΥΠΡΟΥ,Ε003268/2021,21/12/2021,20/12/2033,30.7,-,-,Συμβατικά Καύσιμα,ΜΕΚ,Ντίζελ,Κατασκευής - Λειτουργίας,Αυτοπαραγωγή,Κινητή Μονάδα,-
HELLAS SAT CONSORTIUM LTD,Ε003267/2021,21/12/2021,20/12/2033,504,-,-,Συμβατικά Καύσιμα,ΜΕΚ,Ντίζελ,Λειτουργίας Σταθμού Παραγωγής Ηλεκτρισμού,Εφεδρεία,Λάρνακα,Κοφίνου
SIGMA RADIO &AMP; TV (PUBLIC) LTD,Ε003265/2021,21/12/2021,20/12/2033,280,-,-,Συμβατικά Καύσιμα,ΜΕΚ,Ντίζελ,Λειτουργίας Σταθμού Παραγωγής Ηλεκτρισμού,Εφεδρεία,Κινητή Μονάδα,-
SIGMA RADIO &AMP; TV (PUBLIC) LTD ,Ε003264/2021,21/12/2021,20/12/2033,280,-,-,Συμβατικά Καύσιμα,ΜΕΚ,Ντίζελ,Λειτουργίας Σταθμού Παραγωγής Ηλεκτρισμού,Αυτοπαραγωγή,Κινητή Μονάδα,-
 ΛΟΙΖΟΣ ΤΟΦΑΡΗ ΛΤΔ,Ε003263/2021,21/12/2021,20/12/2033,57.5,-,-,Συμβατικά Καύσιμα,ΜΕΚ,Ντίζελ,Κατασκευής - Λειτουργίας,Αυτοπαραγωγή,Κινητή Μονάδα,-
BIOLAND PROJECT 54 LTD,Ε003261/2021,10/12/2021,09/12/2026,1400,1400,4200,ΑΠΕ,Φωτοβολταϊκό Σύστημα,,Κατασκευής Σταθμού Παραγωγής Ηλεκτρισμού,Εμπορική Χρήση,Αμμόχωστος,Αυγόρου
HAFFNEVE HOLDING LTD,Ε003260/2021,10/12/2021,09/12/2026,2100,-,-,ΑΠΕ,Φωτοβολταϊκό Σύστημα,,Κατασκευής Σταθμού Παραγωγής Ηλεκτρισμού,Εμπορική Χρήση,Λευκωσία,Μάμμαρι
HAFFNEVE HOLDING LTD,Ε003259/2021,10/12/2021,09/12/2026,1800,-,-,ΑΠΕ,Φωτοβολταϊκό Σύστημα,,Κατασκευής Σταθμού Παραγωγής Ηλεκτρισμού,Εμπορική Χρήση,Λευκωσία,Λύμπια
HAFFNEVE HOLDING LTD,Ε003258/2021,10/12/2021,09/12/2026,1600,-,-,ΑΠΕ,Φωτοβολταϊκό Σύστημα,,Κατασκευής Σταθμού Παραγωγής Ηλεκτρισμού,Εμπορική Χρήση,Λευκωσία,"Μάμμαρι, Κοκκινοτριμιθιά"
ΑΗΚ - ΙΑΚ ΑΧΕΡΑ ΑΝΑΝΕΩΣΙΜΕΣ ΛΤΔ,Ε003257/2021,10/12/2021,09/12/2026,5000,-,-,ΑΠΕ,Φωτοβολταϊκό Σύστημα,,Κατασκευής Σταθμού Παραγωγής Ηλεκτρισμού,Εμπορική Χρήση,Λευκωσία,Άγιος Ιωάννης
ΑΗΚ - ΙΑΚ ΑΧΕΡΑ ΑΝΑΝΕΩΣΙΜΕΣ ΛΤΔ,Ε003256/2021,10/12/2021,09/12/2026,5000,-,-,ΑΠΕ,Φωτοβολταϊκό Σύστημα,,Κατασκευής Σταθμού Παραγωγής Ηλεκτρισμού,Εμπορική Χρήση,Λευκωσία,Άγιος Ιωάννης
ΑΗΚ - ΙΑΚ ΑΧΕΡΑ ΑΝΑΝΕΩΣΙΜΕΣ ΛΤΔ,Ε003255/2021,10/12/2021,09/12/2026,5000,-,-,ΑΠΕ,Φωτοβολταϊκό Σύστημα,,Κατασκευής Σταθμού Παραγωγής Ηλεκτρισμού,Εμπορική Χρήση,Λευκωσία,Άγιος Ιωάννης
ΑΗΚ - ΙΑΚ ΑΧΕΡΑ ΑΝΑΝΕΩΣΙΜΕΣ ΛΤΔ,Ε003254/2021,10/12/2021,09/12/2026,5000,-,-,ΑΠΕ,Φωτοβολταϊκό Σύστημα,,Κατασκευής Σταθμού Παραγωγής Ηλεκτρισμού,Εμπορική Χρήση,Λευκωσία,Άγιος Ιωάννης
ΦΥΣΙΚΟ ΠΡΟΣΩΠΟ,Ε003253/2021,06/12/2021,05/12/2051,150,-,-,ΑΠΕ,Φωτοβολταϊκό Σύστημα,,Λειτουργίας Σταθμού Παραγωγής Ηλεκτρισμού,Εμπορική Χρήση,Πάφος,Δρούσεια
ΦΥΣΙΚΟ ΠΡΟΣΩΠΟ,Ε003252/2021,06/12/2021,05/12/2051,100,-,-,ΑΠΕ,Φωτοβολταϊκό Σύστημα,,Λειτουργίας Σταθμού Παραγωγής Ηλεκτρισμού,Εμπορική Χρήση,Αμμόχωστος,Δρούσεια
G.C. (ASKAS) FARM LTD,Ε003251/2021,26/11/2021,25/11/2051,19.98,-,-,ΑΠΕ,Φωτοβολταϊκό Σύστημα,,Λειτουργίας Σταθμού Παραγωγής Ηλεκτρισμού,Αυτοπαραγωγή/Net-Billing,Λευκωσία,Παλαιχώρι
Κ.Π. ΜΕΣΑΟΡΙΑ ΦΑΡΜΑ ΛΤΔ,Ε003250/2021,26/11/2021,25/11/2051,20,-,-,ΑΠΕ,Φωτοβολταϊκό Σύστημα,,Λειτουργίας Σταθμού Παραγωγής Ηλεκτρισμού,Αυτοπαραγωγή/Net-Billing,Λεμεσός,Επισκοπή
APOLLONIA STUDENTS HALLS LTD,Ε003249/2021,26/11/2021,25/11/2051,29.76,-,-,ΑΠΕ,Φωτοβολταϊκό Σύστημα,,Λειτουργίας Σταθμού Παραγωγής Ηλεκτρισμού,Αυτοπαραγωγή/Net-Billing,Λεμεσός,Ενορία Αγίου Γεωργίου
BP SOLAR POWER ENERGY LTD,Ε003241/2021,26/11/2021,25/11/2026,900,-,-,ΑΠΕ,Φωτοβολταϊκό Σύστημα,,Κατασκευής Σταθμού Παραγωγής Ηλεκτρισμού,Εμπορική Χρήση,Λάρνακα,Τερσεφάνου
BIOLAND PROJECT 73 LTD,Ε003240/2021,26/11/2021,25/11/2026,1110,-,-,ΑΠΕ,Φωτοβολταϊκό Σύστημα,,Κατασκευής Σταθμού Παραγωγής Ηλεκτρισμού,Εμπορική Χρήση,Λεμεσός,Πάχνα
BIOLAND PROJECT 86 LTD,Ε003239/2021,26/11/2021,25/11/2026,1250,-,-,ΑΠΕ,Φωτοβολταϊκό Σύστημα,,Κατασκευής Σταθμού Παραγωγής Ηλεκτρισμού,Εμπορική Χρήση,Λάρνακα,Χοιροκοιτία
BP-S 104 LTD,Ε003238/2021,26/11/2021,25/11/2026,2000,-,-,ΑΠΕ,Φωτοβολταϊκό Σύστημα,,Κατασκευής Σταθμού Παραγωγής Ηλεκτρισμού,Εμπορική Χρήση,Πάφος,Φιλούσα
 BIOLAND PROJECT 32 LTD,Ε003237/2021,26/11/2021,25/11/2026,1300,-,-,ΑΠΕ,Φωτοβολταϊκό Σύστημα,,Κατασκευής Σταθμού Παραγωγής Ηλεκτρισμού,Εμπορική Χρήση,Λάρνακα,Χοιροκοιτία
ΤΟ ΦΘΗΝΟ ΚΑΛΑΘΙ ΛΤΔ,Ε003236/2021,23/11/2021,23/11/2051,20,-,-,ΑΠΕ,Φωτοβολταϊκό Σύστημα,,Λειτουργίας Σταθμού Παραγωγής Ηλεκτρισμού,Αυτοπαραγωγή/Net-Billing,Λάρνακα,Αραδίππου
ΦΥΣΙΚΟ ΠΡΟΣΩΠΟ,Ε003235/2021,16/11/2021,15/11/2051,150,-,-,ΑΠΕ,Φωτοβολταϊκό Σύστημα,,Λειτουργίας Σταθμού Παραγωγής Ηλεκτρισμού,Εμπορική Χρήση,Πάφος,Κρήτου Τέρα
BIOLAND PROJECT 57 LTD,Ε003234/2021,16/11/2021,15/11/2026,1200,-,-,ΑΠΕ,Φωτοβολταϊκό Σύστημα,,Κατασκευής Σταθμού Παραγωγής Ηλεκτρισμού,Εμπορική Χρήση,Λάρνακα,Αθηένου
BIOLAND PROJECT 83 LTD,Ε003233/2021,16/11/2021,15/11/2026,600,-,-,ΑΠΕ,Φωτοβολταϊκό Σύστημα,,Κατασκευής Σταθμού Παραγωγής Ηλεκτρισμού,Εμπορική Χρήση,Λάρνακα,Τρούλλοι
BIOLAND PROJECT 72 LTD,Ε003232/2021,16/11/2021,15/11/2026,1000,1000,4000,ΑΠΕ,Φωτοβολταϊκό Σύστημα,,Κατασκευής Σταθμού Παραγωγής Ηλεκτρισμού,Εμπορική Χρήση,Λευκωσία,Ποτάμι
I.V EDUCATIONAL MANAGEMENT SERVICES LTD,Ε003230/2021,12/11/2021,11/11/2051,19.88,-,-,ΑΠΕ,Φωτοβολταϊκό Σύστημα,,Λειτουργίας Σταθμού Παραγωγής Ηλεκτρισμού,Αυτοπαραγωγή/Net-Billing,Πάφος,Αναβαργός
TERRA SANTA COLLEGE,Ε003229/2021,12/11/2021,11/11/2051,124.89,-,-,ΑΠΕ,Φωτοβολταϊκό Σύστημα,,Λειτουργίας Σταθμού Παραγωγής Ηλεκτρισμού,Αυτοπαραγωγή/Net-Billing,Λευκωσία,Στρόβολος
OLYMPIC SUPERMARKET LTD,Ε003228/2021,12/11/2021,11/11/2051,42.5,-,-,ΑΠΕ,Φωτοβολταϊκό Σύστημα,,Λειτουργίας Σταθμού Παραγωγής Ηλεκτρισμού,Αυτοπαραγωγή/Net-Billing,Λευκωσία,Γέρι
JUMBO TRADING LTD,Ε003227/2021,09/11/2021,08/11/2051,470.73,-,-,ΑΠΕ,Φωτοβολταϊκό Σύστημα,,Λειτουργίας Σταθμού Παραγωγής Ηλεκτρισμού,Αυτοπαραγωγή/Net-Billing,Λεμεσός,Άγιος Αθανάσιος
ΦΑΡΜΑΚΕΙΑ ΠΑΝΑΓΙΩΤΗ Γ. ΛΟΙΖΟΥ ΛΤΔ,Ε003226/2021,09/11/2021,08/11/2051,32.2,-,-,ΑΠΕ,Φωτοβολταϊκό Σύστημα,,Λειτουργίας Σταθμού Παραγωγής Ηλεκτρισμού,Αυτοπαραγωγή/Net-Billing,Αμμόχωστος,Παραλίμνι
Χ.Α. ΠΑΠΑΕΛΛΗΝΑΣ ΕΜΠΟΡΙΚΗ ΛΤΔ,Ε003225/2021,09/11/2021,08/11/2051,149.93,-,-,ΑΠΕ,Φωτοβολταϊκό Σύστημα,,Λειτουργίας Σταθμού Παραγωγής Ηλεκτρισμού,Αυτοπαραγωγή/Net-Billing,Λευκωσία,Δάλι
ΚΥΠΡΙΑΚΗ ΔΗΜΟΚΡΑΤΙΑ (ΤΜΗΜΑ ΦΟΡΟΛΟΓΙΑΣ),Ε003224/2021,09/11/2021,08/11/2051,19.1,-,-,ΑΠΕ,Φωτοβολταϊκό Σύστημα,,Λειτουργίας Σταθμού Παραγωγής Ηλεκτρισμού,Αυτοπαραγωγή/Net-Billing,Λευκωσία,Στρόβολος
ΑΡΧΗ ΗΛΕΚΤΡΙΣΜΟΥ ΚΥΠΡΟΥ,Ε003215/2021,03/11/2021,02/11/2051,30.6,-,-,ΑΠΕ,Φωτοβολταϊκό Σύστημα,,Λειτουργίας Σταθμού Παραγωγής Ηλεκτρισμού,Αυτοπαραγωγή/Net-Billing,Λάρνακα,Ενορία Αγίου Νικολάου
JUMBO TRADING LTD,Ε003214/2021,03/11/2021,02/11/2051,822.535,-,-,ΑΠΕ,Φωτοβολταϊκό Σύστημα,,Λειτουργίας Σταθμού Παραγωγής Ηλεκτρισμού,Αυτοπαραγωγή/Net-Billing,Λευκωσία,Λακατάμια
L.A. TOP GENETICS LTD,Ε003213/2021,22/10/2021,21/10/2051,80,-,-,ΑΠΕ,Φωτοβολταϊκό Σύστημα,,Λειτουργίας Σταθμού Παραγωγής Ηλεκτρισμού,Αυτοπαραγωγή/Net-Billing,Λευκωσία,Αγία Βαρβάρα
ΦΥΣΙΚΟ ΠΡΟΣΩΠΟ,Ε003212/2021,22/10/2021,21/10/2051,150,-,-,ΑΠΕ,Φωτοβολταϊκό Σύστημα,,Λειτουργίας Σταθμού Παραγωγής Ηλεκτρισμού,Εμπορική Χρήση,Πάφος,Στρουμπί
HAFFNEVE HOLDING LTD,Ε003210/2021,22/10/2021,21/10/2026,4500,-,-,ΑΠΕ,Φωτοβολταϊκό Σύστημα,,Κατασκευής Σταθμού Παραγωγής Ηλεκτρισμού,Εμπορική Χρήση,Λευκωσία,Λατσιά
HAFFNEVE HOLDING LTD,Ε003209/2021,22/10/2021,21/10/2026,3700,-,-,ΑΠΕ,Φωτοβολταϊκό Σύστημα,,Κατασκευής Σταθμού Παραγωγής Ηλεκτρισμού,Εμπορική Χρήση,Λευκωσία,Λατσιά
NEW WAY ENGINEERING LTD,Ε003206/2021,19/10/2021,18/10/2051,150,-,-,ΑΠΕ,Φωτοβολταϊκό Σύστημα,,Λειτουργίας Σταθμού Παραγωγής Ηλεκτρισμού,Εμπορική Χρήση,Πάφος,Δρούσεια
PROGRESSIVE INSURANCE COMPANY LTD,Ε003205/2021,19/10/2021,18/10/2051,19.5,-,-,ΑΠΕ,Φωτοβολταϊκό Σύστημα,,Λειτουργίας Σταθμού Παραγωγής Ηλεκτρισμού,Αυτοπαραγωγή/Net-Billing,Λευκωσία,Λευκωσία
BIOLAND PROJECT 27 LTD,Ε003204/2021,04/10/2021,03/10/2051,500,-,-,ΑΠΕ,Φωτοβολταϊκό Σύστημα,,Λειτουργίας Σταθμού Παραγωγής Ηλεκτρισμού,Εμπορική Χρήση,Λάρνακα,Αθηένου
SOLUTRONIC ENERGY (CY) LTD,Ε003203/2021,04/10/2021,03/10/2051,250,-,-,ΑΠΕ,Φωτοβολταϊκό Σύστημα,,Λειτουργίας Σταθμού Παραγωγής Ηλεκτρισμού,Εμπορική Χρήση,Λεμεσός,Παρεκκλησιά
UNITED NATIONS PEACEKEEPING FORCE IN CYPRUS - UNFICYP,Ε003202/2021,04/10/2021,03/10/2051,250,-,-,ΑΠΕ,Φωτοβολταϊκό Σύστημα,,Λειτουργίας Σταθμού Παραγωγής Ηλεκτρισμού,Αυτοπαραγωγή/Net-Billing,Λευκωσία,Έγκωμη
UNITED NATIONS PEACEKEEPING FORCE IN CYPRUS - UNFICYP,Ε003201/2021,04/10/2021,03/10/2051,160,-,-,ΑΠΕ,Φωτοβολταϊκό Σύστημα,,Λειτουργίας Σταθμού Παραγωγής Ηλεκτρισμού,Αυτοπαραγωγή/Net-Billing,Λευκωσία,Έγκωμη
BLANCHE HOLDINGS LTD,Ε003193/2021,17/09/2021,16/09/2051,124.32,-,-,ΑΠΕ,Φωτοβολταϊκό Σύστημα,,Λειτουργίας Σταθμού Παραγωγής Ηλεκτρισμού,Αυτοπαραγωγή/Net-Billing,Λευκωσία,Στρόβολος
ΑΤΜΟΚΑΘΑΡΙΣΤΗΡΙΟ ΖΑΧΑΡΙΑΣ ΗΡΑΚΛΕΟΥΣ &AMP; ΥΙΟΙ ΛΤΔ,Ε003190/2021,14/09/2021,13/09/2051,60,-,-,ΑΠΕ,Φωτοβολταϊκό Σύστημα,,Λειτουργίας Σταθμού Παραγωγής Ηλεκτρισμού,Αυτοπαραγωγή/Net-Billing,Λάρνακα,Αραδίππου
ΕΘΝΙΚΗ ΑΡΧΗ ΣΤΟΙΧΗΜΑΤΩΝ,Ε003189/2021,14/09/2021,13/09/2033,120,-,-,Συμβατικά Καύσιμα,ΜΕΚ,Ντίζελ,Κατασκευής - Λειτουργίας,Εφεδρεία,Λευκωσία,Ενορία Αγίου Αντωνίου
NIELSEN AUDIENCE MEASUREMENT (CYPRUS) LTD,Ε003188/2021,14/09/2021,13/09/2033,33,-,-,Συμβατικά Καύσιμα,ΜΕΚ,Ντίζελ,Κατασκευής - Λειτουργίας,Εφεδρεία,Λευκωσία,Ενορία Αγίων Ομολογητών
ΣΤΕΓΗ ΓΕΡΟΝΤΩΝ ΑΓΙΟΣ ΒΑΣΙΛΕΙΟΣ ΛΤΔ,Ε003187/2021,14/09/2021,13/09/2033,34,-,-,Συμβατικά Καύσιμα,ΜΕΚ,Ντίζελ,Λειτουργίας Σταθμού Παραγωγής Ηλεκτρισμού,Εφεδρεία,Λευκωσία,Στρόβολος
ΤΡΑΠΕΖΑ ΚΥΠΡΟΥ ΔΗΜΟΣΙΑ ΕΤΑΙΡΕΙΑ ΛΤΔ,Ε003186/2021,14/09/2021,13/09/2033,176,-,-,Συμβατικά Καύσιμα,ΜΕΚ,Ντίζελ,Κατασκευής - Λειτουργίας,Εφεδρεία,Πάφος,Ενορία Αγίου Παύλου
ΤΡΑΠΕΖΑ ΚΥΠΡΟΥ ΔΗΜΟΣΙΑ ΕΤΑΙΡΕΙΑ ΛΤΔ,Ε003185/2021,14/09/2021,13/09/2033,280,-,-,Συμβατικά Καύσιμα,ΜΕΚ,Ντίζελ,Κατασκευής - Λειτουργίας,Εφεδρεία,Πάφος,Ενορία Αγίου Θεοδώρου
ΤΡΑΠΕΖΑ ΚΥΠΡΟΥ ΔΗΜΟΣΙΑ ΕΤΑΙΡΕΙΑ ΛΤΔ,Ε003184/2021,14/09/2021,13/09/2033,360,-,-,Συμβατικά Καύσιμα,ΜΕΚ,Ντίζελ,Κατασκευής - Λειτουργίας,Εφεδρεία,Λεμεσός,Ενορία Αποστόλων Πέτρου και Παύλου
ΤΡΑΠΕΖΑ ΚΥΠΡΟΥ ΔΗΜΟΣΙΑ ΕΤΑΙΡΕΙΑ ΛΤΔ,Ε003183/2021,10/09/2021,09/09/2033,360,-,-,Συμβατικά Καύσιμα,ΜΕΚ,Ντίζελ,Κατασκευής - Λειτουργίας,Εφεδρεία,Λεμεσός,Μέσα Γειτονιά
ΤΡΑΠΕΖΑ ΚΥΠΡΟΥ ΔΗΜΟΣΙΑ ΕΤΑΙΡΕΙΑ ΛΤΔ,Ε003182/2021,10/09/2021,09/09/2033,52,-,-,Συμβατικά Καύσιμα,ΜΕΚ,Ντίζελ,Κατασκευής - Λειτουργίας,Εφεδρεία,Λευκωσία,Λατσιά
ΤΡΑΠΕΖΑ ΚΥΠΡΟΥ ΔΗΜΟΣΙΑ ΕΤΑΙΡΕΙΑ ΛΤΔ,Ε003181/2021,10/09/2021,09/09/2033,220,-,-,Συμβατικά Καύσιμα,ΜΕΚ,Ντίζελ,Κατασκευής - Λειτουργίας,Εφεδρεία,Λευκωσία,Έγκωμη
ΤΡΑΠΕΖΑ ΚΥΠΡΟΥ ΔΗΜΟΣΙΑ ΕΤΑΙΡΕΙΑ ΛΤΔ,Ε003180/2021,10/09/2021,09/09/2033,52,-,-,Συμβατικά Καύσιμα,ΜΕΚ,Ντίζελ,Κατασκευής - Λειτουργίας,Εφεδρεία,Λευκωσία,Έγκωμη
ΤΡΑΠΕΖΑ ΚΥΠΡΟΥ ΔΗΜΟΣΙΑ ΕΤΑΙΡΕΙΑ ΛΤΔ,Ε003179/2021,10/09/2021,09/09/2033,220,-,-,Συμβατικά Καύσιμα,ΜΕΚ,Ντίζελ,Κατασκευής - Λειτουργίας,Εφεδρεία,Πάφος,Ενορία Αγίου Θεοδώρου
ΤΡΑΠΕΖΑ ΚΥΠΡΟΥ ΔΗΜΟΣΙΑ ΕΤΑΙΡΕΙΑ ΛΤΔ,Ε003178/2021,10/09/2021,09/09/2033,520,-,-,Συμβατικά Καύσιμα,ΜΕΚ,Ντίζελ,Κατασκευής - Λειτουργίας,Εφεδρεία,Λευκωσία,Ενορία Φανερωμένης
ΧΡΙΣΤΟΦΟΡΟΥ &AMP; ΚΑΡΑΓΙΑΝΝΗΣ ΛΤΔ,Ε003177/2021,10/09/2021,09/09/2033,33,-,-,Συμβατικά Καύσιμα,ΜΕΚ,Ντίζελ,Κατασκευής - Λειτουργίας,Εφεδρεία,Λευκωσία,Ενορία Αγίου Αντωνίου
CYLIMNARKA EMPORIKI LTD,Ε003176/2021,07/09/2021,06/09/2051,150,-,-,ΑΠΕ,Φωτοβολταϊκό Σύστημα,,Λειτουργίας Σταθμού Παραγωγής Ηλεκτρισμού,Εμπορική Χρήση,Λεμεσός,Τριμίκληνη
SANTIAM INVESTMENT VI LTD,Ε003175/2021,31/08/2021,30/08/2051,1560,-,-,ΑΠΕ,Φωτοβολταϊκό Σύστημα,,Λειτουργίας Σταθμού Παραγωγής Ηλεκτρισμού,Εμπορική Χρήση,Λευκωσία,Άγιος Ιωάννης
SANTIAM INVESTMENT V LTD,Ε003174/2021,31/08/2021,30/08/2051,1920,-,-,ΑΠΕ,Φωτοβολταϊκό Σύστημα,,Λειτουργίας Σταθμού Παραγωγής Ηλεκτρισμού,Εμπορική Χρήση,Λευκωσία,Άγιος Ιωάννης
A.P.S. ATHIENITES LTD,Ε003173/2021,31/08/2021,30/08/2051,25.74,-,-,ΑΠΕ,Φωτοβολταϊκό Σύστημα,,Λειτουργίας Σταθμού Παραγωγής Ηλεκτρισμού,Αυτοπαραγωγή/Net-Billing,Λευκωσία,Στρόβολος
ΚΩΣΤΑΣ Α. ΖΑΧΑΡΙΑ ΛΤΔ,Ε003172/2021,24/08/2021,23/08/2051,150.48,-,-,ΑΠΕ,Φωτοβολταϊκό Σύστημα,,Λειτουργίας Σταθμού Παραγωγής Ηλεκτρισμού,Αυτοπαραγωγή/Net-Billing,Λάρνακα,Κοφίνου
ΚΩΣΤΑΣ Α. ΖΑΧΑΡΙΑ ΛΤΔ,Ε003171/2021,24/08/2021,23/08/2051,149.16,-,-,ΑΠΕ,Φωτοβολταϊκό Σύστημα,,Λειτουργίας Σταθμού Παραγωγής Ηλεκτρισμού,Αυτοπαραγωγή/Net-Billing,Λάρνακα,Κοφίνου
CXALMA QUALITY LTD,Ε003170/2021,13/08/2021,12/08/2051,150,-,-,ΑΠΕ,Φωτοβολταϊκό Σύστημα,,Λειτουργίας Σταθμού Παραγωγής Ηλεκτρισμού,Εμπορική Χρήση,Λευκωσία,Πέρα
NEW WAY ENGINEERING LTD,Ε003169/2021,13/08/2021,12/08/2051,500,-,-,ΑΠΕ,Φωτοβολταϊκό Σύστημα,,Λειτουργίας Σταθμού Παραγωγής Ηλεκτρισμού,Εμπορική Χρήση,Πάφος,Δρούσεια
NEW WAY ENGINEERING LTD,Ε003168/2021,13/08/2021,12/08/2051,150,-,-,ΑΠΕ,Φωτοβολταϊκό Σύστημα,,Λειτουργίας Σταθμού Παραγωγής Ηλεκτρισμού,Εμπορική Χρήση,Πάφος,Ίνεια
ΦΥΣΙΚΟ ΠΡΟΣΩΠΟ,Ε003160/2021,13/08/2021,12/08/2051,19.8,-,-,ΑΠΕ,Φωτοβολταϊκό Σύστημα,,Λειτουργίας Σταθμού Παραγωγής Ηλεκτρισμού,Αυτοπαραγωγή/Net-Billing,Λάρνακα,Ορόκλινη
GIGAWATT GLOBAL (CYPRUS) LTD,Ε003159/2021,13/08/2021,12/08/2051,5000,-,-,ΑΠΕ,Φωτοβολταϊκό Σύστημα,,Λειτουργίας Σταθμού Παραγωγής Ηλεκτρισμού,Εμπορική Χρήση,Λευκωσία,Άγιος Ιωάννης
JPS EUROBAKERS LTD,Ε003158/2021,06/08/2021,05/08/2051,208,-,-,ΑΠΕ,Φωτοβολταϊκό Σύστημα,,Λειτουργίας Σταθμού Παραγωγής Ηλεκτρισμού,Αυτοπαραγωγή/Net-Billing,Αμμόχωστος,Φρέναρος
AGM LIGHTPOWER LTD,Ε003154/2021,03/08/2021,02/08/2026,5000,3000,6000,ΑΠΕ,Φωτοβολταϊκό Σύστημα,,Κατασκευής Σταθμού Παραγωγής Ηλεκτρισμού,Εμπορική Χρήση,Λευκωσία,Κοκκινοτριμιθιά
ZEMCO CONSTRUCTION LTD,Ε003152/2021,03/08/2021,02/08/2033,24,-,-,Συμβατικά Καύσιμα,ΜΕΚ,Ντίζελ,Κατασκευής - Λειτουργίας,Αυτοπαραγωγή,Κινητή Μονάδα,-
ZEMCO CONSTRUCTION LTD,Ε003151/2021,03/08/2021,02/08/2033,26,-,-,Συμβατικά Καύσιμα,ΜΕΚ,Ντίζελ,Κατασκευής - Λειτουργίας,Αυτοπαραγωγή,Κινητή Μονάδα,-
ΛΟΙΖΟΣ ΤΟΦΑΡΗ ΛΤΔ,Ε003150/2021,03/08/2021,02/08/2033,16,-,-,Συμβατικά Καύσιμα,ΜΕΚ,Ντίζελ,Κατασκευής - Λειτουργίας,Αυτοπαραγωγή,Κινητή Μονάδα,-
BIOLAND PROJECT 98 LTD,Ε003148/2021,28/07/2021,27/07/2026,1500,1500,6000,ΑΠΕ,Φωτοβολταϊκό Σύστημα,,Κατασκευής Σταθμού Παραγωγής Ηλεκτρισμού,Εμπορική Χρήση,Λάρνακα,Κιβισίλι
BIOLAND PROJECT 34 LTD,Ε003147/2021,28/07/2021,27/07/2026,1500,-,-,ΑΠΕ,Φωτοβολταϊκό Σύστημα,,Κατασκευής Σταθμού Παραγωγής Ηλεκτρισμού,Εμπορική Χρήση,Λευκωσία,Αγία Βαρβάρα
SOLEK LARNAKA I LTD,Ε003146/2021,28/07/2021,27/07/2026,4170,-,-,ΑΠΕ,Φωτοβολταϊκό Σύστημα,,Κατασκευής Σταθμού Παραγωγής Ηλεκτρισμού,Εμπορική Χρήση,Λάρνακα,Άγιος Θεόδωρος
BIOLAND PROJECT 84 LTD,Ε003144/2021,28/07/2021,27/07/2026,350,-,-,ΑΠΕ,Φωτοβολταϊκό Σύστημα,,Κατασκευής Σταθμού Παραγωγής Ηλεκτρισμού,Εμπορική Χρήση,Αμμόχωστος,Άχνα
ICON TOWER LTD,Ε003143/2021,28/07/2021,27/07/2033,459,-,-,Συμβατικά Καύσιμα,ΜΕΚ,,Κατασκευής - Λειτουργίας,Εφεδρεία,Λεμεσός,-
VOICI LA MODE LTD,Ε003142/2021,28/07/2021,27/07/2033,35,-,-,Συμβατικά Καύσιμα,ΜΕΚ,Ντίζελ,Κατασκευής - Λειτουργίας,Εφεδρεία,Λευκωσία,Λακατάμεια
"IBM ITALIA S.P.A., CYPRUS BRANCH",Ε003141/2021,28/07/2021,27/07/2033,30,-,-,Συμβατικά Καύσιμα,ΜΕΚ,Ντίζελ,Κατασκευής - Λειτουργίας,Εφεδρεία,Λεμεσός,Λεμεσός
ΛΟΙΖΟΣ ΤΟΦΑΡΗ ΛΤΔ,Ε003140/2021,28/07/2021,27/07/2033,32,-,-,Συμβατικά Καύσιμα,ΜΕΚ,Ντίζελ,Κατασκευής - Λειτουργίας,Αυτοπαραγωγή,Κινητή Μονάδα,-
TZIOVANIS CONSTANTINOY HYGIENE SERVICES LTD,Ε003139/2021,28/07/2021,27/07/2033,24,-,-,Συμβατικά Καύσιμα,ΜΕΚ,Ντίζελ,Κατασκευής - Λειτουργίας,Εφεδρεία,Αμμόχωστος,Σωτήρα
BIOLAND PROJECT 22 LTD,Ε003129/2021,28/07/2021,27/07/2051,800,-,-,ΑΠΕ,Φωτοβολταϊκό Σύστημα,,Λειτουργίας Σταθμού Παραγωγής Ηλεκτρισμού,Εμπορική Χρήση,Λάρνακα,Αραδίππου
CKG SUN ENERGY LTD,Ε003128/2021,28/07/2021,27/07/2051,1000,-,-,ΑΠΕ,Φωτοβολταϊκό Σύστημα,,Λειτουργίας Σταθμού Παραγωγής Ηλεκτρισμού,Εμπορική Χρήση,Λάρνακα,Σκαρίνου
ΙΕΡΑ ΜΟΝΗ ΣΥΜΒΟΥΛΟΥ ΧΡΙΣΤΟΥ,Ε003127/2021,20/07/2021,19/07/2051,35.52,-,-,ΑΠΕ,Φωτοβολταϊκό Σύστημα,,Λειτουργίας Σταθμού Παραγωγής Ηλεκτρισμού,Αυτοπαραγωγή/Net-Billing,Λεμεσός,Σωτήρα
ΧΡΥΣΟΔΑΛΙΑ ΒΙΟΜΗΧΑΝΙΑ ΤΡΟΦΙΜΩΝ ΛΤΔ,Ε003126/2021,20/07/2021,19/07/2051,400,-,-,ΑΠΕ,Φωτοβολταϊκό Σύστημα,,Λειτουργίας Σταθμού Παραγωγής Ηλεκτρισμού,Αυτοπαραγωγή/Net-Billing,Λευκωσία,Αστρομερίτης
BIOLAND PROJECT 21 LTD,Ε003124/2021,13/07/2021,12/07/2051,700,-,-,ΑΠΕ,Φωτοβολταϊκό Σύστημα,,Λειτουργίας Σταθμού Παραγωγής Ηλεκτρισμού,Εμπορική Χρήση,Λάρνακα,Κοφίνου
DHL (CYPRUS)  LTD,Ε003123/2021,09/07/2021,08/07/2033,88,-,-,Συμβατικά Καύσιμα,ΜΕΚ,Ντίζελ,Κατασκευής - Λειτουργίας,Εφεδρεία,Λευκωσία,Στρόβολος
DHL (CYPRUS) LTD,Ε003122/2021,09/07/2021,08/07/2033,35.2,-,-,Συμβατικά Καύσιμα,ΜΕΚ,Ντίζελ,Κατασκευής - Λειτουργίας,Εφεδρεία,Λάρνακα,Παλιό αεροδρόμειο
DHL (CYPRUS)  LTD,Ε003121/2021,09/07/2021,08/07/2033,160,-,-,Συμβατικά Καύσιμα,ΜΕΚ,Ντίζελ,Κατασκευής - Λειτουργίας,Εφεδρεία,Λεμεσός,Ύψωνας
ΑΡΧΗ ΨΗΦΙΑΚΗΣ ΑΣΦΑΛΕΙΑΣ,Ε003120/2021,09/07/2021,08/07/2033,36,-,-,Συμβατικά Καύσιμα,ΜΕΚ,Ντίζελ,Κατασκευής - Λειτουργίας,Εφεδρεία,Λευκωσία,Άγιος Ανδρέας
ROYAL ARTEMIS CLINIC PUBLIC COMPANY LTD,Ε003119/2021,09/07/2021,08/07/2033,300,-,-,Συμβατικά Καύσιμα,ΜΕΚ,Ντίζελ,Λειτουργίας Σταθμού Παραγωγής Ηλεκτρισμού,Εφεδρεία,Πάφος,-
REISSWOLF CYPRUS LTD,Ε003118/2021,09/07/2021,08/07/2033,35.2,-,-,Συμβατικά Καύσιμα,ΜΕΚ,Ντίζελ,Κατασκευής - Λειτουργίας,Εφεδρεία,Λάρνακα,Αραδίππου
ALOSTON TRADING LTD,Ε003117/2021,09/07/2021,08/07/2033,16,-,-,Συμβατικά Καύσιμα,ΜΕΚ,Ντίζελ,Κατασκευής - Λειτουργίας,Εφεδρεία,Λεμεσός,Μαθηκολώνη
H.M. HOUSEMARKET (CYPRUS) LTD,Ε003116/2021,09/07/2021,08/07/2051,640,-,-,ΑΠΕ,Φωτοβολταϊκό Σύστημα,,Λειτουργίας Σταθμού Παραγωγής Ηλεκτρισμού,Αυτοπαραγωγή/Net-Billing,Λευκωσία,Στρόβολος
LIDL CYPRUS,Ε003115/2021,09/07/2021,08/07/2051,140.08,-,-,ΑΠΕ,Φωτοβολταϊκό Σύστημα,,Λειτουργίας Σταθμού Παραγωγής Ηλεκτρισμού,Αυτοπαραγωγή/Net-Billing,Πάφος,-
NICOLAIDES &AMP; KOUNTOURIS METAL COMPANY LTD,Ε003114/2021,09/07/2021,08/07/2051,100.74,-,-,ΑΠΕ,Φωτοβολταϊκό Σύστημα,,Λειτουργίας Σταθμού Παραγωγής Ηλεκτρισμού,Αυτοπαραγωγή/Net-Billing,Λευκωσία,Γέρι
CYPV SUNRISING ENERGY LTD,Ε003113/2021,09/07/2021,08/07/2051,3000,-,-,ΑΠΕ,Φωτοβολταϊκό Σύστημα,,Λειτουργίας Σταθμού Παραγωγής Ηλεκτρισμού,Εμπορική Χρήση,Λευκωσία,Άγιος Ιωάννης
E.P. INVESTMENTS LTD,Ε003112/2021,05/07/2021,04/07/2051,80.76,-,-,ΑΠΕ,Φωτοβολταϊκό Σύστημα,,Λειτουργίας Σταθμού Παραγωγής Ηλεκτρισμού,Αυτοπαραγωγή/Net-Billing,Αμμόχωστος,Παραλίμνι
GIGAWATT GLOBAL (CYPRUS) LTD,Ε003111/2021,30/06/2021,29/06/2051,5000,-,-,ΑΠΕ,Φωτοβολταϊκό Σύστημα,,Λειτουργίας Σταθμού Παραγωγής Ηλεκτρισμού,Εμπορική Χρήση,Λευκωσία,Άγιος Ιωάννης
ΦΥΣΙΚΟ ΠΡΟΣΩΠΟ,Ε003110/2021,29/06/2021,28/06/2051,100,-,-,ΑΠΕ,Φωτοβολταϊκό Σύστημα,,Λειτουργίας Σταθμού Παραγωγής Ηλεκτρισμού,Εμπορική Χρήση,Πάφος,Μέσα Χωριό
CYPV SUN POWER LTD,Ε003103/2021,23/06/2021,22/06/2051,820,-,-,ΑΠΕ,Φωτοβολταϊκό Σύστημα,,Λειτουργίας Σταθμού Παραγωγής Ηλεκτρισμού,Εμπορική Χρήση,Αμμόχωστος,Φρέναρος
BIOLAND PROJECT 82 LTD,Ε003100/2021,18/06/2021,17/06/2026,1000,-,-,ΑΠΕ,Φωτοβολταϊκό Σύστημα,,Κατασκευής Σταθμού Παραγωγής Ηλεκτρισμού,Εμπορική Χρήση,Αμμόχωστος,Άχνα
BIOLAND PROJECT 82 LTD,Ε003099/2021,18/06/2021,17/06/2026,1000,-,-,ΑΠΕ,Φωτοβολταϊκό Σύστημα,,Κατασκευής Σταθμού Παραγωγής Ηλεκτρισμού,Εμπορική Χρήση,Αμμόχωστος,Άχνα
TH. SOULIS ENERGY LTD,Ε003098/2021,15/06/2021,14/06/2051,752.4,-,-,ΑΠΕ,Φωτοβολταϊκό Σύστημα,,Λειτουργίας Σταθμού Παραγωγής Ηλεκτρισμού,Εμπορική Χρήση,Λάρνακα,Καλό Χωριό
ΣΥΜΒΟΥΛΙΟ ΑΠΟΧΕΤΕΥΣΕΩΝ ΛΑΡΝΑΚΑΣ,Ε003097/2021,11/06/2021,10/06/2033,664.75,-,-,Συμβατικά Καύσιμα,ΜΕΚ,Ντίζελ,Κατασκευής - Λειτουργίας,Εφεδρεία,Λάρνακα,Λάρνακα
ΙΕΡΑ ΑΡΧΙΕΠΙΣΚΟΠΗ ΚΥΠΡΟΥ ,Ε003096/2021,11/06/2021,10/06/2033,440,-,-,Συμβατικά Καύσιμα,ΜΕΚ,Ντίζελ,Κατασκευής - Λειτουργίας,Εφεδρεία,Λευκωσία,Ενορία Αγίου Ιωάννη
Π.Σ. ΚΤΗΜΑ ΕΡΩΤΟΚΡΙΤΟΣ ΛΤΔ,Ε003095/2021,11/06/2021,10/06/2033,120,-,-,Συμβατικά Καύσιμα,ΜΕΚ,Ντίζελ,Κατασκευής - Λειτουργίας,Εφεδρεία,Λάρνακα,Χοιροκιτία
ΚΛΕΑΝΘΕΙΟΣ ΚΟΙΝΟΤΙΚΗΣ ΣΤΕΓΗΣ ΗΛΙΚΙΩΜΕΝΩΝ ΑΘΗΕΝΟΥ,Ε003094/2021,11/06/2021,10/06/2033,132,-,-,Συμβατικά Καύσιμα,ΜΕΚ,Ντίζελ,Κατασκευής - Λειτουργίας,Εφεδρεία,Λάρνακα,Αθηένου
GRAND BHTA STORES LTD,Ε003093/2021,11/06/2021,10/06/2033,53,-,-,Συμβατικά Καύσιμα,ΜΕΚ,Ντίζελ,Κατασκευής - Λειτουργίας,Εφεδρεία,Λεμεσός,Κολόσσι
ΔΗΜΟΣ ΠΑΦΟΥ,Ε003092/2021,11/06/2021,10/06/2033,150,-,-,Συμβατικά Καύσιμα,ΜΕΚ,Ντίζελ,Κατασκευής - Λειτουργίας,Εφεδρεία,Πάφος,Ενορία Άγιος Παύλος
ΥΠΟΥΡΓΕΙΟ ΟΙΚΟΝΟΜΙΚΩΝ,Ε003091/2021,11/06/2021,10/06/2051,53.46,-,-,ΑΠΕ,Φωτοβολταϊκό Σύστημα,,Λειτουργίας Σταθμού Παραγωγής Ηλεκτρισμού,Αυτοπαραγωγή/Net-Billing,Πάφος,-
ΥΠΟΥΡΓΕΙΟ ΟΙΚΟΝΟΜΙΚΩΝ,Ε003090/2021,11/06/2021,10/06/2051,53.46,-,-,ΑΠΕ,Φωτοβολταϊκό Σύστημα,,Λειτουργίας Σταθμού Παραγωγής Ηλεκτρισμού,Αυτοπαραγωγή/Net-Billing,Πάφος,Πάφος
 ΓΙΑΝΝΑΚΗΣ ΟΛΥΜΠΙΟΣ ΚΑΙ ΥΙΟΙ ΛΤΔ,Ε003089/2021,11/06/2021,10/06/2051,19.75,-,-,ΑΠΕ,Φωτοβολταϊκό Σύστημα,,Λειτουργίας Σταθμού Παραγωγής Ηλεκτρισμού,Αυτοπαραγωγή/Net-Billing,Λευκωσία,Λύμπια
ATLASPANTOU CO LTD,Ε003088/2021,04/06/2021,03/06/2051,50,-,-,ΑΠΕ,Φωτοβολταϊκό Σύστημα,,Λειτουργίας Σταθμού Παραγωγής Ηλεκτρισμού,Αυτοπαραγωγή/Net-Billing,Λεμεσός,Πολεμίδια
DHL (CYPRUS) LTD,Ε003086/2021,04/06/2021,03/06/2051,90.97,-,-,ΑΠΕ,Φωτοβολταϊκό Σύστημα,,Λειτουργίας Σταθμού Παραγωγής Ηλεκτρισμού,Αυτοπαραγωγή/Net-Billing,Λεμεσός,Ύψωνας
S.S.H. SOLAR ENERGY LTD,Ε003085/2021,04/06/2021,03/06/2051,393,-,-,ΑΠΕ,Φωτοβολταϊκό Σύστημα,,Λειτουργίας Σταθμού Παραγωγής Ηλεκτρισμού,Εμπορική Χρήση,Λευκωσία,Αγλαντζιά
D.I. BAKEART LTD,Ε003084/2021,28/05/2021,27/05/2051,149.6,-,-,ΑΠΕ,Φωτοβολταϊκό Σύστημα,,Λειτουργίας Σταθμού Παραγωγής Ηλεκτρισμού,Αυτοπαραγωγή/Net-Billing,Αμμόχωστος,Φρέναρος
HAFFNEVE HOLDING LTD,Ε003083/2021,26/05/2021,25/05/2051,3000,-,-,ΑΠΕ,Φωτοβολταϊκό Σύστημα,,Λειτουργίας Σταθμού Παραγωγής Ηλεκτρισμού,Εμπορική Χρήση,Λευκωσία,Μαργί
Y.K. MEGA PLAST LTD,Ε003082/2021,21/05/2021,20/05/2051,120,-,-,ΑΠΕ,Φωτοβολταϊκό Σύστημα,,Λειτουργίας Σταθμού Παραγωγής Ηλεκτρισμού,Αυτοπαραγωγή/Net-Billing,Αμμόχωστος,Φρέναρος
ΦΥΣΙΚΟ ΠΡΟΣΩΠΟ,Ε003074/2021,18/05/2021,17/05/2051,19.53,-,-,ΑΠΕ,Φωτοβολταϊκό Σύστημα,,Λειτουργίας Σταθμού Παραγωγής Ηλεκτρισμού,Αυτοπαραγωγή/Net-Billing,Λεμεσός,Ασγάτα
BIOLAND PROJECT 75 LTD,Ε003073/2021,14/05/2021,13/05/2026,3500,-,-,ΑΠΕ,Φωτοβολταϊκό Σύστημα,,Κατασκευής Σταθμού Παραγωγής Ηλεκτρισμού,Εμπορική Χρήση,Λάρνακα,Πύλα
AGM LIGHTPOWER LTD,Ε003072/2021,14/05/2021,13/05/2026,5000,3000,6000,ΑΠΕ,Φωτοβολταϊκό Σύστημα,,Κατασκευής Σταθμού Παραγωγής Ηλεκτρισμού,Εμπορική Χρήση,Αμμόχωστος,Παραλίμνι
A &AMP; I ANDRONICOU INV. &AMP; DEV.LTD ,Ε003068/2021,07/05/2021,06/05/2033,35,-,-,Συμβατικά Καύσιμα,ΜΕΚ,Ντίζελ,Κατασκευής - Λειτουργίας,Εφεδρεία,Λεμεσός,Μέσα Γειτονιά
MOONLAND PROPERTIES LTD,Ε003067/2021,07/05/2021,06/05/2033,65,-,-,Συμβατικά Καύσιμα,ΜΕΚ,Ντίζελ,Κατασκευής - Λειτουργίας,Εφεδρεία,Λευκωσία,Έγκωμη
R.A HALLS SOCIETY LTD ,Ε003066/2021,07/05/2021,06/05/2033,12,-,-,Συμβατικά Καύσιμα,ΜΕΚ,Ντίζελ,Κατασκευής - Λειτουργίας,Εφεδρεία,Λευκωσία,Στρόβολος
ROTOS BUILDING SOCIETY LTD,Ε003065/2021,07/05/2021,06/05/2033,12,-,-,Συμβατικά Καύσιμα,ΜΕΚ,Ντίζελ,Κατασκευής - Λειτουργίας,Εφεδρεία,Λευκωσία,Έγκωμη
THE HERITAGE (PRIVATE SCHOOL) LTD,Ε003064/2021,07/05/2021,06/05/2033,320,-,-,Συμβατικά Καύσιμα,ΜΕΚ,Ντίζελ,Κατασκευής - Λειτουργίας,Εφεδρεία,Λεμεσός,Παλώδεια
ΥΠΕΡΑΓΟΡΑ ΧΑΤΖΗΧΡΙΣΤΟΦΗΣ (ΑΘΗΑΙΝΙΤΗΣ) ΛΤΔ,Ε003063/2021,07/05/2021,06/05/2033,368,-,-,Συμβατικά Καύσιμα,ΜΕΚ,Ντίζελ,Κατασκευής - Λειτουργίας,Εφεδρεία,Λευκωσία,Λακατάμεια
EUROFREIGHT LOGISTICS LTD,Ε003062/2021,07/05/2021,06/05/2033,144,-,-,Συμβατικά Καύσιμα,ΜΕΚ,Ντίζελ,Κατασκευής - Λειτουργίας,Εφεδρεία,Λάρνακα,Αραδίππου
EUROFREIGHT LOGISTICS LTD,Ε003061/2021,07/05/2021,06/05/2033,100,-,-,Συμβατικά Καύσιμα,ΜΕΚ,Ντίζελ,Κατασκευής - Λειτουργίας,Εφεδρεία,Λάρνακα,Αραδίππου
ΑΝΩΤΑΤΟ ΔΙΚΑΣΤΗΡΙΟ ΚΥΠΡΟΥ,Ε003060/2021,07/05/2021,06/05/2033,100,-,-,Συμβατικά Καύσιμα,ΜΕΚ,Ντίζελ,Κατασκευής - Λειτουργίας,Εφεδρεία,Λευκωσία,-
ZUDOLEX CYPRUS LTD,Ε003059/2021,07/05/2021,06/05/2033,160,-,-,Συμβατικά Καύσιμα,ΜΕΚ,Ντίζελ,Κατασκευής - Λειτουργίας,Εφεδρεία,Λάρνακα,Λάρνακα
ZUDOLEX CYPRUS LTD,Ε003058/2021,07/05/2021,06/05/2033,425,-,-,Συμβατικά Καύσιμα,ΜΕΚ,Ντίζελ,Κατασκευής - Λειτουργίας,Εφεδρεία,Λάρνακα,Λάρνακα
STELSOLMAR LTD,Ε003057/2021,27/04/2021,26/04/2051,150,-,-,ΑΠΕ,Φωτοβολταϊκό Σύστημα,,Λειτουργίας Σταθμού Παραγωγής Ηλεκτρισμού,Εμπορική Χρήση,Λεμεσός,Ανώγυρα
ΙΕΡΑ ΜΟΝΗ ΑΓΙΟΥ ΓΕΩΡΓΙΟΥ ΑΛΑΜΑΝΟΥ,Ε003055/2021,27/04/2021,26/04/2051,40,-,-,ΑΠΕ,Φωτοβολταϊκό Σύστημα,,Λειτουργίας Σταθμού Παραγωγής Ηλεκτρισμού,Αυτοπαραγωγή/Net-Billing,Λεμεσός,Μοναγρούλι
ΜΕΦΑΛ ΔΗΜΟΣΙΑ ΛΤΔ,Ε003054/2021,27/04/2021,26/04/2051,100,-,-,ΑΠΕ,Φωτοβολταϊκό Σύστημα,,Λειτουργίας Σταθμού Παραγωγής Ηλεκτρισμού,Αυτοπαραγωγή/Net-Billing,Λάρνακα,Καλό χωριό
BIOLAND PROJECT 79 LTD,Ε003051/2021,16/04/2021,15/04/2026,650,650,2600,ΑΠΕ,Φωτοβολταϊκό Σύστημα,,Κατασκευής Σταθμού Παραγωγής Ηλεκτρισμού,Εμπορική Χρήση,Λευκωσία,Ψημολόφου
BIOLAND PROJECT 73 LTD,Ε003050/2021,16/04/2021,15/04/2026,2000,2000,8000,ΑΠΕ,Φωτοβολταϊκό Σύστημα,,Κατασκευής Σταθμού Παραγωγής Ηλεκτρισμού,Εμπορική Χρήση,Λευκωσία,Ορούντα
Μ.Π. ΘΕΟΔΩΡΟΥ (ΒΙΟΜΗΧΑΝΙΑ ΑΛΑΤΟΣ) &AMP; ΣΙΑ ΛΤΔ,Ε003049/2021,13/04/2021,12/04/2051,99.4,-,-,ΑΠΕ,Φωτοβολταϊκό Σύστημα,,Λειτουργίας Σταθμού Παραγωγής Ηλεκτρισμού,Αυτοπαραγωγή/Net-Billing,Λάρνακα,Αραδίππου
PETROU BROS DAIRY PRODUCTS LTD,Ε003048/2021,13/04/2021,12/04/2051,401.15,-,-,ΑΠΕ,Φωτοβολταϊκό Σύστημα,,Λειτουργίας Σταθμού Παραγωγής Ηλεκτρισμού,Αυτοπαραγωγή/Net-Billing,Λάρνακα,Αραδίππου
AGM LIGHTPOWER LTD,Ε003047/2021,09/04/2021,08/04/2026,5000,3000,6000,ΑΠΕ,Φωτοβολταϊκό Σύστημα,,Κατασκευής Σταθμού Παραγωγής Ηλεκτρισμού,Εμπορική Χρήση,Λευκωσία,Κοκκινοτριμιθιά
BIOLAND PROJECT 75 LTD,Ε003045/2021,09/04/2021,08/04/2026,900,-,-,ΑΠΕ,Φωτοβολταϊκό Σύστημα,,Κατασκευής Σταθμού Παραγωγής Ηλεκτρισμού,Εμπορική Χρήση,Λάρνακα,Αλεθρικό
BIOLAND PROJECT 80 LTD,Ε003044/2021,09/04/2021,08/04/2026,2000,-,-,ΑΠΕ,Φωτοβολταϊκό Σύστημα,,Κατασκευής Σταθμού Παραγωγής Ηλεκτρισμού,Εμπορική Χρήση,Λάρνακα,Τρούλλοι
BIOLAND PROJECT 33 LTD,Ε003043/2021,09/04/2021,08/04/2026,900,-,-,ΑΠΕ,Φωτοβολταϊκό Σύστημα,,Κατασκευής Σταθμού Παραγωγής Ηλεκτρισμού,Εμπορική Χρήση,Λάρνακα,Τερσεφάνου
AGE CARE (CYPRUS) LTD,Ε003042/2021,06/04/2021,05/04/2033,132,-,-,Συμβατικά Καύσιμα,ΜΕΚ,Ντίζελ,Κατασκευής - Λειτουργίας,Εφεδρεία,Λευκωσία,Λατσιά
C&AMP;S AMERICAN HEART INSTITUTE LIMITED,Ε003041/2021,06/04/2021,05/04/2033,36,-,-,Συμβατικά Καύσιμα,ΜΕΚ,Ντίζελ,Κατασκευής - Λειτουργίας,Εφεδρεία,Λεμεσός,Λεμεσός
SOYAMILLS CYPRUS LTD,Ε003040/2021,06/04/2021,05/04/2033,80,-,-,Συμβατικά Καύσιμα,ΜΕΚ,Ντίζελ,Κατασκευής - Λειτουργίας,Εφεδρεία,Λάρνακα,Αραδίππου
 PRICEWATERHOUSECOOPERS LTD,Ε003039/2021,06/04/2021,05/04/2033,200,-,-,Συμβατικά Καύσιμα,ΜΕΚ,Ντίζελ,Κατασκευής - Λειτουργίας,Εφεδρεία,Λεμεσός,Ενορία Αγίας Τριάδας
CRUSADER HOTEL RESORT LTD,Ε003038/2021,06/04/2021,05/04/2051,19.95,-,-,ΑΠΕ,Φωτοβολταϊκό Σύστημα,,Λειτουργίας Σταθμού Παραγωγής Ηλεκτρισμού,Αυτοπαραγωγή/Net-Billing,Λεμεσός,Γερμασόγεια
ΣΤΑΝΗ ΙΑΚΩΒΟΥ ΚΑΙ ΥΙΟΙ ΛΤΔ,Ε003032/2021,02/04/2021,01/04/2051,34.17,-,-,ΑΠΕ,Φωτοβολταϊκό Σύστημα,,Λειτουργίας Σταθμού Παραγωγής Ηλεκτρισμού,Αυτοπαραγωγή/Net-Billing,Λάρνακα,Κιβισίλι
ΠΑΡΑΔΟΣΙΑΚΑ ΠΡΟΙΟΝΤΑ ΑΦΧ (ΚΑΤΣΟΥΡΑΣ) ΛΤΔ,Ε003031/2021,02/04/2021,01/04/2051,31.95,-,-,ΑΠΕ,Φωτοβολταϊκό Σύστημα,,Λειτουργίας Σταθμού Παραγωγής Ηλεκτρισμού,Αυτοπαραγωγή/Net-Billing,Πάφος,Γαλαταριά
NICOSIA MALL PROPERTY (NMP) LTD,Ε003024/2021,30/03/2021,29/03/2033,817.6,-,-,Συμβατικά Καύσιμα,ΜΕΚ,Ντίζελ,Κατασκευής - Λειτουργίας,Εφεδρεία,Λευκωσία,Λακατάμεια
ΚΥΠΡΙΑΚΗ ΔΗΜΟΚΡΑΤΙΑ (ΠΥΡΟΣΒΕΣΤΙΚΟΣ ΣΤΑΘΜΟΣ ΜΑΡΙ),Ε003023/2021,30/03/2021,29/03/2033,160,-,-,Συμβατικά Καύσιμα,ΜΕΚ,Ντίζελ,Κατασκευής - Λειτουργίας,Εφεδρεία,Λάρνακα,Μαρί
ALION VEGETABLE AND FRUIT CO LTD,Ε003022/2021,30/03/2021,29/03/2033,256,-,-,Συμβατικά Καύσιμα,ΜΕΚ,Ντίζελ,Κατασκευής - Λειτουργίας,Εφεδρεία,Λευκωσία,Πέρα Χωριό
ΛΟΙΖΟΣ ΤΟΦΑΡΗ ΛΤΔ,Ε003021/2021,30/03/2021,29/03/2033,17.6,-,-,Συμβατικά Καύσιμα,ΜΕΚ,Ντίζελ,Κατασκευής - Λειτουργίας,Αυτοπαραγωγή,Κινητή Μονάδα,-
ΛΟΙΖΟΣ ΤΟΦΑΡΗ ΛΤΔ,Ε003020/2021,30/03/2021,29/03/2033,17.6,-,-,Συμβατικά Καύσιμα,ΜΕΚ,Ντίζελ,Κατασκευής - Λειτουργίας,Αυτοπαραγωγή,Κινητή Μονάδα,-
PIPIS HOTELS LTD (ALASIA HOTEL),Ε003018/2021,30/03/2021,29/03/2033,120,-,-,Συμβατικά Καύσιμα,ΜΕΚ,Ντίζελ,Λειτουργίας Σταθμού Παραγωγής Ηλεκτρισμού,Εφεδρεία,Λεμεσός,Ενορία Καθολικής
UNIVERSAL LIFE INSURANCE PUBLIC COMPANY LTD,Ε003016/2021,30/03/2021,29/03/2033,132,-,-,Συμβατικά Καύσιμα,ΜΕΚ,Ντίζελ,Κατασκευής - Λειτουργίας,Εφεδρεία,Λευκωσία,Ενορία Αγίου Αντωνίου
PARKLANE HOTELS LTD,Ε003015/2021,30/03/2021,29/03/2033,160,-,-,Συμβατικά Καύσιμα,ΜΕΚ,,Κατασκευής - Λειτουργίας,Εφεδρεία,Λεμεσός,Πύργος
ΠΥΡΟΣΒΕΣΤΙΚΗ ΥΠΗΡΕΣΙΑ ΚΥΠΡΟΥ,Ε003014/2021,30/03/2021,29/03/2033,120,-,-,Συμβατικά Καύσιμα,ΜΕΚ,Ντίζελ,Κατασκευής - Λειτουργίας,Εφεδρεία,Λεμεσός,Ενορία Αγίου Ιωάννη
KOSTAS PARPAS &AMP; SONS LTD,Ε003013/2021,30/03/2021,29/03/2033,48,-,-,Συμβατικά Καύσιμα,ΜΕΚ,Ντίζελ,Κατασκευής - Λειτουργίας,Εφεδρεία,Λάρνακα,Αθηένου
CYPV SUN POWER LTD,Ε003012/2021,26/03/2021,25/03/2051,3000,-,-,ΑΠΕ,Φωτοβολταϊκό Σύστημα,,Λειτουργίας Σταθμού Παραγωγής Ηλεκτρισμού,Εμπορική Χρήση,Λευκωσία,Τσέρι
BIOLAND PROJECT 81 LTD,Ε003011/2021,23/03/2021,22/03/2026,2000,-,-,ΑΠΕ,Φωτοβολταϊκό Σύστημα,,Κατασκευής Σταθμού Παραγωγής Ηλεκτρισμού,Εμπορική Χρήση,Λάρνακα,Τρούλλοι
BIOLAND PROJECT 73 LTD,Ε003010/2021,23/03/2021,22/03/2026,1500,-,-,ΑΠΕ,Φωτοβολταϊκό Σύστημα,,Κατασκευής Σταθμού Παραγωγής Ηλεκτρισμού,Εμπορική Χρήση,Λεμεσός,Ανώγυρα
BP-S 101 LTD ,Ε003009/2021,23/03/2021,22/03/2026,950,-,-,ΑΠΕ,Φωτοβολταϊκό Σύστημα,,Κατασκευής Σταθμού Παραγωγής Ηλεκτρισμού,Εμπορική Χρήση,Λάρνακα,Τρούλλοι
SUNREA ENERGY LTD,Ε003008/2021,23/03/2021,22/03/2026,3300,-,-,ΑΠΕ,Φωτοβολταϊκό Σύστημα,,Κατασκευής Σταθμού Παραγωγής Ηλεκτρισμού,Εμπορική Χρήση,Αμμόχωστος,Αγία Νάπα
KLIRCO FURNISHINGS LTD,Ε003007/2021,23/03/2021,22/03/2051,19.765,-,-,ΑΠΕ,Φωτοβολταϊκό Σύστημα,,Λειτουργίας Σταθμού Παραγωγής Ηλεκτρισμού,Αυτοπαραγωγή/Net-Billing,Λευκωσία,Εργάτες
 ΑΡΧΗ ΗΛΕΚΤΡΙΣΜΟΥ ΚΥΠΡΟΥ,Ε003006/2021,23/03/2021,22/03/2051,424.39,-,-,ΑΠΕ,Φωτοβολταϊκό Σύστημα,,Λειτουργίας Σταθμού Παραγωγής Ηλεκτρισμού,Αυτοπαραγωγή/Net-Billing,Λευκωσία,Στρόβολος
 ΜΙΧΑΗΛ Α. ΜΙΧΑΗΛ ΚΑΙ ΥΙΟΣ ΛΤΔ,Ε003005/2021,23/03/2021,22/03/2051,30.4,-,-,ΑΠΕ,Φωτοβολταϊκό Σύστημα,,Λειτουργίας Σταθμού Παραγωγής Ηλεκτρισμού,Αυτοπαραγωγή/Net-Billing,Λάρνακα,Αραδίππου
N.C.S. SOLAR ENERGY LTD,Ε003004/2021,19/03/2021,18/03/2051,820,-,-,ΑΠΕ,Φωτοβολταϊκό Σύστημα,,Λειτουργίας Σταθμού Παραγωγής Ηλεκτρισμού,Εμπορική Χρήση,Λευκωσία,Ακάκι
CH. MOUSKOU ENTERPRISE LTD,Ε003003/2021,19/03/2021,18/03/2051,250,-,-,ΑΠΕ,Φωτοβολταϊκό Σύστημα,,Λειτουργίας Σταθμού Παραγωγής Ηλεκτρισμού,Εμπορική Χρήση,Λευκωσία,Ακάκι
ARISTOKLIA SOLAR LTD,Ε003002/2021,05/03/2021,04/03/2051,1000,-,-,ΑΠΕ,Φωτοβολταϊκό Σύστημα,,Λειτουργίας Σταθμού Παραγωγής Ηλεκτρισμού,Εμπορική Χρήση,Λευκωσία,Άγιος Ιωάννης
N. PSARAS CONSTRUCTIONS CO. LTD,Ε003001/2021,02/03/2021,01/03/2033,110,-,-,Συμβατικά Καύσιμα,ΜΕΚ,Ντίζελ,Κατασκευής - Λειτουργίας,Αυτοπαραγωγή,Κινητή Μονάδα,-
N. PSARAS CONSTRUCTIONS CO. LTD,Ε003000/2021,02/03/2021,01/03/2033,55,-,-,Συμβατικά Καύσιμα,ΜΕΚ,Ντίζελ,Κατασκευής - Λειτουργίας,Αυτοπαραγωγή,Κινητή Μονάδα,-
N. PSARAS CONSTRUCTIONS CO. LTD,Ε002999/2021,02/03/2021,01/03/2033,55,-,-,Συμβατικά Καύσιμα,ΜΕΚ,Ντίζελ,Κατασκευής - Λειτουργίας,Αυτοπαραγωγή,Κινητή Μονάδα,-
ZEMCO CONSTRUCTION LTD,Ε002998/2021,02/03/2021,01/03/2033,17.6,-,-,Συμβατικά Καύσιμα,ΜΕΚ,Ντίζελ,Κατασκευής - Λειτουργίας,Αυτοπαραγωγή,Κινητή Μονάδα,-
ΧΡ. &AMP; Α. ΓΕΩΡΓΑΛΛΑΣ (ΤΟΥΡΙΣΤΙΚΑ ΔΙΑΜΕΡΙΣΜΑΤΑ) ΛΤΔ,Ε002997/2021,02/03/2021,01/03/2033,256,-,-,Συμβατικά Καύσιμα,ΜΕΚ,Πετρέλαιο,Κατασκευής - Λειτουργίας,Εφεδρεία,Αμμόχωστος,Παραλίμνι
ΚΩΣΤΑΣ Σ. ΣΑΒΒΑ ΠΕΤΡΕΛΑΙΟΕΙΔΗ ΛΤΔ,Ε002996/2021,02/03/2021,01/03/2033,50,-,-,Συμβατικά Καύσιμα,ΜΕΚ,Ντίζελ,Κατασκευής - Λειτουργίας,Εφεδρεία,Λευκωσία,Λυθροδόντας
VASSOS IOANNOU LTD,Ε002995/2021,26/02/2021,25/02/2033,264,-,-,Συμβατικά Καύσιμα,ΜΕΚ,Ντίζελ,Κατασκευής - Λειτουργίας,Εφεδρεία,Αμμόχωστος,Αγία Νάπα
THE MALL OF ENGOMI (ME) PLC,Ε002994/2021,26/02/2021,25/02/2033,860,-,-,Συμβατικά Καύσιμα,ΜΕΚ,Ντίζελ,Κατασκευής - Λειτουργίας,Εφεδρεία,Λευκωσία,Έγκωμη
CAVO MARIS BEACH HOTEL LTD,Ε002993/2021,26/02/2021,25/02/2033,320,-,-,Συμβατικά Καύσιμα,ΜΕΚ,Πετρέλαιο,Κατασκευής - Λειτουργίας,Εφεδρεία,Αμμόχωστος,Παραλίμνι
ELYSEE IRRIGATION LTD,Ε002992/2021,26/02/2021,25/02/2033,200,-,-,Συμβατικά Καύσιμα,ΜΕΚ,Ντίζελ,Λειτουργίας Σταθμού Παραγωγής Ηλεκτρισμού,Εφεδρεία,Λευκωσία,Εργάτες
ELYSEE IRRIGATION LTD,Ε002991/2021,26/02/2021,25/02/2033,320,-,-,Συμβατικά Καύσιμα,ΜΕΚ,Ντίζελ,Λειτουργίας Σταθμού Παραγωγής Ηλεκτρισμού,Εφεδρεία,Λευκωσία,Εργάτες
ΑΛΦΑ ΕΥΡΕΣΙΣ ΔΙΑΓΝΩΣΤΙΚΟ ΚΕΝΤΡΟ ΛΤΔ,Ε002990/2021,26/02/2021,25/02/2033,240,-,-,Συμβατικά Καύσιμα,ΜΕΚ,Ντίζελ,Λειτουργίας Σταθμού Παραγωγής Ηλεκτρισμού,Εφεδρεία,Λευκωσία,Στρόβολος
ERGO ENERGY PV PARKS LTD,Ε002989/2021,26/02/2021,25/02/2026,2470,-,-,ΑΠΕ,Φωτοβολταϊκό Σύστημα,,Κατασκευής Σταθμού Παραγωγής Ηλεκτρισμού,Εμπορική Χρήση,Λευκωσία,Ψημολόφου
ERGO ENERGY PV PARKS LTD,Ε002988/2021,26/02/2021,25/02/2026,1990,-,-,ΑΠΕ,Φωτοβολταϊκό Σύστημα,,Κατασκευής Σταθμού Παραγωγής Ηλεκτρισμού,Εμπορική Χρήση,Λευκωσία,Δάλι
ERGO ENERGY PV PARKS LTD,Ε002987/2021,26/02/2021,25/02/2026,1500,-,-,ΑΠΕ,Φωτοβολταϊκό Σύστημα,,Κατασκευής Σταθμού Παραγωγής Ηλεκτρισμού,Εμπορική Χρήση,Λάρνακα,Πετροφάνι
STENOS LTD,Ε002986/2021,26/02/2021,25/02/2026,2015,-,-,ΑΠΕ,Φωτοβολταϊκό Σύστημα,,Κατασκευής Σταθμού Παραγωγής Ηλεκτρισμού,Εμπορική Χρήση,Λάρνακα,Αραδίππου
HAFFNEVE HOLDING LTD,Ε002985/2021,26/02/2021,25/02/2051,3600,-,-,ΑΠΕ,Φωτοβολταϊκό Σύστημα,,Λειτουργίας Σταθμού Παραγωγής Ηλεκτρισμού,Εμπορική Χρήση,Λάρνακα,"Μενεού, Δρομολαξιά"
L.K. DAIRY FARM LTD,Ε002984/2021,23/02/2021,22/02/2051,19.845,-,-,ΑΠΕ,Φωτοβολταϊκό Σύστημα,,Λειτουργίας Σταθμού Παραγωγής Ηλεκτρισμού,Αυτοπαραγωγή/Net-Billing,Λευκωσία,Δάλι
L &AMP; T SUN ENERGY LTD,Ε002983/2021,23/02/2021,22/02/2051,5000,-,-,ΑΠΕ,Φωτοβολταϊκό Σύστημα,,Λειτουργίας Σταθμού Παραγωγής Ηλεκτρισμού,Εμπορική Χρήση,Λεμεσός,Αλέκτωρα
L.K. BIOSEARCH PRODUCTS LTD,Ε002982/2021,19/02/2021,18/02/2051,19.9,-,-,ΑΠΕ,Φωτοβολταϊκό Σύστημα,,Λειτουργίας Σταθμού Παραγωγής Ηλεκτρισμού,Αυτοπαραγωγή/Net-Billing,Λευκωσία,Λακατάμεια
MARLOW NAVIGATION COMPANY LTD,Ε002981/2021,19/02/2021,18/02/2051,294,-,-,ΑΠΕ,Φωτοβολταϊκό Σύστημα,,Λειτουργίας Σταθμού Παραγωγής Ηλεκτρισμού,Αυτοπαραγωγή/Net-Billing,Λεμεσός,Λεμεσός
GREE. SOL. EN. LTD,Ε002975/2021,19/02/2021,18/02/2051,2600,-,-,ΑΠΕ,Φωτοβολταϊκό Σύστημα,,Λειτουργίας Σταθμού Παραγωγής Ηλεκτρισμού,Εμπορική Χρήση,Λάρνακα,Μενεού
BIOLAND PROJECT 2 LTD,Ε002974/2021,19/02/2021,18/02/2051,2230,-,-,ΑΠΕ,Φωτοβολταϊκό Σύστημα,,Λειτουργίας Σταθμού Παραγωγής Ηλεκτρισμού,Εμπορική Χρήση,Λάρνακα,Κοφίνου
BIOLAND PROJECT 1 LTD,Ε002973/2021,12/02/2021,11/02/2051,5000,-,-,ΑΠΕ,Φωτοβολταϊκό Σύστημα,,Λειτουργίας Σταθμού Παραγωγής Ηλεκτρισμού,Εμπορική Χρήση,Λάρνακα,Αλαμινός
P.I. SCALPINO INVESTEMENTS LTD,Ε002967/2021,02/02/2021,01/02/2026,877.8,-,-,ΑΠΕ,Φωτοβολταϊκό Σύστημα,,Κατασκευής Σταθμού Παραγωγής Ηλεκτρισμού,Εμπορική Χρήση,Αμμόχωστος,Αυγόρου
BP SOLAR POWER ENERGY LTD,Ε002966/2021,02/02/2021,01/02/2026,800,-,-,ΑΠΕ,Φωτοβολταϊκό Σύστημα,,Κατασκευής Σταθμού Παραγωγής Ηλεκτρισμού,Εμπορική Χρήση,Λάρνακα,Τερσεφάνου
KEAN SOFT DRINKS LTD,Ε002952/2021,22/01/2021,21/01/2051,200,-,-,ΑΠΕ,Φωτοβολταϊκό Σύστημα,,Λειτουργίας Σταθμού Παραγωγής Ηλεκτρισμού,Αυτοπαραγωγή/Net-Billing,Λεμεσός,Άγιος Αθανάσιος
T.T.8. PLASTICS LTD,Ε002951/2021,22/01/2021,21/01/2051,100,-,-,ΑΠΕ,Φωτοβολταϊκό Σύστημα,,Λειτουργίας Σταθμού Παραγωγής Ηλεκτρισμού,Εμπορική Χρήση,Λευκωσία,Νικητάρι
ΠΟΛΥΚΛΙΝΙΚΗ ΠΑΡΑΛΙΜΝΙΟΥ ΛΗΤΩ ΛΤΔ,Ε002950/2021,15/01/2021,14/01/2051,47.85,-,-,ΑΠΕ,Φωτοβολταϊκό Σύστημα,,Λειτουργίας Σταθμού Παραγωγής Ηλεκτρισμού,Αυτοπαραγωγή/Net-Billing,Αμμόχωστος,Παραλίμνι
Α&AMP;Α ΣΦΑΓΕΙΑ ΛΤΔ,Ε002944/2021,15/01/2021,14/01/2033,701,-,-,Συμβατικά Καύσιμα,ΜΕΚ,Ντίζελ,Κατασκευής - Λειτουργίας,Εφεδρεία,Λευκωσία,Άγιος Ιωάννης
LOUIS HOTELS PUBLIC LTD,Ε002943/2021,15/01/2021,14/01/2033,240,-,-,Συμβατικά Καύσιμα,ΜΕΚ,Ντίζελ,Κατασκευής - Λειτουργίας,Εφεδρεία,Πάφος,-
K. MICHAELAS &AMP; CO LTD,Ε002942/2021,15/01/2021,14/01/2033,13,-,-,Συμβατικά Καύσιμα,ΜΕΚ,Ντίζελ,Κατασκευής - Λειτουργίας,Εφεδρεία,Λάρνακα,Αραδίππου
GEOCHRON LTD,Ε002941/2021,15/01/2021,14/01/2033,440,-,-,Συμβατικά Καύσιμα,ΜΕΚ,Πετρέλαιο,Κατασκευής - Λειτουργίας,Εφεδρεία,Λευκωσία,Λευκωσία
ΛΕΥΤΕΡΗΣ ΛΕΙΒΑΔΙΩΤΗΣ &AMP; ΣΙΑ ΛΤΔ,Ε002940/2021,15/01/2021,14/01/2033,120,-,-,Συμβατικά Καύσιμα,ΜΕΚ,Ντίζελ,Κατασκευής - Λειτουργίας,Εφεδρεία,Λάρνακα,Ξυλοτύμπου
LORDOS HOTELS (HOLDINGS) PUBLIC LTD,Ε002928/2021,05/01/2021,04/01/2033,400,-,-,Συμβατικά Καύσιμα,ΜΕΚ,Ντίζελ,Κατασκευής - Λειτουργίας,Εφεδρεία,Λάρνακα,Δεκέλεια
"ΥΠΟΥΡΓΕΙΟ ΠΑΙΔΕΙΑΣ, ΠΟΛΙΤΙΣΜΟΥ, ΑΘΛΗΤΙΣΜΟΥ ΚΑΙ ΝΕΟΛΑΙΑΣ",Ε002927/2021,05/01/2021,04/01/2033,16,-,-,Συμβατικά Καύσιμα,ΜΕΚ,Πετρέλαιο,Κατασκευής - Λειτουργίας,Εφεδρεία,Λευκωσία,Λατσιά
Χ.Α. ΠΑΠΑΕΛΛΗΝΑΣ ΕΜΠΟΡΙΚΗ ΛΤΔ,Ε002926/2021,05/01/2021,04/01/2033,160,-,-,Συμβατικά Καύσιμα,ΜΕΚ,Ντίζελ,Κατασκευής - Λειτουργίας,Εφεδρεία,Λευκωσία,Κάτω Δευτερά
Χ.Α. ΠΑΠΑΕΛΛΗΝΑΣ ΕΜΠΟΡΙΚΗ ΛΤΔ,Ε002925/2021,05/01/2021,04/01/2033,304,-,-,Συμβατικά Καύσιμα,ΜΕΚ,Ντίζελ,Κατασκευής - Λειτουργίας,Εφεδρεία,Λευκωσία,Έγκωμη
Χ.Α. ΠΑΠΑΕΛΛΗΝΑΣ ΕΜΠΟΡΙΚΗ ΛΤΔ,Ε002924/2021,05/01/2021,04/01/2033,400,-,-,Συμβατικά Καύσιμα,ΜΕΚ,Ντίζελ,Κατασκευής - Λειτουργίας,Εφεδρεία,Λεμεσός,Ενορία Αποστόλων Πέτρου και Παύλου
Χ.Α. ΠΑΠΑΕΛΛΗΝΑΣ ΕΜΠΟΡΙΚΗ ΛΤΔ,Ε002923/2021,05/01/2021,04/01/2033,520,-,-,Συμβατικά Καύσιμα,ΜΕΚ,Ντίζελ,Κατασκευής - Λειτουργίας,Εφεδρεία,Λεμεσός,Κάτω Πολεμίδια
GEO. PAVLIDES &AMP; ARAOUZOS PHARMACEUTICALS LTD,Ε002922/2021,05/01/2021,04/01/2033,88,-,-,Συμβατικά Καύσιμα,ΜΕΚ,Ντίζελ,Κατασκευής - Λειτουργίας,Εφεδρεία,Λευκωσία,Στρόβολος
NORTEST CYPRUS LTD,Ε002921/2021,05/01/2021,04/01/2051,30,-,-,ΑΠΕ,Φωτοβολταϊκό Σύστημα,,Λειτουργίας Σταθμού Παραγωγής Ηλεκτρισμού,Αυτοπαραγωγή/Net-Billing,Λευκωσία,Λατσιά
Χ.Α. ΠΑΠΑΕΛΛΗΝΑΣ ΕΜΠΟΡΙΚΗ ΛΤΔ,Ε002920/2021,05/01/2021,04/01/2033,360,-,-,Συμβατικά Καύσιμα,ΜΕΚ,Ντίζελ,Κατασκευής - Λειτουργίας,Εφεδρεία,Λάρνακα,Ενορία Σωτήρως
Χ.Α. ΠΑΠΑΕΛΛΗΝΑΣ ΕΜΠΟΡΙΚΗ ΛΤΔ,Ε002919/2021,05/01/2021,04/01/2033,221,-,-,Συμβατικά Καύσιμα,ΜΕΚ,Ντίζελ,Κατασκευής - Λειτουργίας,Εφεδρεία,Λάρνακα,Σκαρίνου
Χ.Α. ΠΑΠΑΕΛΛΗΝΑΣ ΕΜΠΟΡΙΚΗ ΛΤΔ,Ε002918/2021,05/01/2021,04/01/2033,240,-,-,Συμβατικά Καύσιμα,ΜΕΚ,Ντίζελ,Κατασκευής - Λειτουργίας,Εφεδρεία,Λάρνακα,Κίτι
Χ.Α. ΠΑΠΑΕΛΛΗΝΑΣ ΕΜΠΟΡΙΚΗ ΛΤΔ,Ε002917/2021,05/01/2021,04/01/2033,400,-,-,Συμβατικά Καύσιμα,ΜΕΚ,Ντίζελ,Κατασκευής - Λειτουργίας,Εφεδρεία,Λεμεσός,Ενορία Νεάπολης
Χ.Α. ΠΑΠΑΕΛΛΗΝΑΣ ΕΜΠΟΡΙΚΗ ΛΤΔ,Ε002916/2021,05/01/2021,04/01/2033,315,-,-,Συμβατικά Καύσιμα,ΜΕΚ,Ντίζελ,Κατασκευής - Λειτουργίας,Εφεδρεία,Λεμεσός,Κολόσσι
Χ.Α. ΠΑΠΑΕΛΛΗΝΑΣ ΕΜΠΟΡΙΚΗ ΛΤΔ,Ε002915/2021,05/01/2021,04/01/2033,560.4,-,-,Συμβατικά Καύσιμα,ΜΕΚ,Ντίζελ,Κατασκευής - Λειτουργίας,Εφεδρεία,Λευκωσία,Λατσιά
ORTANZIA FLOWERS SHOP LTD,Ε002914/2020,22/12/2020,21/12/2050,32.64,-,-,ΑΠΕ,Φωτοβολταϊκό Σύστημα,,Λειτουργίας Σταθμού Παραγωγής Ηλεκτρισμού,Αυτοπαραγωγή/Net-Billing,Λεμεσός,Ύψωνας
LORDOS UNITED PLASTICS PUBLIC LTD,Ε002913/2020,22/12/2020,21/12/2050,150,-,-,ΑΠΕ,Φωτοβολταϊκό Σύστημα,,Λειτουργίας Σταθμού Παραγωγής Ηλεκτρισμού,Αυτοπαραγωγή/Net-Billing,Λεμεσός,Άγιος Σπυρίδωνας
BIOLAND PROJECT 1 LTD,Ε002912/2020,17/12/2020,16/12/2050,1500,-,-,ΑΠΕ,Φωτοβολταϊκό Σύστημα,,Λειτουργίας Σταθμού Παραγωγής Ηλεκτρισμού,Εμπορική Χρήση,Λάρνακα,Αλαμινός
Χ.Α. ΠΑΠΑΕΛΛΗΝΑΣ ΕΜΠΟΡΙΚΗ ΛΤΔ,Ε002911/2020,15/12/2020,14/12/2032,303,-,-,Συμβατικά Καύσιμα,ΜΕΚ,Ντίζελ,Κατασκευής - Λειτουργίας,Εφεδρεία,Λάρνακα,Καμάρες
Χ.Α. ΠΑΠΑΕΛΛΗΝΑΣ ΕΜΠΟΡΙΚΗ ΛΤΔ,Ε002910/2020,15/12/2020,14/12/2032,640,-,-,Συμβατικά Καύσιμα,ΜΕΚ,Ντίζελ,Κατασκευής - Λειτουργίας,Εφεδρεία,Λευκωσία,Λακατάμεια
Χ.Α. ΠΑΠΑΕΛΛΗΝΑΣ ΕΜΠΟΡΙΚΗ ΛΤΔ,Ε002909/2020,15/12/2020,14/12/2032,520,-,-,Συμβατικά Καύσιμα,ΜΕΚ,Ντίζελ,Κατασκευής - Λειτουργίας,Εφεδρεία,Πάφος,Κάτω Πάφος
Χ.Α. ΠΑΠΑΕΛΛΗΝΑΣ ΕΜΠΟΡΙΚΗ ΛΤΔ,Ε002908/2020,15/12/2020,14/12/2032,480,-,-,Συμβατικά Καύσιμα,ΜΕΚ,Ντίζελ,Κατασκευής - Λειτουργίας,Εφεδρεία,Λευκωσία,Στρόβολος
Χ.Α. ΠΑΠΑΕΛΛΗΝΑΣ ΕΜΠΟΡΙΚΗ ΛΤΔ,Ε002907/2020,15/12/2020,14/12/2032,640,-,-,Συμβατικά Καύσιμα,ΜΕΚ,Ντίζελ,Κατασκευής - Λειτουργίας,Εφεδρεία,Λευκωσία,Δάλι
Χ.Α. ΠΑΠΑΕΛΛΗΝΑΣ ΕΜΠΟΡΙΚΗ ΛΤΔ,Ε002906/2020,15/12/2020,14/12/2032,960,-,-,Συμβατικά Καύσιμα,ΜΕΚ,Ντίζελ,Κατασκευής - Λειτουργίας,Εφεδρεία,Πάφος,Ενορία Αγίου Θεοδώρου
ΠΑ.ΣΥ.ΔΥ,Ε002905/2020,11/12/2020,10/12/2050,49.5,-,-,ΑΠΕ,Φωτοβολταϊκό Σύστημα,,Λειτουργίας Σταθμού Παραγωγής Ηλεκτρισμού,Αυτοπαραγωγή/Net-Billing,Λευκωσία,Αγλαντζιά
ΑΝΟΡΘΩΣΙΣ ΑΜΜΟΧΩΣΤΟΥ (ΠΟΔΟΣΦΑΙΡΟ) ΔΗΜΟΣΙΑ ΛΤΔ,Ε002901/2020,11/12/2020,10/12/2032,400,-,-,Συμβατικά Καύσιμα,ΜΕΚ,Ντίζελ,Κατασκευής - Λειτουργίας,Αυτοπαραγωγή,Λάρνακα,-
"ΠΟΛΥΔΥΝΑΜΟ ΚΕΝΤΡΟ 3ΗΣ ΗΛΙΚΙΑΣ ""Η ΕΛΕΟΥΣΑ ΤΟΥ ΚΥΚΚΟΥ""",Ε002899/2020,11/12/2020,10/12/2032,48,-,-,Συμβατικά Καύσιμα,ΜΕΚ,Ντίζελ,Κατασκευής - Λειτουργίας,Εφεδρεία,Πάφος,Πόλυ Χρυσοχούς
Φ.Ν.Κ.Φ. ΒΙΟΙΑΤΡΙΚΗ ΛΕΜΕΣΟΥ ΛΤΔ,Ε002897/2020,11/12/2020,10/12/2032,50.4,-,-,Συμβατικά Καύσιμα,ΜΕΚ,Ντίζελ,Κατασκευής - Λειτουργίας,Εφεδρεία,Λεμεσός,Ενορία Αποστόλων Πέτρου και Παύλου
EUROGATE CONTAINER TERMINAL LIMASSOL LTD,Ε002894/2020,11/12/2020,10/12/2032,48,-,-,Συμβατικά Καύσιμα,ΜΕΚ,Ντίζελ,Κατασκευής - Λειτουργίας,Εφεδρεία,Λεμεσός,Νέο Λιμάνι Λεμεσού
EUROGATE CONTAINER TERMINAL LIMASSOL LTD,Ε002893/2020,11/12/2020,10/12/2032,32,-,-,Συμβατικά Καύσιμα,ΜΕΚ,Ντίζελ,Κατασκευής - Λειτουργίας,Εφεδρεία,Λεμεσός,Νέο Λιμάνι Λεμεσού
PAVLONAPA ENTERPRISES LTD,Ε002892/2020,11/12/2020,10/12/2032,240,-,-,Συμβατικά Καύσιμα,ΜΕΚ,Ντίζελ,Κατασκευής - Λειτουργίας,Εφεδρεία,Αμμόχωστος,Αγία Νάπα
ΤΡΑΠΕΖΑ ΚΥΠΡΟΥ Δ.Ε. ΛΤΔ,Ε002891/2020,11/12/2020,10/12/2032,64,-,-,Συμβατικά Καύσιμα,ΜΕΚ,Ντίζελ,Κατασκευής - Λειτουργίας,Εφεδρεία,Λευκωσία,Στρόβολος
DUO-BOND GENERAL AUTO GLASS LTD,Ε002890/2020,04/12/2020,03/12/2050,20,-,-,ΑΠΕ,Φωτοβολταϊκό Σύστημα,,Λειτουργίας Σταθμού Παραγωγής Ηλεκτρισμού,Αυτοπαραγωγή/Net-Billing,Λάρνακα,Αραδίππου
GRECIAN HOTEL ENTERPRISES LTD,Ε002885/2020,04/12/2020,03/12/2032,640,-,-,Συμβατικά Καύσιμα,ΜΕΚ,Ντίζελ,Κατασκευής - Λειτουργίας,Εφεδρεία,Αμμόχωστος,Αγία Νάπα
P.A.TH. CYHEALTH MEDICAL CENTER LTD,Ε002884/2020,04/12/2020,03/12/2032,139.2,-,-,Συμβατικά Καύσιμα,ΜΕΚ,Ντίζελ,Κατασκευής - Λειτουργίας,Εφεδρεία,Λεμεσός,Άγιος Αθανάσιος
ARAB JORDAN INVESTMENT BANK S.A.,Ε002883/2020,04/12/2020,03/12/2032,13.3,-,-,Συμβατικά Καύσιμα,ΜΕΚ,Ντίζελ,Κατασκευής - Λειτουργίας,Αυτοπαραγωγή,Κινητή Μονάδα,-
V.P. VISION &AMP; GRAND LED DISPLAY ADVERTISING LTD,Ε002882/2020,04/12/2020,03/12/2032,80,-,-,Συμβατικά Καύσιμα,ΜΕΚ,Ντίζελ,Κατασκευής - Λειτουργίας,Αυτοπαραγωγή,Κινητή Μονάδα,-
ΦΥΣΙΚΟ ΠΡΟΣΩΠΟ,Ε002881/2020,04/12/2020,03/12/2032,160,-,-,Συμβατικά Καύσιμα,ΜΕΚ,Ντίζελ,Κατασκευής - Λειτουργίας,Εφεδρεία,Λευκωσία,Στρόβολος
HAWAI HOTELS LTD,Ε002880/2020,04/12/2020,03/12/2032,350,-,-,Συμβατικά Καύσιμα,ΜΕΚ,Ντίζελ,Λειτουργίας Σταθμού Παραγωγής Ηλεκτρισμού,Εφεδρεία,Λεμεσός,Παρεκκλησιά
NI-HAO TRADING LTD,Ε002879/2020,27/11/2020,26/11/2050,40,-,-,ΑΠΕ,Φωτοβολταϊκό Σύστημα,,Λειτουργίας Σταθμού Παραγωγής Ηλεκτρισμού,Αυτοπαραγωγή/Net-Billing,Λεμεσός,Παραμύθα
ΦΥΣΙΚΟ ΠΡΟΣΩΠΟ,Ε002878/2020,27/11/2020,26/11/2050,20,-,-,ΑΠΕ,Φωτοβολταϊκό Σύστημα,,Λειτουργίας Σταθμού Παραγωγής Ηλεκτρισμού,Αυτοπαραγωγή/Net-Billing,Λεμεσός,Δύμες
ΚΥΠΡΙΑΚΟΣ ΟΡΓΑΝΙΣΜΟΣ ΑΘΛΗΤΙΣΜΟΥ,Ε002877/2020,27/11/2020,26/11/2032,160,-,-,Συμβατικά Καύσιμα,ΜΕΚ,Ντίζελ,Κατασκευής - Λειτουργίας,Εφεδρεία,Λάρνακα,Λάρνακα
PAFILIA PROPERTY DEVELOPERS LTD,Ε002876/2020,27/11/2020,26/11/2032,936,-,-,Συμβατικά Καύσιμα,ΜΕΚ,Ντίζελ,Κατασκευής - Λειτουργίας,Εφεδρεία,Λεμεσός,Ενορία Νεάπολης
CYPRUS IMPORT CORPORATION LTD,Ε002875/2020,27/11/2020,26/11/2032,100,-,-,Συμβατικά Καύσιμα,ΜΕΚ,Ντίζελ,Κατασκευής - Λειτουργίας,Εφεδρεία,Λευκωσία,Ενορία Παναγίας
CYPRUS IMPORT CORPORATION LTD,Ε002874/2020,27/11/2020,26/11/2032,55,-,-,Συμβατικά Καύσιμα,ΜΕΚ,Ντίζελ,Κατασκευής - Λειτουργίας,Εφεδρεία,Λεμεσός,Άγιος Αθανάσιος
CYPRUS IMPORT CORPORATION LTD,Ε002873/2020,27/11/2020,26/11/2032,60,-,-,Συμβατικά Καύσιμα,ΜΕΚ,Ντίζελ,Κατασκευής - Λειτουργίας,Εφεδρεία,Λευκωσία,Καϊμακλί
G. PARASKEVAIDES LTD,Ε002872/2020,20/11/2020,19/11/2032,240,-,-,Συμβατικά Καύσιμα,ΜΕΚ,Ντίζελ,Κατασκευής - Λειτουργίας,Εφεδρεία,Λευκωσία,Λευκωσία
EVOLVO PROPERTIES LTD,Ε002871/2020,20/11/2020,19/11/2032,240,-,-,Συμβατικά Καύσιμα,ΜΕΚ,Ντίζελ,Κατασκευής - Λειτουργίας,Εφεδρεία,Λάρνακα,Λάρνακα
 TSIOLAKKIS HOTELS LTD,Ε002865/2020,17/11/2020,16/11/2050,45,-,-,ΑΠΕ,Φωτοβολταϊκό Σύστημα,,Λειτουργίας Σταθμού Παραγωγής Ηλεκτρισμού,Αυτοπαραγωγή/Net-Billing,Αμμόχωστος,Αγία Νάπα
 ΟΡΘΟΔΟΞΟΣ ΚΑΙ ΜΙΣΟΣ ΣΥΣΚΕΥΑΣΤΗΡΙΟ ΛΤΔ,Ε002850/2020,06/11/2020,05/11/2050,19.8,-,-,ΑΠΕ,Φωτοβολταϊκό Σύστημα,,Λειτουργίας Σταθμού Παραγωγής Ηλεκτρισμού,Αυτοπαραγωγή/Net-Billing,Λάρνακα,Ξυλοφάγου
PETROGLASS LTD,Ε002849/2020,06/11/2020,05/11/2050,19.8,-,-,ΑΠΕ,Φωτοβολταϊκό Σύστημα,,Λειτουργίας Σταθμού Παραγωγής Ηλεκτρισμού,Αυτοπαραγωγή/Net-Billing,Λεμεσός,Κάτω Πολεμίδια
VALITIO LTD,Ε002848/2020,03/11/2020,02/11/2050,30.3,-,-,ΑΠΕ,Φωτοβολταϊκό Σύστημα,,Λειτουργίας Σταθμού Παραγωγής Ηλεκτρισμού,Αυτοπαραγωγή/Net-Billing,Λευκωσία,Στρόβολος
ΦΥΣΙΚΟ ΠΡΟΣΩΠΟ,Ε002847/2020,03/11/2020,02/11/2050,20,-,-,ΑΠΕ,Φωτοβολταϊκό Σύστημα,,Λειτουργίας Σταθμού Παραγωγής Ηλεκτρισμού,Αυτοπαραγωγή/Net-Billing,Λευκωσία,Ποτάμι
ZARVETO PROPERTIES LTD,Ε002846/2020,03/11/2020,02/11/2050,30.94,-,-,ΑΠΕ,Φωτοβολταϊκό Σύστημα,,Λειτουργίας Σταθμού Παραγωγής Ηλεκτρισμού,Αυτοπαραγωγή/Net-Billing,Λευκωσία,Αγλαντζιά
 ΙΕΡΑ ΜΟΝΗ ΚΥΚΚΟΥ- ΜΟΝΑΣΤΗΡΙ ΚΥΚΚΟΥ,Ε002845/2020,03/11/2020,02/11/2032,24.4,-,-,Συμβατικά Καύσιμα,ΜΕΚ,Ντίζελ,Κατασκευής - Λειτουργίας,Αυτοπαραγωγή,Πάφος,Άγιος Ιωάννης
ΙΕΡΑ ΜΟΝΗ ΚΥΚΚΟΥ- ΜΟΝΑΣΤΗΡΙ ΚΥΚΚΟΥ,Ε002844/2020,03/11/2020,02/11/2032,22.4,-,-,Συμβατικά Καύσιμα,ΜΕΚ,Ντίζελ,Κατασκευής - Λειτουργίας,Αυτοπαραγωγή,Πάφος,Άγιος Ιωάννης
MUNDIPHARMA PHARMACEUTICALS LTD,Ε002843/2020,03/11/2020,02/11/2032,488,-,-,Συμβατικά Καύσιμα,ΜΕΚ,Ντίζελ,Κατασκευής - Λειτουργίας,Εφεδρεία,Λευκωσία,Δάλι
CYPRUS IMPORT CORPORATION LTD,Ε002842/2020,03/11/2020,02/11/2032,68,-,-,Συμβατικά Καύσιμα,ΜΕΚ,Ντίζελ,Κατασκευής - Λειτουργίας,Εφεδρεία,Λευκωσία,Καϊμακλί
ΠΡΑΤΗΡΙΟ ΠΕΤΡΕΛΑΙΟΕΙΔΩΝ Κ. ΑΝΑΣΤΑΣΙΟΥ ΛΤΔ,Ε002841/2020,03/11/2020,02/11/2032,64,-,-,Συμβατικά Καύσιμα,ΜΕΚ,Ντίζελ,Κατασκευής - Λειτουργίας,Εφεδρεία,Λευκωσία,Νήσου
ILEZON LTD,Ε002840/2020,03/11/2020,02/11/2032,12,-,-,Συμβατικά Καύσιμα,ΜΕΚ,Ντίζελ,Κατασκευής - Λειτουργίας,Αυτοπαραγωγή,Κινητή Μονάδα,-
CHARILAOS APOSTOLIDES PUBLIC LTD,Ε002839/2020,03/11/2020,02/11/2032,160,-,-,Συμβατικά Καύσιμα,ΜΕΚ,Ντίζελ,Κατασκευής - Λειτουργίας,Αυτοπαραγωγή,Κινητή Μονάδα,-
ΒΑΣΟΣ ΜΑΤΟΛΗ ΛΤΔ,Ε002838/2020,03/11/2020,02/11/2032,48,-,-,Συμβατικά Καύσιμα,ΜΕΚ,Ντίζελ,Κατασκευής - Λειτουργίας,Εφεδρεία,Λάρνακα,Ξυλοτύμβου
KNAUF CYPRUS LTD,Ε002837/2020,03/11/2020,02/11/2032,23,-,-,Συμβατικά Καύσιμα,ΜΕΚ,Ντίζελ,Κατασκευής - Λειτουργίας,Εφεδρεία,Λεμεσός,Βάσα Κοιλανίου
AESARA INVESTMENT LTD,Ε002836/2020,30/10/2020,29/10/2032,660,-,-,Συμβατικά Καύσιμα,ΜΕΚ,Ντίζελ,Κατασκευής - Λειτουργίας,Εφεδρεία,Αμμόχωστος,Αγία Νάπα
ELPIS MEDICAL CENTRE LTD,Ε002835/2020,30/10/2020,29/10/2032,40,-,-,Συμβατικά Καύσιμα,ΜΕΚ,Πετρέλαιο,Κατασκευής - Λειτουργίας,Εφεδρεία,Πάφος,Πάφος
MERRYVALE LTD,Ε002834/2020,30/10/2020,29/10/2032,70.5,-,-,Συμβατικά Καύσιμα,ΜΕΚ,Ντίζελ,Κατασκευής - Λειτουργίας,Εφεδρεία,Λεμεσός,Γερμασόγεια
PLAYTECH BGT SPORTS LTD,Ε002833/2020,30/10/2020,29/10/2032,160,-,-,Συμβατικά Καύσιμα,ΜΕΚ,Ντίζελ,Κατασκευής - Λειτουργίας,Εφεδρεία,Λευκωσία,Λατσιά
J.P.S EUROBAKERS LTD,Ε002832/2020,30/10/2020,29/10/2032,264,-,-,Συμβατικά Καύσιμα,ΜΕΚ,,Λειτουργίας Σταθμού Παραγωγής Ηλεκτρισμού,Εφεδρεία,Αμμόχωστος,Φρέναρος
A.K.T. CINEMAS LTD,Ε002831/2020,30/10/2020,29/10/2032,220,-,-,Συμβατικά Καύσιμα,ΜΕΚ,Πετρέλαιο,Λειτουργίας Σταθμού Παραγωγής Ηλεκτρισμού,Εφεδρεία,Λευκωσία,Λευκωσία
WELBON LTD,Ε002830/2020,30/10/2020,29/10/2032,48,-,-,Συμβατικά Καύσιμα,ΜΕΚ,Ντίζελ,Κατασκευής - Λειτουργίας,Εφεδρεία,Λευκωσία,Στρόβολος
E.P. INVESTMENTS LTD,Ε002829/2020,30/10/2020,30/10/2032,352,-,-,Συμβατικά Καύσιμα,ΜΕΚ,Ντίζελ,Κατασκευής - Λειτουργίας,Εφεδρεία,Αμμόχωστος,Παραλίμνι
BIOLAND PROJECT 14 LTD,Ε002828/2020,30/10/2020,29/10/2050,2500,-,-,ΑΠΕ,Φωτοβολταϊκό Σύστημα,,Λειτουργίας Σταθμού Παραγωγής Ηλεκτρισμού,Εμπορική Χρήση,Λευκωσία,Πάνω Κουτραφάς
BIOLAND PROJECT 7 LTD,Ε002827/2020,30/10/2020,29/10/2050,2300,-,-,ΑΠΕ,Φωτοβολταϊκό Σύστημα,,Λειτουργίας Σταθμού Παραγωγής Ηλεκτρισμού,Εμπορική Χρήση,Λευκωσία,Πάνω Κουτραφάς
Λ.Α.Κ. ΕΝΕΡΓΕΙΑΚΗ ΛΤΔ,Ε002826/2020,27/10/2020,26/10/2050,99.83,-,-,ΑΠΕ,Φωτοβολταϊκό Σύστημα,,Λειτουργίας Σταθμού Παραγωγής Ηλεκτρισμού,Εμπορική Χρήση,Λεμεσός,Καλαβασός
ΟΡΓΑΝΙΣΜΟΣ ΚΡΑΤΙΚΩΝ ΥΠΗΡΕΣΙΩΝ ΥΠΟΥΡΓΕΙΟΥ ΥΓΕΙΑΣ,Ε002825/2020,23/10/2020,22/10/2050,105.6,-,-,ΑΠΕ,Φωτοβολταϊκό Σύστημα,,Λειτουργίας Σταθμού Παραγωγής Ηλεκτρισμού,Αυτοπαραγωγή/Net-Billing,Λάρνακα,Άγιος Νικόλαος
PENTELITHARIA PLANTATIONS LTD,Ε002824/2020,23/10/2020,22/10/2050,49.77,-,-,ΑΠΕ,Φωτοβολταϊκό Σύστημα,,Λειτουργίας Σταθμού Παραγωγής Ηλεκτρισμού,Αυτοπαραγωγή/Net-Billing,Λεμεσός,Όμοδος
LIMASSOL MARINA LTD,Ε002821/2020,13/10/2020,12/10/2032,52,-,-,Συμβατικά Καύσιμα,ΜΕΚ,Πετρέλαιο,Κατασκευής - Λειτουργίας,Εφεδρεία,Λεμεσός,Λεμεσός
LIMASSOL MARINA LTD,Ε002820/2020,13/10/2020,12/10/2032,120,-,-,Συμβατικά Καύσιμα,ΜΕΚ,Πετρέλαιο,Κατασκευής - Λειτουργίας,Εφεδρεία,Λεμεσός,Λεμεσός
LIMASSOL MARINA LTD,Ε002819/2020,13/10/2020,12/10/2032,80,-,-,Συμβατικά Καύσιμα,ΜΕΚ,Πετρέλαιο,Κατασκευής - Λειτουργίας,Εφεδρεία,Λεμεσός,Λεμεσός
LIMASSOL MARINA LTD,Ε002818/2020,13/10/2020,12/10/2032,240,-,-,Συμβατικά Καύσιμα,ΜΕΚ,Πετρέλαιο,Κατασκευής - Λειτουργίας,Εφεδρεία,Λεμεσός,Λεμεσός
LIMASSOL MARINA LTD,Ε002817/2020,13/10/2020,12/10/2032,52,-,-,Συμβατικά Καύσιμα,ΜΕΚ,Πετρέλαιο,Κατασκευής - Λειτουργίας,Εφεδρεία,Λεμεσός,Λεμεσός
LIMASSOL MARINA LTD,Ε002816/2020,13/10/2020,12/10/2032,124.8,-,-,Συμβατικά Καύσιμα,ΜΕΚ,Πετρέλαιο,Κατασκευής - Λειτουργίας,Εφεδρεία,Λεμεσός,Λεμεσός
DP WORLD LIMASSOL LTD,Ε002815/2020,13/10/2020,12/10/2032,80,-,-,Συμβατικά Καύσιμα,ΜΕΚ,Ντίζελ,Κατασκευής - Λειτουργίας,Εφεδρεία,Λεμεσός,Λιμάνι Λεμεσού
N.C.P. CHRISTOU LTD,Ε002814/2020,13/10/2020,12/10/2050,19.8,-,-,ΑΠΕ,Φωτοβολταϊκό Σύστημα,,Λειτουργίας Σταθμού Παραγωγής Ηλεκτρισμού,Αυτοπαραγωγή/Net-Billing,Λάρνακα,Ορμήδεια
ΦΥΣΙΚΟ ΠΡΟΣΩΠΟ,Ε002813/2020,09/10/2020,08/10/2050,150,-,-,ΑΠΕ,Φωτοβολταϊκό Σύστημα,,Λειτουργίας Σταθμού Παραγωγής Ηλεκτρισμού,Εμπορική Χρήση,Πάφος,Νατά
ATHINODOROU &AMP; ATHINODOROU ENERGY LTD,Ε002812/2020,02/10/2020,01/10/2050,99.18,-,-,ΑΠΕ,Φωτοβολταϊκό Σύστημα,,Λειτουργίας Σταθμού Παραγωγής Ηλεκτρισμού,Εμπορική Χρήση,Πάφος,Γεροσκήπου
L &AMP; T RES SYSTEMS LTD,Ε002811/2020,02/10/2020,01/10/2050,1000,-,-,ΑΠΕ,Φωτοβολταϊκό Σύστημα,,Λειτουργίας Σταθμού Παραγωγής Ηλεκτρισμού,Εμπορική Χρήση,Αμμόχωστος,Αυγόρου
L &AMP; T SOLAR LTD,Ε002810/2020,02/10/2020,01/10/2050,1500,-,-,ΑΠΕ,Φωτοβολταϊκό Σύστημα,,Λειτουργίας Σταθμού Παραγωγής Ηλεκτρισμού,Εμπορική Χρήση,Αμμόχωστος,Φρέναρος
ΣΥΠΑΛ ΛΤΔ,Ε002803/2020,02/10/2020,01/10/2050,39.9,-,-,ΑΠΕ,Φωτοβολταϊκό Σύστημα,,Λειτουργίας Σταθμού Παραγωγής Ηλεκτρισμού,Αυτοπαραγωγή/Net-Billing,Λεμεσός,Φασούρι
T. &AMP; E. TTOFINIS ESTATES LTD,Ε002802/2020,02/10/2020,01/10/2050,100,-,-,ΑΠΕ,Φωτοβολταϊκό Σύστημα,,Λειτουργίας Σταθμού Παραγωγής Ηλεκτρισμού,Αυτοπαραγωγή/Net-Billing,Αμμόχωστος,Αγία Νάπα
GOLDEN REEF CO LTD,Ε002801/2020,02/10/2020,01/10/2050,17.5,-,-,ΑΠΕ,Φωτοβολταϊκό Σύστημα,,Λειτουργίας Σταθμού Παραγωγής Ηλεκτρισμού,Αυτοπαραγωγή/Net-Billing,Αμμόχωστος,Αγία Νάπα
TAKIS ANGELIDES FURNIHOME LTD,Ε002795/2020,25/09/2020,24/09/2050,35.84,-,-,ΑΠΕ,Φωτοβολταϊκό Σύστημα,,Λειτουργίας Σταθμού Παραγωγής Ηλεκτρισμού,Αυτοπαραγωγή/Net-Billing,Λευκωσία,Έγκωμη
Χ. ΧΑΡΑΛΑΜΠΟΥΣ ΛΤΔ,Ε002794/2020,25/09/2020,24/09/2050,19.72,-,-,ΑΠΕ,Φωτοβολταϊκό Σύστημα,,Λειτουργίας Σταθμού Παραγωγής Ηλεκτρισμού,Αυτοπαραγωγή/Net-Billing,Αμμόχωστος,Αγία Νάπα
S.A. KAMINIA VEGETABLES LTD,Ε002788/2020,18/09/2020,17/09/2050,19.8,-,-,ΑΠΕ,Φωτοβολταϊκό Σύστημα,,Λειτουργίας Σταθμού Παραγωγής Ηλεκτρισμού,Αυτοπαραγωγή/Net-Billing,Λευκωσία,Μένοικο
ΠΟΛΙΤΙΚΗ ΑΜΥΝΑ,Ε002787/2020,18/09/2020,17/09/2032,48,-,-,Συμβατικά Καύσιμα,ΜΕΚ,Ντίζελ,Κατασκευής - Λειτουργίας,Αυτοπαραγωγή,Κινητή Μονάδα,-
ΠΟΛΙΤΙΚΗ ΑΜΥΝΑ,Ε002786/2020,18/09/2020,17/09/2032,48,-,-,Συμβατικά Καύσιμα,ΜΕΚ,Ντίζελ,Κατασκευής - Λειτουργίας,Αυτοπαραγωγή,Κινητή Μονάδα,-
I &AMP; C HADJIYIANNAKOU (FARMS) LTD,Ε002785/2020,15/09/2020,14/09/2050,15,-,-,ΑΠΕ,Φωτοβολταϊκό Σύστημα,,Λειτουργίας Σταθμού Παραγωγής Ηλεκτρισμού,Αυτοπαραγωγή/Net-Billing,Λάρνακα,Αθηένου
ΣΤΕΓΗ ΕΥΓΗΡΙΑΣ ΑΓΙΟΣ ΑΝΤΩΝΙΟΣ,Ε002784/2020,15/09/2020,14/09/2050,24.84,-,-,ΑΠΕ,Φωτοβολταϊκό Σύστημα,,Λειτουργίας Σταθμού Παραγωγής Ηλεκτρισμού,Αυτοπαραγωγή/Net-Billing,Λευκωσία,Λακατάμεια
ΦΥΣΙΚΟ ΠΡΟΣΩΠΟ,Ε002783/2020,15/09/2020,14/09/2050,50,-,-,ΑΠΕ,Φωτοβολταϊκό Σύστημα,,Λειτουργίας Σταθμού Παραγωγής Ηλεκτρισμού,Αυτοπαραγωγή/Net-Billing,Λάρνακα,Κοφίνου
ALCO FILTERS (CYPRUS) LTD,Ε002782/2020,04/09/2020,03/09/2050,125.12,-,-,ΑΠΕ,Φωτοβολταϊκό Σύστημα,,Λειτουργίας Σταθμού Παραγωγής Ηλεκτρισμού,Αυτοπαραγωγή/Net-Billing,Λευκωσία,Λατσιά
NEW WAY ENGINEERING LTD,Ε002781/2020,04/09/2020,03/09/2050,150,-,-,ΑΠΕ,Φωτοβολταϊκό Σύστημα,,Λειτουργίας Σταθμού Παραγωγής Ηλεκτρισμού,Εμπορική Χρήση,Πάφος,Δρούσεια
ROHA PREMIUM POTATO LTD,Ε002779/2020,25/08/2020,24/08/2050,149.82,-,-,ΑΠΕ,Φωτοβολταϊκό Σύστημα,,Λειτουργίας Σταθμού Παραγωγής Ηλεκτρισμού,Αυτοπαραγωγή/Net-Billing,Λάρνακα,Ξυλοφάγου
F.C.D.S FIRST CHOICE GROUP LTD,Ε002778/2020,25/08/2020,24/08/2050,57.09,-,-,ΑΠΕ,Φωτοβολταϊκό Σύστημα,,Λειτουργίας Σταθμού Παραγωγής Ηλεκτρισμού,Αυτοπαραγωγή/Net-Billing,Λάρνακα,Αραδίππου
ΚΩΣΤΑΣ Μ. ΚΑΣΑΠΗΣ &AMP; ΥΙΟΙ ΛΤΔ,Ε002777/2020,18/08/2020,17/08/2050,19.43,-,-,ΑΠΕ,Φωτοβολταϊκό Σύστημα,,Λειτουργίας Σταθμού Παραγωγής Ηλεκτρισμού,Αυτοπαραγωγή/Net-Billing,Λάρνακα,Βορόκλινη
ΦΥΣΙΚΟ ΠΡΟΣΩΠΟ,Ε002776/2020,11/08/2020,10/08/2050,150,-,-,ΑΠΕ,Φωτοβολταϊκό Σύστημα,,Λειτουργίας Σταθμού Παραγωγής Ηλεκτρισμού,Εμπορική Χρήση,Πάφος,Πολέμι
HAFFNEVE HOLDING LTD,Ε002775/2020,11/08/2020,10/08/2050,4930,-,-,ΑΠΕ,Φωτοβολταϊκό Σύστημα,,Λειτουργίας Σταθμού Παραγωγής Ηλεκτρισμού,Εμπορική Χρήση,Λάρνακα,Μενεού
BIOLAND PROJECT 65 LTD,Ε002772/2020,11/08/2020,31/12/2029,4000,-,-,ΑΠΕ,Φωτοβολταϊκό Σύστημα,,Κατασκευής Σταθμού Παραγωγής Ηλεκτρισμού,Εμπορική Χρήση,Αμμόχωστος,Άχνας
ANGELI TOMATOWAY LTD,Ε002769/2020,04/08/2020,03/08/2050,19.765,-,-,ΑΠΕ,Φωτοβολταϊκό Σύστημα,,Λειτουργίας Σταθμού Παραγωγής Ηλεκτρισμού,Αυτοπαραγωγή/Net-Billing,Λεμεσός,Παρεκκλησιά
ΑΝΤΙΚΑΡΚΙΝΙΚΟΣ ΣΥΝΔΕΣΜΟΣ ΚΥΠΡΟΥ,Ε002768/2020,31/07/2020,30/07/2050,17,-,-,ΑΠΕ,Φωτοβολταϊκό Σύστημα,,Λειτουργίας Σταθμού Παραγωγής Ηλεκτρισμού,Αυτοπαραγωγή/Net-Billing,Λευκωσία,Στρόβολος
ISOPOL LTD,Ε002767/2020,31/07/2020,30/07/2050,20,-,-,ΑΠΕ,Φωτοβολταϊκό Σύστημα,,Λειτουργίας Σταθμού Παραγωγής Ηλεκτρισμού,Αυτοπαραγωγή/Net-Billing,Λεμεσός,Άγιος Αθανάσιος
PSAROLIMANO LTD,Ε002766/2020,31/07/2020,30/07/2050,19.8,-,-,ΑΠΕ,Φωτοβολταϊκό Σύστημα,,Λειτουργίας Σταθμού Παραγωγής Ηλεκτρισμού,Αυτοπαραγωγή/Net-Billing,Λάρνακα,Σκάλα
ΚΕΡΑΜΕΙΟ ΑΝΔΡΕΑΣ ΚΑΣΑΠΗΣ ΛΤΔ,Ε002765/2020,24/07/2020,23/07/2050,1279,-,-,ΑΠΕ,Φωτοβολταϊκό Σύστημα,,Λειτουργίας Σταθμού Παραγωγής Ηλεκτρισμού,Αυτοπαραγωγή/Net-Billing,Λάρνακα,Καλαβασός
ΓΡΗΓΟΡΙΟΥ Β.Ε. ΛΤΔ,Ε002764/2020,24/07/2020,23/07/2050,99.1,-,-,ΑΠΕ,Φωτοβολταϊκό Σύστημα,,Λειτουργίας Σταθμού Παραγωγής Ηλεκτρισμού,Αυτοπαραγωγή/Net-Billing,Λεμεσός,Ύψωνας
IRIS LENOR PV43 LTD,Ε002763/2020,24/07/2020,23/07/2050,1500,-,-,ΑΠΕ,Φωτοβολταϊκό Σύστημα,,Λειτουργίας Σταθμού Παραγωγής Ηλεκτρισμού,Εμπορική Χρήση,Λευκωσία,Άγιος Ιωάννης
ΚΩΣΤΑ ΠΑΡΠΑΣ ΚΑΙ ΥΙΟΣ ΛΤΔ,Ε002762/2020,21/07/2020,20/07/2050,19.85,-,-,ΑΠΕ,Φωτοβολταϊκό Σύστημα,,Λειτουργίας Σταθμού Παραγωγής Ηλεκτρισμού,Αυτοπαραγωγή/Net-Billing,Λάρνακα,Αθηένου
PSILOS SERVICES &AMP; CONSTRUCTIONS LTD,Ε002761/2020,17/07/2020,16/07/2032,128,-,-,Συμβατικά Καύσιμα,ΜΕΚ,Ντίζελ,Κατασκευής - Λειτουργίας,Αυτοπαραγωγή,Κινητή Μονάδα,-
PRICEWATERHOUSECOOPERS LTD,Ε002760/2020,17/07/2020,16/01/2032,560,-,-,Συμβατικά Καύσιμα,ΜΕΚ,Ντίζελ,Κατασκευής - Λειτουργίας,Εφεδρεία,Λευκωσία,Αγίοι ομολογητές
LOUIS PHAETHON BEACH HOTEL,Ε002759/2020,17/07/2020,16/07/2032,400,-,-,Συμβατικά Καύσιμα,ΜΕΚ,Ντίζελ,Λειτουργίας Σταθμού Παραγωγής Ηλεκτρισμού,Εφεδρεία,Πάφος,Γεροσκήπου
ΔΗΜΟΣ ΑΓΙΑΣ ΝΑΠΑΣ,Ε002758/2020,17/07/2020,16/07/2032,160,-,-,Συμβατικά Καύσιμα,ΜΕΚ,Ντίζελ,Κατασκευής - Λειτουργίας,Εφεδρεία,Αμμόχωστος,Αγία Νάπα
V.M.P ENTERPRISES LTD,Ε002757/2020,17/07/2020,16/07/2032,264,-,-,Συμβατικά Καύσιμα,ΜΕΚ,Ντίζελ,Κατασκευής - Λειτουργίας,Εφεδρεία,Αμμόχωστος,Παραλίμνι
MCC BEST VALUE LTD,Ε002756/2020,17/07/2020,16/07/2032,385,-,-,Συμβατικά Καύσιμα,ΜΕΚ,Ντίζελ,Κατασκευής - Λειτουργίας,Εφεδρεία,Λεμεσός,Ενορία Ομονοίας
ΦΥΣΙΚΟ ΠΡΟΣΩΠΟ,Ε002755/2020,17/07/2020,16/07/2032,56.25,-,-,Συμβατικά Καύσιμα,ΜΕΚ,Ντίζελ,Κατασκευής - Λειτουργίας,Εφεδρεία,Λεμεσός,Πισσούρι
ΙΔΙΩΤΙΚΟ ΝΟΣΟΚΟΜΕΙΟ ΑΓΙΟΣ ΓΕΩΡΓΙΟΣ - ΠΑΦΟ,Ε002754/2020,17/07/2020,16/07/2032,34,-,-,Συμβατικά Καύσιμα,ΜΕΚ,Ντίζελ,Κατασκευής - Λειτουργίας,,Πάφος,Πάφος
BIOLAND PROJECT 8 LTD,Ε002746/2020,17/07/2020,16/07/2050,1500,-,-,ΑΠΕ,Φωτοβολταϊκό Σύστημα,,Λειτουργίας Σταθμού Παραγωγής Ηλεκτρισμού,Εμπορική Χρήση,Λευκωσία,Πάνω Κουτραφάς
IRIS LENOR ENERGY LTD,Ε002745/2020,17/07/2020,16/07/2050,1500,-,-,ΑΠΕ,Φωτοβολταϊκό Σύστημα,,Λειτουργίας Σταθμού Παραγωγής Ηλεκτρισμού,Εμπορική Χρήση,Λευκωσία,Άγιος Ιωάννης
BIOLAND PROJECT 2 LTD,Ε002744/2020,17/07/2020,16/07/2050,2000,-,-,ΑΠΕ,Φωτοβολταϊκό Σύστημα,,Λειτουργίας Σταθμού Παραγωγής Ηλεκτρισμού,Εμπορική Χρήση,Λάρνακα,Μαρώνι
ΧΡΙΣΤΑΚΗΣ ΠΙΤΤΑΣ ΜΩΣΑΙΚΑ ΜΑΡΜΑΡΑ ΛΤΔ,Ε002743/2020,10/07/2020,09/07/2050,40,-,-,ΑΠΕ,Φωτοβολταϊκό Σύστημα,,Λειτουργίας Σταθμού Παραγωγής Ηλεκτρισμού,Αυτοπαραγωγή/Net-Billing,Λεμεσός,Ύψωνας
L.K. ENERGY LTD,Ε002741/2020,10/07/2020,09/07/2027,4100,-,-,ΑΠΕ,Φωτοβολταϊκό Σύστημα,,Κατασκευής Σταθμού Παραγωγής Ηλεκτρισμού,Εμπορική Χρήση,Λεμεσός,Ανώγυρα
J. SARDALOS AND SONS LTD,Ε002740/2020,03/07/2020,02/07/2050,80,-,-,ΑΠΕ,Φωτοβολταϊκό Σύστημα,,Λειτουργίας Σταθμού Παραγωγής Ηλεκτρισμού,Αυτοπαραγωγή/Net-Billing,Αμμόχωστος,Δερύνεια
A.G.A TOURISTIC CO LTD,Ε002739/2020,03/07/2020,02/07/2050,19.95,-,-,ΑΠΕ,Φωτοβολταϊκό Σύστημα,,Λειτουργίας Σταθμού Παραγωγής Ηλεκτρισμού,Αυτοπαραγωγή/Net-Billing,Αμμόχωστος,Παραλίμνι
CANACO HOTELS LTD,Ε002738/2020,03/07/2020,02/07/2050,19.84,-,-,ΑΠΕ,Φωτοβολταϊκό Σύστημα,,Λειτουργίας Σταθμού Παραγωγής Ηλεκτρισμού,Αυτοπαραγωγή/Net-Billing,Αμμόχωστος,Παραλίμνι
ALENDORO LTD,Ε002737/2020,03/07/2020,02/07/2050,19.95,-,-,ΑΠΕ,Φωτοβολταϊκό Σύστημα,,Λειτουργίας Σταθμού Παραγωγής Ηλεκτρισμού,Αυτοπαραγωγή/Net-Billing,Αμμόχωστος,Παραλίμνι
RISALA ESTATES LTD,Ε002736/2020,03/07/2020,02/07/2050,19.84,-,-,ΑΠΕ,Φωτοβολταϊκό Σύστημα,,Λειτουργίας Σταθμού Παραγωγής Ηλεκτρισμού,Αυτοπαραγωγή/Net-Billing,Αμμόχωστος,Παραλίμνι
Α.Μ ΧΡΥΣΑΦΙΝΗΣ ΛΤΔ,Ε002735/2020,03/07/2020,02/07/2050,19.95,-,-,ΑΠΕ,Φωτοβολταϊκό Σύστημα,,Λειτουργίας Σταθμού Παραγωγής Ηλεκτρισμού,Αυτοπαραγωγή/Net-Billing,Αμμόχωστος,Παραλίμνι
SUNRISE HOTELS LTD,Ε002734/2020,03/07/2020,02/07/2050,19.95,-,-,ΑΠΕ,Φωτοβολταϊκό Σύστημα,,Λειτουργίας Σταθμού Παραγωγής Ηλεκτρισμού,Αυτοπαραγωγή/Net-Billing,Αμμόχωστος,Παραλίμνι
ΤΜΗΜΑ ΗΛΕΚΤΡΟΜΗΧΑΝΟΛΟΓΙΚΩΝ ΥΠΗΡΕΣΙΩΝ,Ε002733/2020,03/07/2020,02/07/2050,15,-,-,ΑΠΕ,Φωτοβολταϊκό Σύστημα,,Λειτουργίας Σταθμού Παραγωγής Ηλεκτρισμού,Αυτοπαραγωγή/Net-Billing,Λευκωσία,Λευκωσία
ΔΗΜΟΣ ΛΕΥΚΩΣΙΑΣ,Ε002732/2020,03/07/2020,02/07/2050,12.1,-,-,ΑΠΕ,Φωτοβολταϊκό Σύστημα,,Λειτουργίας Σταθμού Παραγωγής Ηλεκτρισμού,Αυτοπαραγωγή/Net-Billing,Λευκωσία,-
CYQUIP ENGINEERING SERVICES LTD,Ε002731/2020,30/06/2020,29/06/2050,249,-,-,ΑΠΕ,Φωτοβολταϊκό Σύστημα,,Λειτουργίας Σταθμού Παραγωγής Ηλεκτρισμού,Αυτοπαραγωγή/Net-Billing,Πάφος,Αγία Βαρβάρα
L &AMP; T PV TECH LTD,Ε002730/2020,26/06/2020,25/06/2050,1000,-,-,ΑΠΕ,Φωτοβολταϊκό Σύστημα,,Λειτουργίας Σταθμού Παραγωγής Ηλεκτρισμού,Εμπορική Χρήση,Λευκωσία,Γέρι
A.CH. DMD FUTURE ENERGY LTD,Ε002729/2020,26/06/2020,25/06/2050,150,-,-,ΑΠΕ,Φωτοβολταϊκό Σύστημα,,Λειτουργίας Σταθμού Παραγωγής Ηλεκτρισμού,Εμπορική Χρήση,Πάφος,Νατά
ΔΑΣΙΚΕΣ ΒΙΟΜΗΧΑΝΙΕΣ ΚΥΠΡΟΥ ΔΗΜΟΣΙΑ ΛΤΔ,Ε002728/2020,26/06/2020,25/06/2050,482.8,-,-,ΑΠΕ,Φωτοβολταϊκό Σύστημα,,Λειτουργίας Σταθμού Παραγωγής Ηλεκτρισμού,Αυτοπαραγωγή/Net-Billing,Λευκωσία,Παλιομέτοχο
L &AMP; T ENERGIA LTD,Ε002727/2020,19/06/2020,18/06/2050,1500,-,-,ΑΠΕ,Φωτοβολταϊκό Σύστημα,,Λειτουργίας Σταθμού Παραγωγής Ηλεκτρισμού,Εμπορική Χρήση,Λευκωσία,Δάλι
ΗΦΑΙΣΤΟΣ ΦΩΤΟΒΟΛΤΑΙΚΟ ΠΑΡΚΟ ΛΤΔ,Ε002726/2020,19/06/2020,18/06/2050,150,-,-,ΑΠΕ,Φωτοβολταϊκό Σύστημα,,Λειτουργίας Σταθμού Παραγωγής Ηλεκτρισμού,Εμπορική Χρήση,Λευκωσία,Άγιος Ιωάννης
AEROPONICS MEDITERRANEAN (A.M) LTD,Ε002725/2020,19/06/2020,18/06/2050,30,-,-,ΑΠΕ,Φωτοβολταϊκό Σύστημα,,Λειτουργίας Σταθμού Παραγωγής Ηλεκτρισμού,Αυτοπαραγωγή/Net-Billing,Λάρνακα,Ψεματισμένος
JWPEGASUS LTD,Ε002724/2020,19/06/2020,18/06/2050,19.61,-,-,ΑΠΕ,Φωτοβολταϊκό Σύστημα,,Λειτουργίας Σταθμού Παραγωγής Ηλεκτρισμού,Αυτοπαραγωγή/Net-Billing,Λάρνακα,-
101 DEVELOPMENT COMPANY LTD,Ε002719/2020,16/06/2020,15/06/2050,38.13,-,-,ΑΠΕ,Φωτοβολταϊκό Σύστημα,,Λειτουργίας Σταθμού Παραγωγής Ηλεκτρισμού,Αυτοπαραγωγή/Net-Billing,Λευκωσία,Λευκωσία
BIOLAND PROJECT 76 LTD,Ε002717/2020,12/06/2020,11/06/2027,1500,1500,6000,ΑΠΕ,Φωτοβολταϊκό Σύστημα,,Κατασκευής Σταθμού Παραγωγής Ηλεκτρισμού,Εμπορική Χρήση,Λευκωσία,Πάνω Δευετρά
BIOLAND PROJECT 77 LTD,Ε002716/2020,12/06/2020,11/06/2029,1500,1500,6000,ΑΠΕ,Φωτοβολταϊκό Σύστημα,,Κατασκευής Σταθμού Παραγωγής Ηλεκτρισμού,Εμπορική Χρήση,Λευκωσία,Ορούντα
ΙΔΙΩΤΙΚΟ ΦΡΟΝΤΙΣΤΗΡΙΟΝ ΞΕΝΙΑ ΤΣΟΛΑΚΗ-ΜΕΤΑΞΑ ΛΤΔ ,Ε002709/2020,22/05/2020,21/05/2032,26.4,-,-,Συμβατικά Καύσιμα,ΜΕΚ,Ντίζελ,Κατασκευής - Λειτουργίας,Εφεδρεία,Λεμεσός,Γερμασόγεια
PROTON MEDICAL (CYPRUS) LTD,Ε002708/2020,22/05/2020,21/05/2032,24,-,-,Συμβατικά Καύσιμα,ΜΕΚ,Ντίζελ,Κατασκευής - Λειτουργίας,Εφεδρεία,Λευκωσία,-
ΥΠΟΥΡΓΕΙΟ ΑΜΥΝΑΣ,Ε002707/2020,22/05/2020,21/05/2032,33,-,-,Συμβατικά Καύσιμα,ΜΕΚ,Ντίζελ,Κατασκευής - Λειτουργίας,Εφεδρεία,Λευκωσία,Λακατάμεια
P. ORPHANIDES STEEL CONSTRUCTION LTD,Ε002706/2020,22/05/2020,21/05/2050,46.2,-,-,ΑΠΕ,Φωτοβολταϊκό Σύστημα,,Λειτουργίας Σταθμού Παραγωγής Ηλεκτρισμού,Αυτοπαραγωγή/Net-Billing,Αμμόχωστος,Δερύνεια
ZEMCO CONSTRUCTION LTD,Ε002705/2020,22/05/2020,21/05/2050,19.8,-,-,ΑΠΕ,Φωτοβολταϊκό Σύστημα,,Λειτουργίας Σταθμού Παραγωγής Ηλεκτρισμού,Αυτοπαραγωγή/Net-Billing,Λεμεσός,-
ΦΥΣΙΚΟ ΠΡΟΣΩΠΟ,Ε002704/2020,15/05/2020,14/05/2050,60,-,-,ΑΠΕ,Φωτοβολταϊκό Σύστημα,,Λειτουργίας Σταθμού Παραγωγής Ηλεκτρισμού,Εμπορική Χρήση,Πάφος,Γουδί
 D.O.M.S ASSETS LTD,Ε002703/2020,15/05/2020,14/05/2050,108.5,-,-,ΑΠΕ,Φωτοβολταϊκό Σύστημα,,Λειτουργίας Σταθμού Παραγωγής Ηλεκτρισμού,Αυτοπαραγωγή/Net-Billing,Λευκωσία,Έγκωμη
Α. ΜΙΝΤΙΚΚΗΣ ΦΑΡΜ ΛΤΔ,Ε002692/2020,08/05/2020,07/05/2050,30,-,-,ΑΠΕ,Φωτοβολταϊκό Σύστημα,,Λειτουργίας Σταθμού Παραγωγής Ηλεκτρισμού,Αυτοπαραγωγή/Net-Billing,Λευκωσία,Δευτερά
FAMELINE PROPERTIES LTD,Ε002691/2020,08/05/2020,07/05/2050,36,-,-,ΑΠΕ,Φωτοβολταϊκό Σύστημα,,Λειτουργίας Σταθμού Παραγωγής Ηλεκτρισμού,Αυτοπαραγωγή/Net-Billing,Λεμεσός,Μέσα Γειτονιά
PC TRASKEI COMPANY LTD,Ε002690/2020,05/05/2020,04/05/2050,17.16,-,-,ΑΠΕ,Φωτοβολταϊκό Σύστημα,,Λειτουργίας Σταθμού Παραγωγής Ηλεκτρισμού,Αυτοπαραγωγή/Net-Billing,Λευκωσία,Έγκωμη
CYPRUS TRADING CORPORATION PLC,Ε002689/2020,28/04/2020,27/04/2032,96,-,-,Συμβατικά Καύσιμα,ΜΕΚ,Ντίζελ,Κατασκευής - Λειτουργίας,Εφεδρεία,Λευκωσία,Δάλι
CYPRUS TRADING CORPORATION PLC,Ε002688/2020,28/04/2020,27/04/2032,640,-,-,Συμβατικά Καύσιμα,ΜΕΚ,Ντίζελ,Λειτουργίας Σταθμού Παραγωγής Ηλεκτρισμού,Εφεδρεία,Λευκωσία,Νήσου
CRYOS INTERNATIONAL - CYPRUS LTD,Ε002686/2020,28/04/2020,27/04/2032,34,-,-,Συμβατικά Καύσιμα,ΜΕΚ,Ντίζελ,Κατασκευής - Λειτουργίας,Εφεδρεία,Λευκωσία,Άγιος Δομέτιος
IRON MOUNTAIN CYPRUS LTD,Ε002685/2020,28/04/2020,27/04/2032,26.4,-,-,Συμβατικά Καύσιμα,ΜΕΚ,Ντίζελ,Κατασκευής - Λειτουργίας,Εφεδρεία,Λευκωσία,Κοκκινοτρεμιθιά
ATLASPANTOU CO LTD,Ε002684/2020,28/04/2020,27/04/2032,80,-,-,Συμβατικά Καύσιμα,ΜΕΚ,Ντίζελ,Κατασκευής - Λειτουργίας,Αυτοπαραγωγή,Κινητή Μονάδα,-
ATLASPANTOU CO LTD,Ε002683/2020,28/04/2020,27/04/2032,48,-,-,Συμβατικά Καύσιμα,ΜΕΚ,Ντίζελ,Κατασκευής - Λειτουργίας,Αυτοπαραγωγή,Κινητή Μονάδα,-
ΥΠΟΥΡΓΕΙΟ ΑΜΥΝΑΣ,Ε002682/2020,28/04/2020,27/04/2032,160,-,-,Συμβατικά Καύσιμα,ΜΕΚ,Ντίζελ,Κατασκευής - Λειτουργίας,Εφεδρεία,Λευκωσία,Νήσου
ΙΔΙΩΤΙΚΟ ΝΟΣΟΚΟΜΕΙΟ ΑΓΙΟΣ ΡΑΦΑΗΛ,Ε002681/2020,28/04/2020,27/04/2032,240,-,-,Συμβατικά Καύσιμα,ΜΕΚ,Ντίζελ,Λειτουργίας Σταθμού Παραγωγής Ηλεκτρισμού,Εφεδρεία,Λάρνακα,Λάρνακα
Χ. ΧΑΡΑΛΑΜΠΟΥΣ ΛΤΔ,Ε002680/2020,28/04/2020,27/04/2032,104,-,-,Συμβατικά Καύσιμα,ΜΕΚ,Ντίζελ,Κατασκευής - Λειτουργίας,Εφεδρεία,Αμμόχωστος,Αγία Νάπα
AGV KLIMACONTROL LTD,Ε002679/2020,24/04/2020,23/04/2032,145,-,-,Συμβατικά Καύσιμα,ΜΕΚ,Ντίζελ,Κατασκευής - Λειτουργίας,Εφεδρεία,Λευκωσία,Δάλι
ΦΥΣΙΚΟ ΠΡΟΣΩΠΟ,Ε002678/2020,24/04/2020,23/04/2032,24,-,-,Συμβατικά Καύσιμα,ΜΕΚ,Ντίζελ,Κατασκευής - Λειτουργίας,Εφεδρεία,Λάρνακα,Καλό Χωριό
DTA ATHANASIOU MANAGEMENT &AMP; ADMINISTRATION LTD,Ε002677/2020,24/04/2020,23/04/2032,13.6,-,-,Συμβατικά Καύσιμα,ΜΕΚ,Ντίζελ,Κατασκευής - Λειτουργίας,Εφεδρεία,Λεμεσός,Γερμασόγεια
Α. ATHANASIOU HOLDINGS LTD,Ε002676/2020,24/04/2020,23/04/2032,14,-,-,Συμβατικά Καύσιμα,ΜΕΚ,Ντίζελ,Κατασκευής - Λειτουργίας,Εφεδρεία,Λεμεσός,Γερμασόγεια
LONGSHIFT ASSETS LTD,Ε002675/2020,24/04/2020,23/04/2032,102,-,-,Συμβατικά Καύσιμα,ΜΕΚ,Ντίζελ,Κατασκευής - Λειτουργίας,Εφεδρεία,Λευκωσία,Νήσου
GALASCOPE LTD,Ε002674/2020,14/04/2020,13/04/2050,5000,-,-,ΑΠΕ,Φωτοβολταϊκό Σύστημα,,Λειτουργίας Σταθμού Παραγωγής Ηλεκτρισμού,Εμπορική Χρήση,Αμμόχωστος,Αυγόρου
GALASCOPE LTD,Ε002673/2020,14/04/2020,13/04/2050,2500,-,-,ΑΠΕ,Φωτοβολταϊκό Σύστημα,,Λειτουργίας Σταθμού Παραγωγής Ηλεκτρισμού,Εμπορική Χρήση,Αμμόχωστος,Αυγόρου
BIOLAND PROJECT 26 LTD,Ε002670/2020,14/04/2020,31/12/2028,1200,1200,4800,ΑΠΕ,Φωτοβολταϊκό Σύστημα,,Κατασκευής Σταθμού Παραγωγής Ηλεκτρισμού,Εμπορική Χρήση,Λευκωσία,Πολιτικό
ΔΗΜΟΣ ΑΡΑΔΙΠΠΟΥ,Ε002666/2020,14/04/2020,13/04/2027,3610,-,-,ΑΠΕ,Φωτοβολταϊκό Σύστημα,,Κατασκευής Σταθμού Παραγωγής Ηλεκτρισμού,Εμπορική Χρήση,Λάρνακα,Αραδίππου
 CYFIELD LARNACA DEVELOPMENT LIMITED,Ε002663/2020,31/03/2020,30/03/2050,18.975,-,-,ΑΠΕ,Φωτοβολταϊκό Σύστημα,,Λειτουργίας Σταθμού Παραγωγής Ηλεκτρισμού,Αυτοπαραγωγή/Net-Billing,Λάρνακα,Λάρνακα
CLASSONE SOLAR GARDEN LTD,Ε002654/2020,19/03/2020,18/03/2050,3000,-,-,ΑΠΕ,Φωτοβολταϊκό Σύστημα,,Λειτουργίας Σταθμού Παραγωγής Ηλεκτρισμού,Εμπορική Χρήση,Λεμεσός,Πισσούρι
MITSIOS TRADING LTD,Ε002653/2020,19/03/2020,18/03/2050,215.76,-,-,ΑΠΕ,Φωτοβολταϊκό Σύστημα,,Λειτουργίας Σταθμού Παραγωγής Ηλεκτρισμού,Αυτοπαραγωγή/Net-Billing,Λευκωσία,Δάλι
ΗΛΙΑΣ ΔΗΜΟΣΘΕΝΟΥΣ ΛΤΔ,Ε002652/2020,19/03/2020,18/03/2050,87.68,-,-,ΑΠΕ,Φωτοβολταϊκό Σύστημα,,Λειτουργίας Σταθμού Παραγωγής Ηλεκτρισμού,Αυτοπαραγωγή/Net-Billing,Πάφος,-
M. MICHAEL METALS LTD,Ε002651/2020,19/03/2020,18/03/2050,57.6,-,-,ΑΠΕ,Φωτοβολταϊκό Σύστημα,,Λειτουργίας Σταθμού Παραγωγής Ηλεκτρισμού,Αυτοπαραγωγή/Net-Billing,Πάφος,Αγία Βαρβάρα
ΣΥΝΟΜΟΣΠΟΝΔΙΑ ΕΡΓΑΖΟΜΕΝΩΝ ΚΥΠΡΟΥ,Ε002650/2020,19/03/2020,18/03/2050,19.8,-,-,ΑΠΕ,Φωτοβολταϊκό Σύστημα,,Λειτουργίας Σταθμού Παραγωγής Ηλεκτρισμού,Αυτοπαραγωγή/Net-Billing,Λευκωσία,Στρόβολος
ΕΠΙΠΛΩΣΕΙΣ ΝΟΡΑ ΛΤΔ,Ε002649/2020,19/03/2020,18/03/2050,80.025,-,-,ΑΠΕ,Φωτοβολταϊκό Σύστημα,,Λειτουργίας Σταθμού Παραγωγής Ηλεκτρισμού,Αυτοπαραγωγή/Net-Billing,Λευκωσία,Λατσιά
I.P.D. HELIOTROPIO LTD,Ε002648/2020,13/03/2020,12/03/2050,150,-,-,ΑΠΕ,Φωτοβολταϊκό Σύστημα,,Λειτουργίας Σταθμού Παραγωγής Ηλεκτρισμού,Εμπορική Χρήση,Πάφος,Πάνω Αρόδες
ACAM PAPACHRISTOU BROS LTD,Ε002647/2020,03/03/2020,02/03/2050,19.76,-,-,ΑΠΕ,Φωτοβολταϊκό Σύστημα,,Λειτουργίας Σταθμού Παραγωγής Ηλεκτρισμού,Αυτοπαραγωγή/Net-Billing,Λευκωσία,Λατσιά
ΑΝΔΡΕΑΣ ΖΟΥΡΚΑΣ (ΦΡΟΥΤΑΡΙΑ) ΛΤΔ,Ε002646/2020,03/03/2020,02/03/2050,20,-,-,ΑΠΕ,Φωτοβολταϊκό Σύστημα,,Λειτουργίας Σταθμού Παραγωγής Ηλεκτρισμού,Αυτοπαραγωγή/Net-Billing,Λάρνακα,Αραδίππου
BIOLAND PROJECT 71 LTD,Ε002645/2020,03/03/2020,31/12/2028,3800,3800,15200,ΑΠΕ,Φωτοβολταϊκό Σύστημα,,Κατασκευής Σταθμού Παραγωγής Ηλεκτρισμού,Εμπορική Χρήση,Λευκωσία,Ορούντα
HELIOTRICITY LOFOU PV PARKS LTD,Ε002644/2020,03/03/2020,02/03/2027,4400,-,-,ΑΠΕ,Φωτοβολταϊκό Σύστημα,,Κατασκευής Σταθμού Παραγωγής Ηλεκτρισμού,Εμπορική Χρήση,Λεμεσός,Άγιος Θεράπων
FNK STEEL INDUSTRIES LTD,Ε002643/2020,25/02/2020,24/02/2050,149.41,-,-,ΑΠΕ,Φωτοβολταϊκό Σύστημα,,Λειτουργίας Σταθμού Παραγωγής Ηλεκτρισμού,Αυτοπαραγωγή/Net-Billing,Λευκωσία,Λατσιά
LORDOS UNITED PLASTICS PUBLIC LTD,Ε002641/2020,25/02/2020,24/02/2050,500,-,-,ΑΠΕ,Φωτοβολταϊκό Σύστημα,,Λειτουργίας Σταθμού Παραγωγής Ηλεκτρισμού,Αυτοπαραγωγή/Net-Billing,Λεμεσός,Άγιος Σπυρίδωνας
EVENINGFALL INVESTEMENTS LTD,Ε002640/2020,25/02/2020,24/02/2050,30.21,-,-,ΑΠΕ,Φωτοβολταϊκό Σύστημα,,Λειτουργίας Σταθμού Παραγωγής Ηλεκτρισμού,Αυτοπαραγωγή/Net-Billing,Λάρνακα,Τερσεφάνου
ΦΑΡΜΑ ΒΑΣΟΣ ΠΑΝΤΕΛΗ ΛΤΔ,Ε002631/2020,18/02/2020,17/02/2050,19.84,-,-,ΑΠΕ,Φωτοβολταϊκό Σύστημα,,Λειτουργίας Σταθμού Παραγωγής Ηλεκτρισμού,Αυτοπαραγωγή/Net-Billing,Λεμεσός,Μαρκί
UNIPLANT LTD,Ε002630/2020,18/02/2020,17/02/2050,43.84,-,-,ΑΠΕ,Φωτοβολταϊκό Σύστημα,,Λειτουργίας Σταθμού Παραγωγής Ηλεκτρισμού,Αυτοπαραγωγή/Net-Billing,Λευκωσία,Λατσιά
NEW WAY ENGINEERING LTD,Ε002622/2020,14/02/2020,13/02/2050,150,-,-,ΑΠΕ,Φωτοβολταϊκό Σύστημα,,Λειτουργίας Σταθμού Παραγωγής Ηλεκτρισμού,Εμπορική Χρήση,Πάφος,Δρούσεια
NEW WAY ENGINEERING LTD,Ε002621/2020,14/02/2020,13/02/2050,150,-,-,ΑΠΕ,Φωτοβολταϊκό Σύστημα,,Λειτουργίας Σταθμού Παραγωγής Ηλεκτρισμού,Εμπορική Χρήση,Πάφος,Πάνω Αρόδες
GEORGE PETROU LTD,Ε002620/2020,11/02/2020,10/02/2050,51.24,-,-,ΑΠΕ,Φωτοβολταϊκό Σύστημα,,Λειτουργίας Σταθμού Παραγωγής Ηλεκτρισμού,Αυτοπαραγωγή/Net-Billing,Λευκωσία,Λατσιά
MEFAL PUBLIC LTD,Ε002619/2020,21/01/2020,20/01/2032,160,-,-,Συμβατικά Καύσιμα,ΜΕΚ,,Κατασκευής - Λειτουργίας,Εφεδρεία,Λάρνακα,Αραδίππου
M.M. MAKRONISOS MARINA LTD,Ε002618/2020,21/01/2020,20/01/2032,464,-,-,Συμβατικά Καύσιμα,ΜΕΚ,Ντίζελ,Κατασκευής - Λειτουργίας,Εφεδρεία,Αμμόχωστος,Aγία Νάπα
ΣΥΜΒΟΥΛΙΟ ΑΠΟΧΕΤΕΥΣΕΩΣ ΛΕΜΕΣΟΥ ΑΜΑΘΟΥΝΤΑΣ,Ε002617/2020,21/01/2020,20/01/2032,24,-,-,Συμβατικά Καύσιμα,ΜΕΚ,Ντίζελ,Λειτουργίας Σταθμού Παραγωγής Ηλεκτρισμού,Εφεδρεία,Λεμεσός,-
ΣΥΜΒΟΥΛΙΟ ΑΠΟΧΕΤΕΥΣΕΩΣ ΛΕΜΕΣΟΥ ΑΜΑΘΟΥΝΤΑΣ,Ε002616/2020,21/01/2020,20/01/2032,68,-,-,Συμβατικά Καύσιμα,ΜΕΚ,Ντίζελ,Λειτουργίας Σταθμού Παραγωγής Ηλεκτρισμού,Εφεδρεία,Λεμεσός,-
ΣΥΜΒΟΥΛΙΟ ΑΠΟΧΕΤΕΥΣΕΩΣ ΛΕΜΕΣΟΥ ΑΜΑΘΟΥΝΤΑΣ,Ε002615/2020,21/01/2020,20/01/2032,52,-,-,Συμβατικά Καύσιμα,ΜΕΚ,Ντίζελ,Λειτουργίας Σταθμού Παραγωγής Ηλεκτρισμού,Εφεδρεία,Λεμεσός,-
ΣΥΜΒΟΥΛΙΟ ΑΠΟΧΕΤΕΥΣΕΩΣ ΛΕΜΕΣΟΥ ΑΜΑΘΟΥΝΤΑΣ,Ε002614/2020,21/01/2020,20/01/2032,52,-,-,Συμβατικά Καύσιμα,ΜΕΚ,Ντίζελ,Λειτουργίας Σταθμού Παραγωγής Ηλεκτρισμού,Εφεδρεία,Λεμεσός,Άγιος Αντώνιος
ΣΥΜΒΟΥΛΙΟ ΑΠΟΧΕΤΕΥΣΕΩΣ ΛΕΜΕΣΟΥ ΑΜΑΘΟΥΝΤΑΣ,Ε002613/2020,21/01/2020,20/01/2032,220,-,-,Συμβατικά Καύσιμα,ΜΕΚ,Ντίζελ,Λειτουργίας Σταθμού Παραγωγής Ηλεκτρισμού,Εφεδρεία,Λεμεσός,Άγιος Αθανάσιος
THR MEGA CASH &AMP; CARRY LTD,Ε002612/2020,21/01/2020,20/01/2032,108,-,-,Συμβατικά Καύσιμα,ΜΕΚ,Ντίζελ,Κατασκευής - Λειτουργίας,Εφεδρεία,Αμμόχωστος,Δερύνεια
AEROPONICS MEDITERRANEAN (A.M) LTD,Ε002611/2020,21/01/2020,20/01/2032,108,-,-,Συμβατικά Καύσιμα,ΜΕΚ,Ντίζελ,Κατασκευής - Λειτουργίας,Εφεδρεία,Λάρνακα,Ψεματισμένος
ΥΠΟΥΡΓΕΙΟ ΑΜΥΝΑΣ,Ε002610/2020,21/01/2020,20/01/2032,48,-,-,Συμβατικά Καύσιμα,ΜΕΚ,Ντίζελ,Κατασκευής - Λειτουργίας,Εφεδρεία,Λεμεσός,Τριμίκλινη
ΥΠΟΥΡΓΕΙΟ ΑΜΥΝΑΣ,Ε002609/2020,21/01/2020,20/01/2032,79,-,-,Συμβατικά Καύσιμα,ΜΕΚ,Ντίζελ,Κατασκευής - Λειτουργίας,Εφεδρεία,Λεμεσός,Παλώδια
MCT ENTERPRISES LTD,Ε002608/2020,21/01/2020,20/01/2032,280,-,-,Συμβατικά Καύσιμα,ΜΕΚ,Πετρέλαιο,Κατασκευής - Λειτουργίας,Εφεδρεία,Αμμόχωστος,Παραλίμνι
MCT ENTERPRISES LTD,Ε002607/2020,21/01/2020,20/01/2032,176,-,-,Συμβατικά Καύσιμα,ΜΕΚ,Πετρέλαιο,Κατασκευής - Λειτουργίας,Εφεδρεία,Αμμόχωστος,Παραλίμνι
DYNAMO MOTOR REPAIRS LTD,Ε002606/2020,21/01/2020,20/01/2032,80,-,-,Συμβατικά Καύσιμα,ΜΕΚ,Ντίζελ,Κατασκευής - Λειτουργίας,Αυτοπαραγωγή,Κινητή Μονάδα,-
ΦΥΣΙΚΟ ΠΡΟΣΩΠΟ,Ε002602/2020,17/01/2020,16/01/2050,2000,-,-,ΑΠΕ,Φωτοβολταϊκό Σύστημα,,Λειτουργίας Σταθμού Παραγωγής Ηλεκτρισμού,Εμπορική Χρήση,Αμμόχωστος,Φρέναρος
D.P. ELSIM LTD,Ε002601/2020,17/01/2020,16/01/2050,1500,-,-,ΑΠΕ,Φωτοβολταϊκό Σύστημα,,Λειτουργίας Σταθμού Παραγωγής Ηλεκτρισμού,Εμπορική Χρήση,Αμμόχωστος,Αυγόρου
D.P. ELSIM LTD,Ε002600/2020,17/01/2020,16/01/2050,1500,-,-,ΑΠΕ,Φωτοβολταϊκό Σύστημα,,Λειτουργίας Σταθμού Παραγωγής Ηλεκτρισμού,Εμπορική Χρήση,Αμμόχωστος,Αυγόρου
MUSKITA ALUMINIUM INDUSTRIES LTD,Ε002599/2020,17/01/2020,16/01/2050,1500,-,-,ΑΠΕ,Φωτοβολταϊκό Σύστημα,,Λειτουργίας Σταθμού Παραγωγής Ηλεκτρισμού,Αυτοπαραγωγή/Net-Billing,Λεμεσός,Βιομηχανική Αγίου Σπυρίδωνα
MUSKITA ALUMINIUM INDUSTRIES LTD,Ε002598/2020,17/01/2020,16/01/2050,1000,-,-,ΑΠΕ,Φωτοβολταϊκό Σύστημα,,Λειτουργίας Σταθμού Παραγωγής Ηλεκτρισμού,Αυτοπαραγωγή/Net-Billing,Λεμεσός,Βιομηχανική Αγίου Σπυρίδωνα
ΠΟΛΥΚΛΙΝΙΚΗ ΥΓΕΙΑ ΔΗΜΟΣΙΑ ΕΤΑΙΡΕΙΑ ΛΤΔ,Ε002597/2020,17/01/2020,16/01/2032,648,-,-,Συμβατικά Καύσιμα,ΜΕΚ,Ντίζελ,Λειτουργίας Σταθμού Παραγωγής Ηλεκτρισμού,Εφεδρεία,Λεμεσός,Λεμεσός
ΦΥΣΙΚΟ ΠΡΟΣΩΠΟ,Ε002596/2020,17/01/2020,16/01/2032,52.8,-,-,Συμβατικά Καύσιμα,ΜΕΚ,Ντίζελ,Κατασκευής - Λειτουργίας,Εφεδρεία,Λάρνακα,Σκαρίνου
ΦΥΣΙΚΟ ΠΡΟΣΩΠΟ,Ε002595/2020,17/01/2020,16/01/2032,56,-,-,Συμβατικά Καύσιμα,ΜΕΚ,Ντίζελ,Κατασκευής - Λειτουργίας,Εφεδρεία,Λεμεσός,Ερήμη
ΦΥΣΙΚΟ ΠΡΟΣΩΠΟ,Ε002594/2020,17/01/2020,16/01/2032,34,-,-,Συμβατικά Καύσιμα,ΜΕΚ,Ντίζελ,Κατασκευής - Λειτουργίας,Εφεδρεία,Λεμεσός,Ερήμη
ΑΔΜΑΣΤΑΝΔΗ ΛΤΔ,Ε002593/2020,17/01/2020,16/01/2032,264,-,-,Συμβατικά Καύσιμα,ΜΕΚ,Ντίζελ,Κατασκευής - Λειτουργίας,Εφεδρεία,Λάρνακα,Κελλιά
ΣΥΜΒΟΥΛΙΟ ΑΠΟΧΕΤΕΥΣΕΩΝ ΛΕΜΕΣΟΥ ΑΜΑΘΟΥΝΤΑΣ,Ε002592/2020,17/01/2020,16/01/2032,440,-,-,Συμβατικά Καύσιμα,ΜΕΚ,Ντίζελ,Κατασκευής - Λειτουργίας,Εφεδρεία,Λεμεσός,-
ΛΟΙΖΟΣ ΤΟΦΑΡΗ ΛΤΔ,Ε002591/2020,17/01/2020,16/01/2032,19.2,-,-,Συμβατικά Καύσιμα,ΜΕΚ,Ντίζελ,Κατασκευής - Λειτουργίας,Αυτοπαραγωγή,Κινητή Μονάδα,-
T. &AMP; E. TTOFINIS ESTATES LTD (NISSIBLU BEACH HOTEL),Ε002590/2020,17/01/2020,16/01/2032,440,-,-,Συμβατικά Καύσιμα,ΜΕΚ,Ντίζελ,Κατασκευής - Λειτουργίας,Εφεδρεία,Αμμόχωστος,Αγία Νάπα
T. &AMP; E. TTOFINIS ESTATES LTD (CHRISTOFINIA HOTEL),Ε002589/2020,17/01/2020,16/01/2032,320,-,-,Συμβατικά Καύσιμα,ΜΕΚ,Ντίζελ,Κατασκευής - Λειτουργίας,Εφεδρεία,Αμμόχωστος,Αγία Νάπα
ΥΠΗΡΕΣΙΕΣ ΗΛΙΚΙΩΜΕΝΩΝ ΑΓΙΟΣ ΘΕΡΑΠΩΝ,Ε002588/2020,17/01/2020,16/01/2032,24,-,-,Συμβατικά Καύσιμα,ΜΕΚ,Ντίζελ,Κατασκευής - Λειτουργίας,Εφεδρεία,Λευκωσία,Λυθροδόντας
KELLEN (IMPORTS &AMP; EXPORTS) LTD,Ε002587/2020,17/01/2020,16/01/2032,24,-,-,Συμβατικά Καύσιμα,ΜΕΚ,Ντίζελ,Κατασκευής - Λειτουργίας,Αυτοπαραγωγή,Κινητή Μονάδα,-
KELLEN (IMPORTS &AMP; EXPORTS) LTD,Ε002586/2020,17/01/2020,16/01/2032,48,-,-,Συμβατικά Καύσιμα,ΜΕΚ,Ντίζελ,Κατασκευής - Λειτουργίας,Αυτοπαραγωγή,Λευκωσία,Δάλι
ΛΟΙΖΟΣ ΤΟΦΑΡΗ ΛΤΔ,Ε002585/2020,17/01/2020,16/01/2032,24,-,-,Συμβατικά Καύσιμα,ΜΕΚ,Ντίζελ,Κατασκευής - Λειτουργίας,Αυτοπαραγωγή,Κινητή Μονάδα,-
P &AMP; S CARTON INDUSTRIES LTD,Ε002584/2020,17/01/2020,16/01/2032,14.4,-,-,Συμβατικά Καύσιμα,ΜΕΚ,Ντίζελ,Κατασκευής - Λειτουργίας,Εφεδρεία,Λεμεσός,Ύψωνας
ΑΣΤΥΝΟΜΙΑ ΚΥΠΡΟΥ,Ε002582/2020,17/01/2020,16/01/2032,34,-,-,Συμβατικά Καύσιμα,ΜΕΚ,Ντίζελ,Κατασκευής - Λειτουργίας,Αυτοπαραγωγή,Κινητή Μονάδα,-
Α&AMP;Α ΣΦΑΓΕΙΑ ΛΤΔ,Ε002581/2020,17/01/2020,16/01/2032,744,-,-,Συμβατικά Καύσιμα,ΜΕΚ,Ντίζελ,Κατασκευής - Λειτουργίας,Εφεδρεία,Λευκωσία,Άγιος Ιωάννης
SUNREA ENERGY LTD,Ε002580/2020,10/01/2020,09/01/2050,2500,-,-,ΑΠΕ,Φωτοβολταϊκό Σύστημα,,Λειτουργίας Σταθμού Παραγωγής Ηλεκτρισμού,Εμπορική Χρήση,Λάρνακα,Δρομολαξιά
ΦΥΣΙΚΟ ΠΡΟΣΩΠΟ,Ε002579/2020,07/01/2020,06/01/2032,30,-,-,Συμβατικά Καύσιμα,ΜΕΚ,Ντίζελ,Κατασκευής - Λειτουργίας,Αυτοπαραγωγή,Αμμόχωστος,Σωτήρα
HERMES AIRPORTS LTD,Ε002578/2020,07/01/2020,06/01/2032,200,-,-,Συμβατικά Καύσιμα,ΜΕΚ,Ντίζελ,Κατασκευής - Λειτουργίας,Εφεδρεία,Πάφος,Αεροδρόμιο Πάφου
ΤΡΑΠΕΖΑ ΚΥΠΡΟΥ Δ. Ε. ΛΤΔ (ΚΤΗΡΙΟ ΠΛΑΤΥ),Ε002577/2020,07/01/2020,06/01/2032,400,-,-,Συμβατικά Καύσιμα,ΜΕΚ,Ντίζελ,Λειτουργίας Σταθμού Παραγωγής Ηλεκτρισμού,Εφεδρεία,Λευκωσία,Αγλαντζιά
EUROLIFE LTD,Ε002576/2020,07/01/2020,06/01/2032,220,-,-,Συμβατικά Καύσιμα,ΜΕΚ,Ντίζελ,Λειτουργίας Σταθμού Παραγωγής Ηλεκτρισμού,Εφεδρεία,Λευκωσία,Στρόβολος
ΦΑΡΜΑ ΕΜΙΛΥ ΛΤΔ,Ε002575/2020,07/01/2020,06/01/2032,48,-,-,Συμβατικά Καύσιμα,ΜΕΚ,Ντίζελ,Κατασκευής - Λειτουργίας,Αυτοπαραγωγή,Λεμεσός,Πάνω Πολεμίδια
YIANNAKIS &AMP; ANN TSANGARIDES LTD,Ε002574/2020,07/01/2020,06/01/2032,64,-,-,Συμβατικά Καύσιμα,ΜΕΚ,Ντίζελ,Κατασκευής - Λειτουργίας,Εφεδρεία,Λεμεσός,Παρεκκλησιά
ΦΥΣΙΚΟ ΠΡΟΣΩΠΟ,Ε002573/2019,20/12/2019,19/12/2049,150,-,-,ΑΠΕ,Φωτοβολταϊκό Σύστημα,,Λειτουργίας Σταθμού Παραγωγής Ηλεκτρισμού,Εμπορική Χρήση,Πάφος,Δρούσεια
NEW WAY ENGINEERING LTD,Ε002572/2019,20/12/2019,19/12/2049,150,-,-,ΑΠΕ,Φωτοβολταϊκό Σύστημα,,Λειτουργίας Σταθμού Παραγωγής Ηλεκτρισμού,Εμπορική Χρήση,Πάφος,Δρούσεια
A&AMP;A SUPER APHRODITE PARK LTD,Ε002570/2019,13/12/2019,12/12/2049,300,-,-,ΑΠΕ,Φωτοβολταϊκό Σύστημα,,Λειτουργίας Σταθμού Παραγωγής Ηλεκτρισμού,Αυτοπαραγωγή/Net-Billing,Πάφος,Γεροσκήπου
PETROLINA ENERGY LTD,Ε002569/2019,13/12/2019,31/12/2027,1500,-,-,ΑΠΕ,Φωτοβολταϊκό Σύστημα,,Κατασκευής Σταθμού Παραγωγής Ηλεκτρισμού,Εμπορική Χρήση,Λευκωσία,Πάνω Δευτερά
BIOLAND PROJECT 77 LTD,Ε002567/2019,13/12/2019,12/12/2028,1500,-,-,ΑΠΕ,Φωτοβολταϊκό Σύστημα,,Κατασκευής Σταθμού Παραγωγής Ηλεκτρισμού,Εμπορική Χρήση,Λάρνακα,Αβδελλερό
BIOLAND PROJECT 75 LTD,Ε002566/2019,13/12/2019,12/12/2028,650,650,2600,ΑΠΕ,Φωτοβολταϊκό Σύστημα,,Κατασκευής Σταθμού Παραγωγής Ηλεκτρισμού,Εμπορική Χρήση,Λευκωσία,Αστρομερίτη
BIOLAND PROJECT 59 LTD,Ε002565/2019,13/12/2019,12/12/2028,1200,-,-,ΑΠΕ,Φωτοβολταϊκό Σύστημα,,Κατασκευής Σταθμού Παραγωγής Ηλεκτρισμού,Εμπορική Χρήση,Λευκωσία,Λύμπια
BIOLAND PROJECT 69 LTD,Ε002564/2019,13/12/2019,12/12/2028,700,700,2800,ΑΠΕ,Φωτοβολταϊκό Σύστημα,,Κατασκευής Σταθμού Παραγωγής Ηλεκτρισμού,Εμπορική Χρήση,Λάρνακα,Απλάντα
GIANKO1 SOLAR LTD,Ε002563/2019,13/12/2019,31/12/2029,7950,-,-,ΑΠΕ,Φωτοβολταϊκό Σύστημα,,Κατασκευής Σταθμού Παραγωγής Ηλεκτρισμού,Εμπορική Χρήση,Λεμεσός,Δωρά
ΚΑΡΑΙΣΚΑΚΕΙΟ ΙΔΡΥΜΑ ,Ε002562/2019,03/12/2019,02/12/2049,44,-,-,ΑΠΕ,Φωτοβολταϊκό Σύστημα,,Λειτουργίας Σταθμού Παραγωγής Ηλεκτρισμού,Αυτοπαραγωγή/Net-Billing,Λευκωσία,Στρόβολος
ΦΥΣΙΚΟ ΠΡΟΣΩΠΟ,Ε002561/2019,03/12/2019,02/12/2049,10,-,-,ΑΠΕ,Φωτοβολταϊκό Σύστημα,,Λειτουργίας Σταθμού Παραγωγής Ηλεκτρισμού,Αυτόνομο,Λευκωσία,Πολίτικο
EUROPEAN UNIVERSITY - CYPRUS LTD,Ε002560/2019,19/11/2019,18/11/2049,55,-,-,ΑΠΕ,Φωτοβολταϊκό Σύστημα,,Λειτουργίας Σταθμού Παραγωγής Ηλεκτρισμού,Αυτοπαραγωγή/Net-Billing,Λευκωσία,Έγκωμη
EUROPEAN UNIVERSITY - CYPRUS LTD,Ε002559/2019,19/11/2019,18/11/2049,49.5,-,-,ΑΠΕ,Φωτοβολταϊκό Σύστημα,,Λειτουργίας Σταθμού Παραγωγής Ηλεκτρισμού,Αυτοπαραγωγή/Net-Billing,Λευκωσία,Εγκωμή
ΚΥΚΩΝ ΛΤΔ,Ε002558/2019,19/11/2019,18/11/2049,19.8,-,-,ΑΠΕ,Φωτοβολταϊκό Σύστημα,,Λειτουργίας Σταθμού Παραγωγής Ηλεκτρισμού,Αυτοπαραγωγή/Net-Billing,Λευκωσία,Λατσιά
CHR. A. CHRYSOSTOMOU FARM LTD,Ε002557/2019,19/11/2019,18/11/2049,19.785,-,-,ΑΠΕ,Φωτοβολταϊκό Σύστημα,,Λειτουργίας Σταθμού Παραγωγής Ηλεκτρισμού,Αυτοπαραγωγή/Net-Billing,Λεμεσός,Ύψωνας
Α. ΚΟΝΤΕΑΤΗΣ ΓΕΩΡΓΙΚΗ ΛΤΔ,Ε002556/2019,19/11/2019,18/11/2049,30,-,-,ΑΠΕ,Φωτοβολταϊκό Σύστημα,,Λειτουργίας Σταθμού Παραγωγής Ηλεκτρισμού,Αυτοπαραγωγή/Net-Billing,Λευκωσία,Ψημολόφου
TRISLIMA LTD,Ε002550/2019,15/11/2019,14/11/2026,150,-,-,ΑΠΕ,Φωτοβολταϊκό Σύστημα,,Κατασκευής Σταθμού Παραγωγής Ηλεκτρισμού,Εμπορική Χρήση,Πάφος,Πάνω Αρόδες
TRISLIMA LTD,Ε002549/2019,15/11/2019,14/11/2026,150,-,-,ΑΠΕ,Φωτοβολταϊκό Σύστημα,,Κατασκευής Σταθμού Παραγωγής Ηλεκτρισμού,Εμπορική Χρήση,Πάφος,Πάνω Αρόδες
TRISLIMA LTD,Ε002548/2019,15/11/2019,14/11/2026,100,-,-,ΑΠΕ,Φωτοβολταϊκό Σύστημα,,Κατασκευής Σταθμού Παραγωγής Ηλεκτρισμού,Εμπορική Χρήση,Πάφος,Πάνω Αρόδες
TRISLIMA LTD,Ε002547/2019,15/11/2019,14/11/2026,50,-,-,ΑΠΕ,Φωτοβολταϊκό Σύστημα,,Κατασκευής Σταθμού Παραγωγής Ηλεκτρισμού,Εμπορική Χρήση,Πάφος,Πάνω Αρόδες
TRISLIMA LTD,Ε002546/2019,15/11/2019,14/11/2026,50,-,-,ΑΠΕ,Φωτοβολταϊκό Σύστημα,,Κατασκευής Σταθμού Παραγωγής Ηλεκτρισμού,Εμπορική Χρήση,Πάφος,Αρόδες
LIMASOUL INVESTMENTS LTD,Ε002544/2019,12/11/2019,11/11/2031,160,-,-,Συμβατικά Καύσιμα,ΜΕΚ,,Κατασκευής - Λειτουργίας,Αυτοπαραγωγή,Λευκωσία,Τσέρι
ΣΚΛΑΒΕΝΙΤΗΣ ΚΥΠΡΟΥ ΛΤΔ (ΚΑΤΑΣΤΗΜΑ ΤΣΕΡΙΟΥ),Ε002543/2019,12/11/2019,11/11/2031,400,-,-,Συμβατικά Καύσιμα,ΜΕΚ,,Κατασκευής - Λειτουργίας,Εφεδρεία,Λευκωσία,Τσέρι
ΣΚΛΑΒΕΝΙΤΗΣ ΚΥΠΡΟΥ ΛΤΔ (ΚΑΤΑΣΤΗΜΑ ΝΗΣΟΥ),Ε002542/2019,12/11/2019,11/11/2031,280,-,-,Συμβατικά Καύσιμα,ΜΕΚ,Ντίζελ,Κατασκευής - Λειτουργίας,Εφεδρεία,Λευκωσία,Νήσου
ARGOSY TRADING COMPANY LTD,Ε002541/2019,12/11/2019,11/11/2031,120,-,-,Συμβατικά Καύσιμα,ΜΕΚ,Ντίζελ,Κατασκευής - Λειτουργίας,Εφεδρεία,Λευκωσία,Δάλι
LIDL CYPRUS (ΥΨΩΝΑΣ),Ε002540/2019,12/11/2019,11/11/2031,200,-,-,Συμβατικά Καύσιμα,ΜΕΚ,Ντίζελ,Κατασκευής - Λειτουργίας,Εφεδρεία,Λεμεσός,Ύψωνας
LIDL CYPRUS (ΚΟΚΚΙΝΟΤΡΕΜΙΘΙΑ),Ε002539/2019,12/11/2019,11/11/2031,120,-,-,Συμβατικά Καύσιμα,ΜΕΚ,Ντίζελ,Κατασκευής - Λειτουργίας,Εφεδρεία,Λευκωσία,Κοκκινοτρεμιθιά
LIDL CYPRUS (ΛΑΤΣΙΑ),Ε002538/2019,12/11/2019,11/11/2031,200,-,-,Συμβατικά Καύσιμα,ΜΕΚ,Ντίζελ,Κατασκευής - Λειτουργίας,Εφεδρεία,Λευκωσία,Λατσιά
LIDL CYPRUS (ΜΕΝΕΟΥ),Ε002537/2019,12/11/2019,11/11/2031,320,-,-,Συμβατικά Καύσιμα,ΜΕΚ,Ντίζελ,Κατασκευής - Λειτουργίας,Εφεδρεία,Λάρνακα,Μενεού
LIDL CYPRUS (ΜΟΥΤΑΓΙΑΚΑ),Ε002536/2019,12/11/2019,11/11/2031,320,-,-,Συμβατικά Καύσιμα,ΜΕΚ,Ντίζελ,Κατασκευής - Λειτουργίας,Εφεδρεία,Λεμεσός,Μουταγιάκα
LIDL CYPRUS (ΟΡΜΗΔΕΙΑ),Ε002535/2019,12/11/2019,11/11/2031,120,-,-,Συμβατικά Καύσιμα,ΜΕΚ,Ντίζελ,Κατασκευής - Λειτουργίας,Εφεδρεία,Λάρνακα,Ορμήδεια
LIDL CYPRUS (ΣΤΡΟΒΟΛΟΣ),Ε002534/2019,12/11/2019,11/11/2031,200,-,-,Συμβατικά Καύσιμα,ΜΕΚ,Ντίζελ,Κατασκευής - Λειτουργίας,Εφεδρεία,Λευκωσία,Στρόβολος
LIDL CYPRUS (ΚΑΤΩ ΠΑΦΟΣ),Ε002533/2019,12/11/2019,11/11/2031,200,-,-,Συμβατικά Καύσιμα,ΜΕΚ,Ντίζελ,Κατασκευής - Λειτουργίας,Εφεδρεία,Πάφος,-
LIDL CYPRUS (ΛΑΚΑΤΑΜΙΑ),Ε002532/2019,12/11/2019,11/11/2031,200,-,-,Συμβατικά Καύσιμα,ΜΕΚ,Ντίζελ,Κατασκευής - Λειτουργίας,Εφεδρεία,Λευκωσία,Λακατάμια
LIDL CYPRUS (ΑΡΑΔΙΠΠΟΥ),Ε002531/2019,12/11/2019,11/11/2031,200,-,-,Συμβατικά Καύσιμα,ΜΕΚ,Ντίζελ,Κατασκευής - Λειτουργίας,Εφεδρεία,Λάρνακα,Αραδίππου
LIDL CYPRUS (ΛΑΡΝΑΚΑ-ΜΕΔΟΥΣΗΣ),Ε002530/2019,12/11/2019,11/11/2031,200,-,-,Συμβατικά Καύσιμα,ΜΕΚ,Ντίζελ,Κατασκευής - Λειτουργίας,Εφεδρεία,Λάρνακα,Μεδούσης
LIDL CYPRUS (ΦΡΑΓΚΛΙΝΟΥ ΡΟΥΣΒΕΛΤ),Ε002529/2019,12/11/2019,11/11/2031,200,-,-,Συμβατικά Καύσιμα,ΜΕΚ,Ντίζελ,Κατασκευής - Λειτουργίας,Εφεδρεία,Λεμεσός,-
LIDL CYPRUS (ΤΑΦΟΙ ΤΩΝ ΒΑΣΙΛΕΩΝ),Ε002528/2019,12/11/2019,11/11/2031,200,-,-,Συμβατικά Καύσιμα,ΜΕΚ,Ντίζελ,Κατασκευής - Λειτουργίας,Εφεδρεία,Πάφος,Τάφοι των Βασιλέων
LIDL CYPRUS (ΑΓΛΑΝΤΖΙΑ),Ε002527/2019,12/11/2019,11/11/2031,200,-,-,Συμβατικά Καύσιμα,ΜΕΚ,Ντίζελ,Κατασκευής - Λειτουργίας,Εφεδρεία,Λευκωσία,Αγλαντζιά
LIDL CYPRUS (ΠΑΛΛΟΥΡΙΩΤΙΣΣΑ),Ε002526/2019,12/11/2019,11/11/2031,200,-,-,Συμβατικά Καύσιμα,ΜΕΚ,Ντίζελ,Κατασκευής - Λειτουργίας,Εφεδρεία,Λευκωσία,Παλλουριώτισσα
LIDL CYPRUS (ΠΡΩΤΑΡΑΣ),Ε002525/2019,12/11/2019,11/11/2031,200,-,-,Συμβατικά Καύσιμα,ΜΕΚ,Ντίζελ,Κατασκευής - Λειτουργίας,Εφεδρεία,Αμμόχωστος,Παραλίμνι-Πρωταράς
LIDL CYPRUS (ΠΑΡΑΛΙΜΝΙ),Ε002524/2019,12/11/2019,11/11/2031,200,-,-,Συμβατικά Καύσιμα,ΜΕΚ,Ντίζελ,Κατασκευής - Λειτουργίας,Εφεδρεία,Αμμόχωστος,Παραλίμνι
NAVARRO FARMS LTD,Ε002523/2019,12/11/2019,11/11/2049,40,-,-,ΑΠΕ,Φωτοβολταϊκό Σύστημα,,Λειτουργίας Σταθμού Παραγωγής Ηλεκτρισμού,Αυτοπαραγωγή/Net-Billing,Λευκωσία,Μαρκί
CYFIELD DEVELOPMENT PUBLIC LIMITED,Ε002522/2019,12/11/2019,11/11/2049,16.2,-,-,ΑΠΕ,Φωτοβολταϊκό Σύστημα,,Λειτουργίας Σταθμού Παραγωγής Ηλεκτρισμού,Αυτοπαραγωγή/Net-Billing,Λεμεσός,Μουτταγιάκα
VITATRACE NUTRITION LTD,Ε002520/2019,05/11/2019,04/11/2049,19.6,-,-,ΑΠΕ,Φωτοβολταϊκό Σύστημα,,Λειτουργίας Σταθμού Παραγωγής Ηλεκτρισμού,Αυτοπαραγωγή/Net-Billing,Λευκωσία,Στρόβολος
VITATRACE NUTRITION LTD,Ε002519/2019,05/11/2019,04/11/2049,19.6,-,-,ΑΠΕ,Φωτοβολταϊκό Σύστημα,,Λειτουργίας Σταθμού Παραγωγής Ηλεκτρισμού,Αυτοπαραγωγή/Net-Billing,Λευκωσία,Στρόβολος
ΠΡΟΤΥΠΟ ΘΕΡΑΠΕΥΤΗΡΙΟ ΑΓΙΟΣ ΙΩΑΝΝΗΣ ΛΑΜΠΑΔΙΣΤΗΣ ΛΤΔ,Ε002518/2019,05/11/2019,04/11/2049,30.24,-,-,ΑΠΕ,Φωτοβολταϊκό Σύστημα,,Λειτουργίας Σταθμού Παραγωγής Ηλεκτρισμού,Αυτοπαραγωγή/Net-Billing,Λευκωσία,Αγλαντζιά
ΦΥΣΙΚΟ ΠΡΟΣΩΠΟ,Ε002517/2019,29/10/2019,28/10/2049,150,-,-,ΑΠΕ,Φωτοβολταϊκό Σύστημα,,Λειτουργίας Σταθμού Παραγωγής Ηλεκτρισμού,Εμπορική Χρήση,Πάφος,Τάλα
VASSOS ELIADES LTD,Ε002516/2019,18/10/2019,17/10/2031,132,-,-,Συμβατικά Καύσιμα,ΜΕΚ,Ντίζελ,Κατασκευής - Λειτουργίας,Εφεδρεία,Λευκωσία,Δάλι
VASSOS ELIADES LTD,Ε002515/2019,18/10/2019,17/10/2031,176,-,-,Συμβατικά Καύσιμα,ΜΕΚ,Ντίζελ,Κατασκευής - Λειτουργίας,Εφεδρεία,Λάρνακα,Αραδίππου
SOMERSTOWN TRADING LTD,Ε002514/2019,18/10/2019,17/10/2031,528,-,-,Συμβατικά Καύσιμα,ΜΕΚ,,Κατασκευής - Λειτουργίας,Εφεδρεία,Πάφος,Πάφος
NAVARRO FARMS LTD,Ε002513/2019,18/10/2019,17/10/2031,158,-,-,Συμβατικά Καύσιμα,ΜΕΚ,Ντίζελ,Κατασκευής - Λειτουργίας,Εφεδρεία,Λευκωσία,Μαρκί
EVANGELISTRIA MEDICAL CENTRE LTD,Ε002512/2019,18/10/2019,17/10/2031,160,-,-,Συμβατικά Καύσιμα,ΜΕΚ,,Κατασκευής - Λειτουργίας,Εφεδρεία,Λευκωσία,Λευκωσία
POPLIFE ELECTRIC SHOPS LTD,Ε002511/2019,18/10/2019,17/10/2031,104,-,-,Συμβατικά Καύσιμα,ΜΕΚ,Ντίζελ,Κατασκευής - Λειτουργίας,Εφεδρεία,Λάρνακα,Δρομολαξιά
Α.Ε. ΚΝΕΚΝΑ ΦΑΡΜΑ ΛΤΔ,Ε002510/2019,18/10/2019,17/10/2049,19.8,-,-,ΑΠΕ,Φωτοβολταϊκό Σύστημα,,Λειτουργίας Σταθμού Παραγωγής Ηλεκτρισμού,Αυτοπαραγωγή/Net-Billing,Λάρνακα,Μαρί
ΠΡΟΕΔΡΙΑ ΤΗΣ ΚΥΠΡΙΑΚΗΣ ΔΗΜΟΚΡΑΤΙΑΣ,Ε002509/2019,18/10/2019,17/10/2049,30,-,-,ΑΠΕ,Φωτοβολταϊκό Σύστημα,,Λειτουργίας Σταθμού Παραγωγής Ηλεκτρισμού,Αυτοπαραγωγή/Net-Billing,Λευκωσία,Λευκωσία
ΘΕΛΕΜΙ ΛΤΔ,Ε002508/2019,18/10/2019,17/10/2049,19.66,-,-,ΑΠΕ,Φωτοβολταϊκό Σύστημα,,Λειτουργίας Σταθμού Παραγωγής Ηλεκτρισμού,Αυτοπαραγωγή/Net-Billing,Λάρνακα,Αγγλισίδες
BIOLAND PROJECT 10 LTD,Ε002488/2019,07/10/2019,31/12/2028,1500,-,-,ΑΠΕ,Φωτοβολταϊκό Σύστημα,,Κατασκευής Σταθμού Παραγωγής Ηλεκτρισμού,Εμπορική Χρήση,Λευκωσία,Ποταμιά
CLASSONE SOLAR BREEZE LTD,Ε002485/2019,07/10/2019,06/10/2049,1500,-,-,ΑΠΕ,Φωτοβολταϊκό Σύστημα,,Λειτουργίας Σταθμού Παραγωγής Ηλεκτρισμού,Εμπορική Χρήση,Λεμεσός,Πισσούρι
ΕΠΙΠΛΩΣΕΙΣ ΜΙΧΑΛΑΚΗΣ ΤΟΜΑΖΟΣ ΚΑΙ ΥΙΟΣ ΛΤΔ,Ε002484/2019,08/10/2019,07/10/2049,20,-,-,ΑΠΕ,Φωτοβολταϊκό Σύστημα,,Λειτουργίας Σταθμού Παραγωγής Ηλεκτρισμού,Αυτοπαραγωγή/Net-Billing,Λευκωσία,Δάλι
LOUIS HOTELS PUBLIC COMPANY LTD,Ε002483/2019,27/09/2019,26/09/2031,240,-,-,Συμβατικά Καύσιμα,ΜΕΚ,Ντίζελ,Κατασκευής - Λειτουργίας,Εφεδρεία,Πάφος,Γεροσκήπου
ARRIONDAS LTD,Ε002482/2019,27/09/2019,26/09/2031,32.08,-,-,Συμβατικά Καύσιμα,ΜΕΚ,,Κατασκευής - Λειτουργίας,Εφεδρεία,Αμμόχωστος,Παραλίμνι
THE HIPPOCRATEON PRIVATE HOSPITAL LTD,Ε002481/2019,27/09/2019,26/09/2031,480,-,-,Συμβατικά Καύσιμα,ΜΕΚ,Ντίζελ,Λειτουργίας Σταθμού Παραγωγής Ηλεκτρισμού,Εφεδρεία,Λευκωσία,Έγκωμη
PAPAPHILLIPPOU PATISSERIE PANAYIOTIS ICE CREAM LTD,Ε002480/2019,27/09/2019,26/09/2031,246,-,-,Συμβατικά Καύσιμα,ΜΕΚ,Ντίζελ,Κατασκευής - Λειτουργίας,Εφεδρεία,Λευκωσία,Παλιομέτοχο
PALM BEACH &AMP; BAY CITY HOTELS LTD (PALM BEACH HOTEL &AMP; BUNGALOWS),Ε002479/2019,27/09/2019,26/09/2031,160,-,-,Συμβατικά Καύσιμα,ΜΕΚ,Ντίζελ,Λειτουργίας Σταθμού Παραγωγής Ηλεκτρισμού,Εφεδρεία,Λάρνακα,Δεκέλεια
ΣΚΛΑΒΕΝΙΤΗΣ ΚΥΠΡΟΥ ΛΤΔ (ΚΑΤΑΣΤΗΜΑ ΛΑΡΝΑΚΑΣ),Ε002478/2019,27/09/2019,26/09/2031,520,-,-,Συμβατικά Καύσιμα,ΜΕΚ,Ντίζελ,Λειτουργίας Σταθμού Παραγωγής Ηλεκτρισμού,Εφεδρεία,Λάρνακα,-
ΣΚΛΑΒΕΝΙΤΗΣ ΚΥΠΡΟΥ ΛΤΔ (ΚΑΤΑΣΤΗΜΑ COLUMBIA),Ε002477/2019,27/09/2019,26/09/2031,764,-,-,Συμβατικά Καύσιμα,ΜΕΚ,Ντίζελ,Λειτουργίας Σταθμού Παραγωγής Ηλεκτρισμού,Εφεδρεία,Λεμεσός,-
ΣΚΛΑΒΕΝΙΤΗΣ ΚΥΠΡΟΥ ΛΤΔ (ΚΑΤΑΣΤΗΜΑ ΚΑΤΩ ΠΟΛΕΜΙΔΙΑ),Ε002476/2019,27/09/2019,26/09/2031,800,-,-,Συμβατικά Καύσιμα,ΜΕΚ,Ντίζελ,Λειτουργίας Σταθμού Παραγωγής Ηλεκτρισμού,Εφεδρεία,Λεμεσός,-
ΣΚΛΑΒΕΝΙΤΗΣ ΚΥΠΡΟΥ ΛΤΔ (ΚΑΤΑΣΤΗΜΑ ΠΑΡΑΛΙΜΝΙ),Ε002475/2019,27/09/2019,26/09/2031,400,-,-,Συμβατικά Καύσιμα,ΜΕΚ,Ντίζελ,Λειτουργίας Σταθμού Παραγωγής Ηλεκτρισμού,Εφεδρεία,Αμμόχωστος,Παραλίμνι
ΣΚΛΑΒΕΝΙΤΗΣ ΚΥΠΡΟΥ ΛΤΔ (ΚΑΤΑΣΤΗΜΑ ΠΑΦΟΥ),Ε002474/2019,27/09/2019,26/09/2031,704,-,-,Συμβατικά Καύσιμα,ΜΕΚ,Ντίζελ,Λειτουργίας Σταθμού Παραγωγής Ηλεκτρισμού,Εφεδρεία,Πάφος,-
ΣΚΛΑΒΕΝΙΤΗΣ ΚΥΠΡΟΥ ΛΤΔ (ΚΕΝΤΡΙΚΑ ΓΡΑΦΕΙΑ),Ε002473/2019,27/09/2019,26/09/2031,280,-,-,Συμβατικά Καύσιμα,ΜΕΚ,Ντίζελ,Κατασκευής - Λειτουργίας,Εφεδρεία,Λεμεσός,-
ΣΚΛΑΒΕΝΙΤΗΣ ΚΥΠΡΟΥ ΛΤΔ (ΚΑΤΑΣΤΗΜΑ ΒΟΛΟΣ),Ε002472/2019,27/09/2019,26/09/2031,280,-,-,Συμβατικά Καύσιμα,ΜΕΚ,Ντίζελ,Κατασκευής - Λειτουργίας,Εφεδρεία,Λεμεσός,-
ΣΚΛΑΒΕΝΙΤΗΣ ΚΥΠΡΟΥ ΛΤΔ (ΚΑΤΑΣΤΗΜΑ EMANUEL),Ε002471/2019,27/09/2019,26/09/2031,120,-,-,Συμβατικά Καύσιμα,ΜΕΚ,Ντίζελ,Κατασκευής - Λειτουργίας,Εφεδρεία,Λευκωσία,Έγκωμη
ΣΚΛΑΒΕΝΙΤΗΣ ΚΥΠΡΟΥ ΛΤΔ (MALL OF CYPRUS),Ε002470/2019,27/09/2019,26/09/2031,800,-,-,Συμβατικά Καύσιμα,ΜΕΚ,Ντίζελ,Κατασκευής - Λειτουργίας,Εφεδρεία,Λευκωσία,Στρόβολος
ΣΚΛΑΒΕΝΙΤΗΣ ΚΥΠΡΟΥ ΛΤΔ (MALL OF ENGOMI),Ε002469/2019,27/09/2019,26/09/2031,800,-,-,Συμβατικά Καύσιμα,ΜΕΚ,Ντίζελ,Κατασκευής - Λειτουργίας,Εφεδρεία,Λευκωσία,Έγκωμη
ΣΚΛΑΒΕΝΙΤΗΣ ΚΥΠΡΟΥ ΛΤΔ (ΚΑΤΑΣΤΗΜΑ ΧΑΛΚΟΥΤΣΑΣ),Ε002468/2019,27/09/2019,26/09/2031,400,-,-,Συμβατικά Καύσιμα,ΜΕΚ,Ντίζελ,Κατασκευής - Λειτουργίας,Εφεδρεία,Λεμεσός,Χαλκούτσα
ΣΚΛΑΒΕΝΙΤΗΣ ΚΥΠΡΟΥ ΛΤΔ (ΚΑΤΑΣΤΗΜΑ ΠΕΤΡΟΥ ΚΑΙ ΠΑΥΛΟΥ),Ε002467/2019,27/09/2019,26/09/2031,280,-,-,Συμβατικά Καύσιμα,ΜΕΚ,Ντίζελ,Κατασκευής - Λειτουργίας,Εφεδρεία,Λεμεσός,Πέτρου και Παύλου
ΣΚΛΑΒΕΝΙΤΗΣ ΚΥΠΡΟΥ ΛΤΔ (ΚΑΤΑΣΤΗΜΑ ΔΡΟΜΟΛΑΞΙΑΣ),Ε002466/2019,27/09/2019,26/09/2031,400,-,-,Συμβατικά Καύσιμα,ΜΕΚ,Ντίζελ,Κατασκευής - Λειτουργίας,Εφεδρεία,Λάρνακα,Δρομολαξιά
ΣΚΛΑΒΕΝΙΤΗΣ ΚΥΠΡΟΥ ΛΤΔ (KΑΤΑΣΤΗΜΑ ΚΟΚΚΙΝΟΤΡΕΜΙΘΙΑΣ),Ε002465/2019,27/09/2019,26/09/2031,400,-,-,Συμβατικά Καύσιμα,ΜΕΚ,Ντίζελ,Κατασκευής - Λειτουργίας,Εφεδρεία,Λευκωσία,Κοκκινοτρεμιθιά
ΣΚΛΑΒΕΝΙΤΗΣ ΚΥΠΡΟΥ ΛΤΔ (KINGS AVENUE MALL),Ε002464/2019,27/09/2019,26/09/2031,340,-,-,Συμβατικά Καύσιμα,ΜΕΚ,Ντίζελ,Κατασκευής - Λειτουργίας,Εφεδρεία,Πάφος,-
NEW WAY ENGINEERING LTD,Ε002463/2019,24/09/2019,23/09/2049,100,-,-,ΑΠΕ,Φωτοβολταϊκό Σύστημα,,Λειτουργίας Σταθμού Παραγωγής Ηλεκτρισμού,Εμπορική Χρήση,Πάφος,Δρούσεια
NEW WAY ENGINEERING LTD,Ε002462/2019,24/09/2019,23/09/2049,100,-,-,ΑΠΕ,Φωτοβολταϊκό Σύστημα,,Λειτουργίας Σταθμού Παραγωγής Ηλεκτρισμού,Εμπορική Χρήση,Πάφος,Δρούσεια
NEW WAY ENGINEERING LTD,Ε002461/2019,24/09/2019,23/09/2049,100,-,-,ΑΠΕ,Φωτοβολταϊκό Σύστημα,,Λειτουργίας Σταθμού Παραγωγής Ηλεκτρισμού,Εμπορική Χρήση,Πάφος,Δρούσεια
NEW WAY ENGINEERING LTD,Ε002460/2019,24/09/2019,23/09/2049,100,-,-,ΑΠΕ,Φωτοβολταϊκό Σύστημα,,Λειτουργίας Σταθμού Παραγωγής Ηλεκτρισμού,Εμπορική Χρήση,Πάφος,Δρούσεια
ATHINODOROU &AMP; ATHINODOROU ENERGY LTD,Ε002442/2019,17/09/2019,16/09/2049,99.9,-,-,ΑΠΕ,Φωτοβολταϊκό Σύστημα,,Λειτουργίας Σταθμού Παραγωγής Ηλεκτρισμού,Εμπορική Χρήση,Πάφος,Αχέλεια
MEAT &AMP; MORE ENTERPRISES LTD,Ε002441/2019,13/09/2019,12/09/2049,19.95,-,-,ΑΠΕ,Φωτοβολταϊκό Σύστημα,,Λειτουργίας Σταθμού Παραγωγής Ηλεκτρισμού,Αυτοπαραγωγή/Net-Billing,Λάρνακα,Αγγλισίδες
ΦΥΤΩΡΙΑ ΣΟΛΩΜΟΥ ΛΤΔ,Ε002440/2019,13/09/2019,12/09/2049,20,-,-,ΑΠΕ,Φωτοβολταϊκό Σύστημα,,Λειτουργίας Σταθμού Παραγωγής Ηλεκτρισμού,Αυτοπαραγωγή/Net-Billing,Λευκωσία,Νήσου
ΦΥΣΙΚΟ ΠΡΟΣΩΠΟ,Ε002439/2019,13/09/2019,12/09/2031,24,-,-,Συμβατικά Καύσιμα,ΜΕΚ,Ντίζελ,Κατασκευής - Λειτουργίας,Αυτοπαραγωγή,Κινητή Μονάδα,-
ΓΕΩΡΓΙΟΣ ΤΣΙΑΠΠΗΣ ΙΣΟΡΡΟΠΗΜΕΝΑΙ ΖΩΟΤΡΟΦΑΙ ΛΤΔ,Ε002438/2019,13/09/2019,12/09/2031,184,-,-,Συμβατικά Καύσιμα,ΜΕΚ,Ντίζελ,Κατασκευής - Λειτουργίας,Εφεδρεία,Αμμόχωστος,Άχνα
ΗΛΕΚΤΩΡ Α.Ε. - ΕΛΛΑΚΤΩΡ Α.Ε. - CYBARCO LTD JV,Ε002437/2019,13/09/2019,12/09/2031,70.4,-,-,Συμβατικά Καύσιμα,ΜΕΚ,Ντίζελ,Κατασκευής - Λειτουργίας,Εφεδρεία,Λάρνακα,Κόσιη
ΗΛΕΚΤΩΡ Α.Ε. - ΕΛΛΑΚΤΩΡ Α.Ε. - CYBARCO LTD JV,Ε002436/2019,13/09/2019,12/09/2031,120,-,-,Συμβατικά Καύσιμα,ΜΕΚ,Ντίζελ,Κατασκευής - Λειτουργίας,Εφεδρεία,Λάρνακα,-
ΗΛΕΚΤΩΡ Α.Ε. - ΕΛΛΑΚΤΩΡ Α.Ε. - CYBARCO LTD JV,Ε002435/2019,13/09/2019,12/09/2031,120,-,-,Συμβατικά Καύσιμα,ΜΕΚ,Ντίζελ,Κατασκευής - Λειτουργίας,Εφεδρεία,Λάρνακα,Κόσιη
ΗΛΕΚΤΩΡ Α.Ε. - ΕΛΛΑΚΤΩΡ Α.Ε. - CYBARCO LTD JV,Ε002434/2019,13/09/2019,12/09/2031,120,-,-,Συμβατικά Καύσιμα,ΜΕΚ,Ντίζελ,Κατασκευής - Λειτουργίας,Εφεδρεία,Λάρνακα,Κόσιη
ST. GEORGE HOTEL ENTERPRISES - ST. GEORGE GARDENS,Ε002432/2019,13/09/2019,12/09/2031,280,-,-,Συμβατικά Καύσιμα,ΜΕΚ,Ντίζελ,Λειτουργίας Σταθμού Παραγωγής Ηλεκτρισμού,Εφεδρεία,Πάφος,Χλώρακα
ST. GEORGE HOTEL ENTERPRISES - ST. GEORGE HOTEL ,Ε002431/2019,13/09/2019,12/09/2031,240,-,-,Συμβατικά Καύσιμα,ΜΕΚ,Ντίζελ,Λειτουργίας Σταθμού Παραγωγής Ηλεκτρισμού,Εφεδρεία,Πάφος,Χλώρακα
ΑΡΕΤΑΙΕΙΟΝ ΙΑΤΡΙΚΟΝ ΚΕΝΤΡΟΝ ΛΤΔ (ΑΡΕΤΑΙΕΙΟ ΝΟΣΟΚΟΜΕΙΟ),Ε002430/2019,13/09/2019,12/09/2031,800,-,-,Συμβατικά Καύσιμα,ΜΕΚ,Ντίζελ,Λειτουργίας Σταθμού Παραγωγής Ηλεκτρισμού,Εφεδρεία,Λευκωσία,Στρόβολος
A&AMP;M LARNACA CARE CENTER LTD,Ε002428/2019,13/09/2019,12/09/2031,40,-,-,Συμβατικά Καύσιμα,ΜΕΚ,Ντίζελ,Κατασκευής - Λειτουργίας,Εφεδρεία,Λάρνακα,Λάρνακα
ΙΔΡΥΜΑ ΧΡΙΣΤΟΥ ΣΤΕΛΙΟΥ ΙΩΑΝΝΟΥ,Ε002427/2019,13/09/2019,12/09/2031,64,-,-,Συμβατικά Καύσιμα,ΜΕΚ,Ντίζελ,Κατασκευής - Λειτουργίας,Εφεδρεία,Λευκωσία,Στρόβολος
LOUIS HOTELS PLC LTD -HILTON PARK,Ε002426/2019,13/09/2019,12/09/2031,640,-,-,Συμβατικά Καύσιμα,ΜΕΚ,,Λειτουργίας Σταθμού Παραγωγής Ηλεκτρισμού,Εφεδρεία,Λευκωσία,Έγκωμη
ΛΟΙΖΟΣ ΤΟΦΑΡΗ ΛΤΔ,Ε002425/2019,13/09/2019,12/09/2031,16,-,-,Συμβατικά Καύσιμα,ΜΕΚ,Ντίζελ,Κατασκευής - Λειτουργίας,Αυτοπαραγωγή,Κινητή Μονάδα,-
C.K.M PETROLEUM LTD,Ε002424/2019,13/09/2019,12/09/2031,20,-,-,Συμβατικά Καύσιμα,ΜΕΚ,Πετρέλαιο,Κατασκευής - Λειτουργίας,Εφεδρεία,Λευκωσία,Τσέρι
THE GOVERNMENT OF THE STATE OF QATAR,Ε002423/2019,13/09/2019,12/09/2031,245,-,-,Συμβατικά Καύσιμα,ΜΕΚ,Ντίζελ,Κατασκευής - Λειτουργίας,Εφεδρεία,Λευκωσία,Στρόβολος
UCLAN CYPRUS LTD,Ε002422/2019,13/09/2019,12/09/2031,620,-,-,Συμβατικά Καύσιμα,ΜΕΚ,Ντίζελ,Κατασκευής - Λειτουργίας,Εφεδρεία,Λάρνακα,Πύλα
ΚΩΣΤΑΚΗΣ ΤΣΙΣΣΙΟΣ ΚΑΙ ΣΙΑ ΛΤΔ,Ε002421/2019,13/09/2019,12/09/2031,96,-,-,Συμβατικά Καύσιμα,ΜΕΚ,Ντίζελ,Κατασκευής - Λειτουργίας,Εφεδρεία,Λεμεσός,Μέσα Γειτονιά
Y. THRASYVOULOU HOLDINGS LTD,Ε002420/2019,13/09/2019,12/09/2031,100,-,-,Συμβατικά Καύσιμα,ΜΕΚ,,Κατασκευής - Λειτουργίας,Εφεδρεία,Πάφος,Κισσόνεργα
ΥΠΟΥΡΓΕΙΟ ΑΜΥΝΑΣ,Ε002419/2019,13/09/2019,12/09/2031,640,-,-,Συμβατικά Καύσιμα,ΜΕΚ,Ντίζελ,Κατασκευής - Λειτουργίας,Εφεδρεία,Λευκωσία,Στρόβολος
ΚΕΡΑΜΕΙΟ ΑΝΔΡΕΑΣ ΚΑΣΑΠΗΣ ΛΤΔ,Ε002418/2019,13/09/2019,12/09/2031,88,-,-,Συμβατικά Καύσιμα,ΜΕΚ,Ντίζελ,Κατασκευής - Λειτουργίας,Εφεδρεία,Λάρνακα,Καλαβασός
TOTOTHEO INVESTMENTS LTD,Ε002417/2019,13/09/2019,12/09/2031,120,-,-,Συμβατικά Καύσιμα,ΜΕΚ,Ντίζελ,Κατασκευής - Λειτουργίας,Εφεδρεία,Λεμεσός,Ομόνοια
C&AMP;M HADJICHRISTOU HOTELS LTD,Ε002416/2019,13/09/2019,12/09/2031,280,-,-,Συμβατικά Καύσιμα,ΜΕΚ,Ντίζελ,Κατασκευής - Λειτουργίας,Εφεδρεία,Αμμόχωστος,Αγία Νάπα
ΚΕΝΤΡΟ ΓΟΝΙΜΟΤΗΤΑΣ (Κ.Γ.Κ) ΛΤΔ,Ε002415/2019,13/09/2019,12/09/2031,26.4,-,-,Συμβατικά Καύσιμα,ΜΕΚ,,Κατασκευής - Λειτουργίας,Εφεδρεία,Λευκωσία,-
ΦΥΣΙΚΟ ΠΡΟΣΩΠΟ,Ε002414/2019,13/09/2019,12/09/2031,24,-,-,Συμβατικά Καύσιμα,ΜΕΚ,,Κατασκευής - Λειτουργίας,Εφεδρεία,Λεμεσός,Δύμες
NEW WAY ENGINEERING LTD,Ε002413/2019,13/09/2019,12/09/2049,100,-,-,ΑΠΕ,Φωτοβολταϊκό Σύστημα,,Λειτουργίας Σταθμού Παραγωγής Ηλεκτρισμού,Εμπορική Χρήση,Πάφος,Δρούσεια
NEW WAY ENGINEERING LTD,Ε002412/2019,13/09/2019,12/09/2049,150,-,-,ΑΠΕ,Φωτοβολταϊκό Σύστημα,,Λειτουργίας Σταθμού Παραγωγής Ηλεκτρισμού,Εμπορική Χρήση,Πάφος,Δρούσεια
NEW WAY ENGINEERING LTD,Ε002411/2019,13/09/2019,12/09/2049,150,-,-,ΑΠΕ,Φωτοβολταϊκό Σύστημα,,Λειτουργίας Σταθμού Παραγωγής Ηλεκτρισμού,Εμπορική Χρήση,Πάφος,Δρούσεια
ΦΥΣΙΚΟ ΠΡΟΣΩΠΟ,Ε002400/2019,21/08/2019,20/08/2049,100,-,-,ΑΠΕ,Φωτοβολταϊκό Σύστημα,,Λειτουργίας Σταθμού Παραγωγής Ηλεκτρισμού,Εμπορική Χρήση,Πάφος,Πάνω Αρόδες
I.P.D. HELIOTROPIO LTD,Ε002399/2019,21/08/2019,20/08/2049,150,-,-,ΑΠΕ,Φωτοβολταϊκό Σύστημα,,Λειτουργίας Σταθμού Παραγωγής Ηλεκτρισμού,Εμπορική Χρήση,Πάφος,Δρούσεια
ΦΥΣΙΚΟ ΠΡΟΣΩΠΟ,Ε002398/2019,21/08/2019,20/08/2049,150,-,-,ΑΠΕ,Φωτοβολταϊκό Σύστημα,,Λειτουργίας Σταθμού Παραγωγής Ηλεκτρισμού,Εμπορική Χρήση,Πάφος,Πολέμι
L HERITAGE HOTEL PROPERTIES LTD,Ε002397/2019,08/08/2019,07/08/2049,60,-,-,ΑΠΕ,Φωτοβολταϊκό Σύστημα,,Λειτουργίας Σταθμού Παραγωγής Ηλεκτρισμού,Αυτοπαραγωγή/Net-Billing,Αμμόχωστος,Αγία Νάπα
ΠΕΡΙΒΑΛΛΟΝΤΙΚΟ ΚΕΝΤΡΟ ΑΚΡΩΤΗΡΙΟΥ,Ε002396/2019,05/08/2019,04/08/2049,10,-,-,ΑΠΕ,Φωτοβολταϊκό Σύστημα,,Λειτουργίας Σταθμού Παραγωγής Ηλεκτρισμού,Αυτοπαραγωγή/Net-Billing,Λεμεσός,Ακρωτήρι
ΟΓΚΟΛΟΓΙΚΟ ΚΕΝΤΡΟ ΤΡΑΠΕΖΑΣ ΚΥΠΡΟΥ,Ε002395/2019,05/08/2019,04/08/2031,517,-,-,Συμβατικά Καύσιμα,ΜΕΚ,Ντίζελ,Λειτουργίας Σταθμού Παραγωγής Ηλεκτρισμού,Εφεδρεία,Λευκωσία,Στρόβολος
ΛΟΙΖΟΣ ΤΟΦΑΡΗ ΛΤΔ,Ε002394/2019,05/08/2019,04/08/2031,48,-,-,Συμβατικά Καύσιμα,ΜΕΚ,Ντίζελ,Κατασκευής - Λειτουργίας,Αυτοπαραγωγή,Κινητή Μονάδα,-
FAMELINE PROPERTIES LTD,Ε002392/2019,05/08/2019,04/08/2031,250,-,-,Συμβατικά Καύσιμα,ΜΕΚ,Ντίζελ,Κατασκευής - Λειτουργίας,Εφεδρεία,Λεμεσός,Μέσα Γειτονιά
ΕΠΙΧΕΙΡΗΣΕΙΣ Α/ΦΟΙ ΣΤΕΛΙΟΥ ΚΟΥΝΝΑ ΛΤΔ,Ε002391/2019,05/08/2019,04/08/2031,32,-,-,Συμβατικά Καύσιμα,ΜΕΚ,Ντίζελ,Κατασκευής - Λειτουργίας,Αυτοπαραγωγή,Κινητή Μονάδα,-
ΕΠΙΧΕΙΡΗΣΕΙΣ Α/ΦΟΙ ΣΤΕΛΙΟΥ ΚΟΥΝΝΑ ΛΤΔ,Ε002390/2019,05/08/2019,04/08/2031,48,-,-,Συμβατικά Καύσιμα,ΜΕΚ,Ντίζελ,Κατασκευής - Λειτουργίας,Αυτοπαραγωγή,Κινητή Μονάδα,-
ΣΥΝΟΜΟΣΠΟΝΔΙΑ ΕΡΓΑΖΟΜΕΝΩΝ ΚΥΠΡΟΥ,Ε002389/2019,05/08/2019,04/08/2031,160,-,-,Συμβατικά Καύσιμα,ΜΕΚ,Ντίζελ,Κατασκευής - Λειτουργίας,Εφεδρεία,Λευκωσία,Στρόβολος
DYNAMO MOTOR REPAIRS LTD,Ε002388/2019,05/08/2019,04/08/2031,48,-,-,Συμβατικά Καύσιμα,ΜΕΚ,Ντίζελ,Κατασκευής - Λειτουργίας,Αυτοπαραγωγή,Κινητή Μονάδα,-
DYNAMO MOTOR REPAIRS LTD,Ε002387/2019,05/08/2019,04/08/2031,32,-,-,Συμβατικά Καύσιμα,ΜΕΚ,Ντίζελ,Κατασκευής - Λειτουργίας,Αυτοπαραγωγή,Κινητή Μονάδα,-
DYNAMO MOTOR REPAIRS LTD,Ε002386/2019,05/08/2019,04/08/2031,400,-,-,Συμβατικά Καύσιμα,ΜΕΚ,Ντίζελ,Κατασκευής - Λειτουργίας,Αυτοπαραγωγή,Κινητή Μονάδα,-
ΦΥΣΙΚΟ ΠΡΟΣΩΠΟ,Ε002385/2019,05/08/2019,04/08/2031,50,-,-,Συμβατικά Καύσιμα,ΜΕΚ,Ντίζελ,Κατασκευής - Λειτουργίας,Εφεδρεία,Λευκωσία,Αγίους Τριμιθιάς
PRIMETEL PLC,Ε002384/2019,05/08/2019,04/08/2031,80,-,-,Συμβατικά Καύσιμα,ΜΕΚ,Ντίζελ,Κατασκευής - Λειτουργίας,Αυτοπαραγωγή,Κινητή Μονάδα,-
PRIMETEL PLC,Ε002383/2019,05/08/2019,04/08/2031,80,-,-,Συμβατικά Καύσιμα,ΜΕΚ,,Κατασκευής - Λειτουργίας,Αυτοπαραγωγή,Κινητή Μονάδα,-
A.C. TECHNOMETAL LTD,Ε002382/2019,05/08/2019,04/08/2031,400,-,-,Συμβατικά Καύσιμα,ΜΕΚ,,Κατασκευής - Λειτουργίας,Εφεδρεία,Λευκωσία,Τσέρι
ΛΟΙΖΟΣ ΤΟΦΑΡΗ ΛΤΔ,Ε002379/2019,05/08/2019,04/08/2031,48,-,-,Συμβατικά Καύσιμα,ΜΕΚ,Ντίζελ,Κατασκευής - Λειτουργίας,Αυτοπαραγωγή,Κινητή Μονάδα,-
DYNAMO MOTOR REPAIRS LTD,Ε002378/2019,05/08/2019,04/08/2031,136,-,-,Συμβατικά Καύσιμα,ΜΕΚ,Ντίζελ,Κατασκευής - Λειτουργίας,Αυτοπαραγωγή,Κινητή Μονάδα,-
CHARTEREDHOUSE ESTATES LTD,Ε002377/2019,05/08/2019,04/08/2031,616,-,-,Συμβατικά Καύσιμα,ΜΕΚ,Ντίζελ,Κατασκευής - Λειτουργίας,Εφεδρεία,Λεμεσός,Άγιος Τύχωνας
ΔΗΜΟΣ ΛΕΥΚΩΣΙΑΣ,Ε002376/2019,05/08/2019,04/08/2031,448,-,-,Συμβατικά Καύσιμα,ΜΕΚ,Ντίζελ,Κατασκευής - Λειτουργίας,Εφεδρεία,Λευκωσία,Λευκωσία
ΦΥΣΙΚΟ ΠΡΟΣΩΠΟ,Ε002373/2019,30/07/2019,29/07/2049,100,-,-,ΑΠΕ,Φωτοβολταϊκό Σύστημα,,Λειτουργίας Σταθμού Παραγωγής Ηλεκτρισμού,Εμπορική Χρήση,Πάφος,Στρουμπί
BIOLAND PROJECT 9 LTD,Ε002366/2019,29/07/2019,28/07/2049,1900,-,-,ΑΠΕ,Φωτοβολταϊκό Σύστημα,,Λειτουργίας Σταθμού Παραγωγής Ηλεκτρισμού,Εμπορική Χρήση,Λάρνακα,Αλεθρικό
A. P. TSOKKIS ESTATES LTD (ELEANA HOTEL),Ε002358/2019,23/07/2019,22/07/2049,67.8,-,-,ΑΠΕ,Φωτοβολταϊκό Σύστημα,,Λειτουργίας Σταθμού Παραγωγής Ηλεκτρισμού,Αυτοπαραγωγή/Net-Billing,Αμμόχωστος,Αγία Νάπα
ΚΕΝΤΡΟ ΕΝΗΛΙΚΩΝ ΕΛΕΟΥΣΑ ΤΟΥ ΚΥΚΚΟΥ - ΙΕΡΑ ΜΟΝΗ ΚΥΚΚΟΥ,Ε002357/2019,22/07/2019,21/07/2049,27.5,-,-,ΑΠΕ,Φωτοβολταϊκό Σύστημα,,Λειτουργίας Σταθμού Παραγωγής Ηλεκτρισμού,Αυτοπαραγωγή/Net-Billing,Λευκωσία,Λακατάμεια
ΑΔΕΛΦΟΙ Ο.Χ.Μ. ΔΗΜΗΤΡΙΟΥ ΓΕΩΡΓΙΚΕΣ ΕΠΙΧΕΙΡΗΣΕΙΣ ΛΤΔ,Ε002356/2019,22/07/2019,21/07/2049,19.8,-,-,ΑΠΕ,Φωτοβολταϊκό Σύστημα,,Λειτουργίας Σταθμού Παραγωγής Ηλεκτρισμού,Αυτοπαραγωγή/Net-Billing,Λεμεσός,Παρεκκλησιά
NAVARRO FARMS LTD,Ε002355/2019,22/07/2019,21/07/2049,60,-,-,ΑΠΕ,Φωτοβολταϊκό Σύστημα,,Λειτουργίας Σταθμού Παραγωγής Ηλεκτρισμού,Αυτοπαραγωγή/Net-Billing,Λευκωσία,Μαργί
C&AMP;S AMERICAN HEART INSTITUTE LIMITED,Ε002354/2019,22/07/2019,21/07/2049,19.84,-,-,ΑΠΕ,Φωτοβολταϊκό Σύστημα,,Λειτουργίας Σταθμού Παραγωγής Ηλεκτρισμού,Αυτοπαραγωγή/Net-Billing,Λεμεσός,Λεμεσός
SPAZIO HEALTH AND LEISURE CLUB LTD,Ε002353/2019,22/07/2019,21/07/2049,20,-,-,ΑΠΕ,Φωτοβολταϊκό Σύστημα,,Λειτουργίας Σταθμού Παραγωγής Ηλεκτρισμού,Αυτοπαραγωγή/Net-Billing,Λευκωσία,Αγίου Τριμιθιάς
K. NICOLAOU &AMP; SONS ROADTECH LTD,Ε002352/2019,22/07/2019,21/07/2049,891,-,-,ΑΠΕ,Φωτοβολταϊκό Σύστημα,,Λειτουργίας Σταθμού Παραγωγής Ηλεκτρισμού,Εμπορική Χρήση,Πάφος,Αγία Μαρίνουδα
ΦΥΣΙΚΟ ΠΡΟΣΩΠΟ,Ε002351/2019,22/07/2019,21/07/2049,111.65,-,-,ΑΠΕ,Φωτοβολταϊκό Σύστημα,,Λειτουργίας Σταθμού Παραγωγής Ηλεκτρισμού,Εμπορική Χρήση,Λευκωσία,Πέρα
ΦΥΣΙΚΟ ΠΡΟΣΩΠΟ,Ε002350/2019,22/07/2019,21/07/2049,100,-,-,ΑΠΕ,Φωτοβολταϊκό Σύστημα,,Λειτουργίας Σταθμού Παραγωγής Ηλεκτρισμού,Εμπορική Χρήση,Λευκωσία,Εργάτες
ΦΥΣΙΚΟ ΠΡΟΣΩΠΟ,Ε002349/2019,22/07/2019,21/07/2049,100,-,-,ΑΠΕ,Φωτοβολταϊκό Σύστημα,,Λειτουργίας Σταθμού Παραγωγής Ηλεκτρισμού,Εμπορική Χρήση,Λευκωσία,Εργάτες
ΦΥΣΙΚΟ ΠΡΟΣΩΠΟ,Ε002348/2019,22/07/2019,21/07/2049,100,-,-,ΑΠΕ,Φωτοβολταϊκό Σύστημα,,Λειτουργίας Σταθμού Παραγωγής Ηλεκτρισμού,Εμπορική Χρήση,Λευκωσία,Ευρύχου
ANKEI PHOTOVOLTAICS LTD,Ε002347/2019,22/07/2019,21/07/2049,100,-,-,ΑΠΕ,Φωτοβολταϊκό Σύστημα,,Λειτουργίας Σταθμού Παραγωγής Ηλεκτρισμού,Εμπορική Χρήση,Λευκωσία,Ευρύχου
BIOLAND PROJECT 14 LTD,Ε002346/2019,22/07/2019,21/07/2049,1900,-,-,ΑΠΕ,Φωτοβολταϊκό Σύστημα,,Λειτουργίας Σταθμού Παραγωγής Ηλεκτρισμού,Εμπορική Χρήση,Λάρνακα,Τρούλλοι
NEW WAY ENGINEERING LTD,Ε002345/2019,22/07/2019,21/07/2049,150,-,-,ΑΠΕ,Φωτοβολταϊκό Σύστημα,,Λειτουργίας Σταθμού Παραγωγής Ηλεκτρισμού,Εμπορική Χρήση,Πάφος,Κρήτου Τέρα
ΦΥΣΙΚΟ ΠΡΟΣΩΠΟ,Ε002344/2019,12/07/2019,11/07/2049,150,-,-,ΑΠΕ,Φωτοβολταϊκό Σύστημα,,Λειτουργίας Σταθμού Παραγωγής Ηλεκτρισμού,Εμπορική Χρήση,Πάφος,Πολέμι
ΦΥΣΙΚΟ ΠΡΟΣΩΠΟ,Ε002343/2019,12/07/2019,11/07/2049,150,-,-,ΑΠΕ,Φωτοβολταϊκό Σύστημα,,Λειτουργίας Σταθμού Παραγωγής Ηλεκτρισμού,Εμπορική Χρήση,Πάφος,Πολέμι
ΦΥΣΙΚΟ ΠΡΟΣΩΠΟ,Ε002342/2019,12/07/2019,11/07/2049,150,-,-,ΑΠΕ,Φωτοβολταϊκό Σύστημα,,Λειτουργίας Σταθμού Παραγωγής Ηλεκτρισμού,Εμπορική Χρήση,Πάφος,Πολέμι
GEISEL LTD,Ε002325/2019,09/07/2019,08/07/2049,1000,-,-,ΑΠΕ,Φωτοβολταϊκό Σύστημα,,Λειτουργίας Σταθμού Παραγωγής Ηλεκτρισμού,Εμπορική Χρήση,Λάρνακα,Αραδίππου
ΦΥΣΙΚΟ ΠΡΟΣΩΠΟ,Ε002324/2019,09/07/2019,08/07/2049,19.95,-,-,ΑΠΕ,Φωτοβολταϊκό Σύστημα,,Λειτουργίας Σταθμού Παραγωγής Ηλεκτρισμού,Αυτοπαραγωγή/Net-Billing,Λεμεσός,Μοναγρούλι
ZIMACO HOLDINGS LTD,Ε002323/2019,09/07/2019,08/07/2049,43.2,-,-,ΑΠΕ,Φωτοβολταϊκό Σύστημα,,Λειτουργίας Σταθμού Παραγωγής Ηλεκτρισμού,Αυτοπαραγωγή/Net-Billing,Λευκωσία,Άγιος Δομέτιος
ΚΥΠΡΙΑΚΟΣ ΟΡΓΑΝΙΣΜΟΣ ΑΘΛΗΤΙΣΜΟΥ,Ε002322/2019,05/07/2019,04/07/2031,16,-,-,Συμβατικά Καύσιμα,ΜΕΚ,Ντίζελ,Κατασκευής - Λειτουργίας,Αυτοπαραγωγή,Κινητή Μονάδα,-
BENQUET ENTERPRISES LTD,Ε002311/2019,14/06/2019,31/12/2026,1000,-,-,ΑΠΕ,Φωτοβολταϊκό Σύστημα,,Κατασκευής Σταθμού Παραγωγής Ηλεκτρισμού,Εμπορική Χρήση,Λευκωσία,Καταλιόντας
ΦΥΣΙΚΟ ΠΡΟΣΩΠΟ,Ε002297/2019,07/06/2019,31/12/2029,150,-,-,ΑΠΕ,Φωτοβολταϊκό Σύστημα,,Κατασκευής Σταθμού Παραγωγής Ηλεκτρισμού,Εμπορική Χρήση,Λεμεσός,Λάνεια
BIOLAND PROJECT 41 LTD,Ε002293/2019,07/06/2019,31/12/2028,550,550,1650,ΑΠΕ,Φωτοβολταϊκό Σύστημα,,Κατασκευής Σταθμού Παραγωγής Ηλεκτρισμού,Εμπορική Χρήση,Λάρνακα,Τρούλλοι
BIOLAND PROJECT 41 LTD,Ε002292/2019,07/06/2019,31/12/2028,550,550,1650,ΑΠΕ,Φωτοβολταϊκό Σύστημα,,Κατασκευής Σταθμού Παραγωγής Ηλεκτρισμού,Εμπορική Χρήση,Λάρνακα,Τρούλλοι
ANDREAS SOTERIOU - ANDREOTTI LTD,Ε002275/2019,24/05/2019,23/05/2049,25.35,-,-,ΑΠΕ,Φωτοβολταϊκό Σύστημα,,Λειτουργίας Σταθμού Παραγωγής Ηλεκτρισμού,Αυτοπαραγωγή/Net-Billing,Λεμεσός,Άγιος Αθανάσιος
Ε&AMP;Π ΛΕΙΒΑΔΙΩΤΗ ΛΤΔ,Ε002273/2019,14/05/2019,13/05/2049,19.8,-,-,ΑΠΕ,Φωτοβολταϊκό Σύστημα,,Λειτουργίας Σταθμού Παραγωγής Ηλεκτρισμού,Αυτοπαραγωγή/Net-Billing,Λάρνακα,Αγλαντζιά
BP-S 101 LTD ,Ε002253/2019,10/05/2019,31/12/2028,3300,-,-,ΑΠΕ,Φωτοβολταϊκό Σύστημα,,Κατασκευής Σταθμού Παραγωγής Ηλεκτρισμού,Εμπορική Χρήση,Λάρνακα,Αθηένου
PETROLINA ENERGY LTD,Ε002250/2019,10/05/2019,31/12/2027,2200,-,-,ΑΠΕ,Φωτοβολταϊκό Σύστημα,,Κατασκευής Σταθμού Παραγωγής Ηλεκτρισμού,Εμπορική Χρήση,Λάρνακα,Αραδίππου
ΑΣΤΥΝΟΜΙΚΗ ΔΙΕΥΘΥΝΣΗ ΑΜΜΟΧΩΣΤΟΥ,Ε002202/2019,05/04/2019,04/04/2049,10,-,-,ΑΠΕ,Φωτοβολταϊκό Σύστημα,,Λειτουργίας Σταθμού Παραγωγής Ηλεκτρισμού,Αυτοπαραγωγή/Net-Billing,Αμμόχωστος,Παραλίμνι
ANTONIS ASKANIS LTD,Ε002196/2019,22/03/2019,21/03/2031,20,-,-,Συμβατικά Καύσιμα,ΜΕΚ,Ντίζελ,Κατασκευής - Λειτουργίας,Αυτοπαραγωγή,Λεμεσός,Αμαθούντα
MILFIN INVESTMENT COMPANY LTD,Ε002195/2019,22/03/2019,21/03/2031,176,-,-,Συμβατικά Καύσιμα,ΜΕΚ,Ντίζελ,Κατασκευής - Λειτουργίας,Εφεδρεία,Λευκωσία,-
LOUIS HOTELS PUBLIC COMPANY LTD,Ε002194/2019,22/03/2019,21/03/2031,160,-,-,Συμβατικά Καύσιμα,ΜΕΚ,Πετρέλαιο,Κατασκευής - Λειτουργίας,Εφεδρεία,Πάφος,Χλώρακα
ΘΕΜΕΛΙΟΤΕΧΝΙΚΗ (ΠΟΛΥΣ ΑΡΓΥΡΙΔΗΣ) ΛΤΔ,Ε002193/2019,22/03/2019,21/03/2031,400,-,-,Συμβατικά Καύσιμα,ΜΕΚ,Ντίζελ,Κατασκευής - Λειτουργίας,Αυτοπαραγωγή,Κινητή Μονάδα,-
ΙΝΣΤΙΤΟΥΤΟ ΝΕΥΡΟΛΟΓΙΑΣ &AMP; ΓΕΝΕΤΙΚΗΣ ΚΥΠΡΟΥ,Ε002192/2019,19/03/2019,18/03/2031,485,-,-,Συμβατικά Καύσιμα,ΜΕΚ,Ντίζελ,Κατασκευής - Λειτουργίας,Εφεδρεία,Λευκωσία,Άγιος Δομέτιος
ΘΕΜΕΛΙΟΤΕΧΝΙΚΗ (ΠΟΛΥΣ ΑΡΓΥΡΙΔΗΣ) ΛΤΔ,Ε002189/2019,19/03/2019,18/03/2031,52.8,-,-,Συμβατικά Καύσιμα,ΜΕΚ,Ντίζελ,Κατασκευής - Λειτουργίας,Αυτοπαραγωγή,Κινητή Μονάδα,-
GTK GENERATORS LTD,Ε002188/2019,19/03/2019,18/03/2031,128,-,-,Συμβατικά Καύσιμα,ΜΕΚ,Ντίζελ,Κατασκευής - Λειτουργίας,Αυτοπαραγωγή,Κινητή Μονάδα,-
BP-S 122 LTD,Ε002179/2019,08/03/2019,31/12/2028,999,999,2997,ΑΠΕ,Φωτοβολταϊκό Σύστημα,,Κατασκευής Σταθμού Παραγωγής Ηλεκτρισμού,Εμπορική Χρήση,Λάρνακα,Tρούλλοι
NAVARRO FARMS LTD,Ε002165/2019,08/02/2019,07/02/2031,152,-,-,Συμβατικά Καύσιμα,ΜΕΚ,Ντίζελ,Κατασκευής - Λειτουργίας,Εφεδρεία,Λευκωσία,Μαργί
WORLD TRADE CENTER - TRUST RE BUILDING MANAGEMENT LTD,Ε002163/2019,08/02/2019,07/02/2031,347,-,-,Συμβατικά Καύσιμα,ΜΕΚ,Ντίζελ,Κατασκευής - Λειτουργίας,Εφεδρεία,Λεμεσός,Νεάπολη
RIMES TECHNOLOGIES (CYPRUS) LTD,Ε002162/2019,08/02/2019,07/02/2031,59.29,-,-,Συμβατικά Καύσιμα,ΜΕΚ,Ντίζελ,Κατασκευής - Λειτουργίας,Εφεδρεία,Λευκωσία,Στρόβολος
MILTIADES NEOPHYTOU CIVIL ENGINEERING CONTRACTORS &AMP; DEVELOPERS LTD,Ε002161/2019,08/02/2019,07/02/2031,26.8,-,-,Συμβατικά Καύσιμα,ΜΕΚ,Ντίζελ,Κατασκευής - Λειτουργίας,Αυτοπαραγωγή,Κινητή Μονάδα,-
MILTIADES NEOPHYTOU CIVIL ENGINEERING CONTRACTORS &AMP; DEVELOPERS LTD,Ε002160/2019,08/02/2019,07/02/2031,41.1,-,-,Συμβατικά Καύσιμα,ΜΕΚ,Ντίζελ,Κατασκευής - Λειτουργίας,Αυτοπαραγωγή,Κινητή Μονάδα,-
THE CYPRUS  TOURISM DEVELOPMENT PUBLIC CO LTD (HILTON CYPRUS),Ε002159/2019,08/02/2019,07/02/2031,400,-,-,Συμβατικά Καύσιμα,ΜΕΚ,Ντίζελ,Λειτουργίας Σταθμού Παραγωγής Ηλεκτρισμού,Εφεδρεία,Λευκωσία,-
ALBOURNE PARTNERS CYPRUS LTD,Ε002158/2019,08/02/2019,07/02/2031,80,-,-,Συμβατικά Καύσιμα,ΜΕΚ,Ντίζελ,Κατασκευής - Λειτουργίας,Εφεδρεία,Λευκωσία,Δάλι
AENEAS HOTEL LTD,Ε002157/2019,08/02/2019,07/02/2031,664,-,-,Συμβατικά Καύσιμα,ΜΕΚ,Ντίζελ,Κατασκευής - Λειτουργίας,Εφεδρεία,Αμμόχωστος,Αγία Νάπα
NORTEST CYPRUS LTD,Ε002156/2019,01/02/2019,31/01/2031,35,-,-,Συμβατικά Καύσιμα,ΜΕΚ,Ντίζελ,Κατασκευής - Λειτουργίας,Εφεδρεία,Λάρνακα,Kαλαβασός
ΠΑΡΑΔΕΙΣΙΩΤΗΣ ΛΤΔ,Ε002155/2019,01/02/2019,31/01/2031,88,-,-,Συμβατικά Καύσιμα,ΜΕΚ,Ντίζελ,Κατασκευής - Λειτουργίας,Εφεδρεία,Λάρνακα,Κίτι
ΠΑΡΑΔΕΙΣΙΩΤΗΣ ΛΤΔ,Ε002154/2019,01/02/2019,31/01/2031,320,-,-,Συμβατικά Καύσιμα,ΜΕΚ,Ντίζελ,Κατασκευής - Λειτουργίας,Εφεδρεία,Λάρνακα,Ορά
IAKOVOS PHOTIADES FOODSTUFF SUPPLIES LTD,Ε002152/2019,01/02/2019,31/01/2031,80,-,-,Συμβατικά Καύσιμα,ΜΕΚ,Ντίζελ,Κατασκευής - Λειτουργίας,Εφεδρεία,Λευκωσία,Έγκωμη
Α &AMP; Α ΒΟΣΚΟΥ ΓΕΝΙΚΟ ΕΜΠΟΡΙΟ ΛΤΔ,Ε002151/2019,01/02/2019,31/01/2031,98,-,-,Συμβατικά Καύσιμα,ΜΕΚ,Ντίζελ,Κατασκευής - Λειτουργίας,Εφεδρεία,Αμμόχωστος,Σωτήρα
ΦΥΣΙΚΟ ΠΡΟΣΩΠΟ,Ε002150/2019,01/02/2019,31/01/2031,24,-,-,Συμβατικά Καύσιμα,ΜΕΚ,Ντίζελ,Κατασκευής - Λειτουργίας,Αυτοπαραγωγή,Αμμόχωστος,Δασάκι Άχνας
THE JUNIOR SCHOOL,Ε002149/2019,01/02/2019,31/01/2031,170,-,-,Συμβατικά Καύσιμα,ΜΕΚ,Ντίζελ,Κατασκευής - Λειτουργίας,Εφεδρεία,Λευκωσία,Λατσιά
ARCHIRODON CONSTRUCTION (OVERSEAS) COMANY LTD,Ε002148/2019,01/02/2019,31/01/2031,360,-,-,Συμβατικά Καύσιμα,ΜΕΚ,Ντίζελ,Λειτουργίας Σταθμού Παραγωγής Ηλεκτρισμού,Αυτοπαραγωγή,Λάρνακα,Βασιλικός
ΑΣΤΥΝΟΜΙΚΗ ΔΙΕΥΘΥΝΣΗ ΑΜΜΟΧΩΣΤΟΥ,Ε002146/2019,01/02/2019,31/01/2031,160,-,-,Συμβατικά Καύσιμα,ΜΕΚ,Ντίζελ,Κατασκευής - Λειτουργίας,Εφεδρεία,Αμμόχωστος,Παραλίμνι
PISCES POWER INVESTMENTS LTD,Ε002145/2019,01/02/2019,31/12/2027,5000,-,-,ΑΠΕ,Φωτοβολταϊκό Σύστημα,,Κατασκευής Σταθμού Παραγωγής Ηλεκτρισμού,Εμπορική Χρήση,Λεμεσός,Ανώγυρα
TXMN ENERGY LTD,Ε002140/2019,01/02/2019,31/12/2027,2000,-,-,ΑΠΕ,Φωτοβολταϊκό Σύστημα,,Κατασκευής Σταθμού Παραγωγής Ηλεκτρισμού,Εμπορική Χρήση,Λεμεσός,Σωτήρα
PARADISIOTIS PQF LTD,Ε002133/2019,22/01/2019,21/01/2049,300,-,-,ΑΠΕ,Φωτοβολταϊκό Σύστημα,,Λειτουργίας Σταθμού Παραγωγής Ηλεκτρισμού,Αυτοπαραγωγή/Net-Billing,Λεμεσός,Ύψωνας
BP-S 102 LTD ,Ε002132/2018,21/12/2018,31/12/2028,2000,2000,4000,ΑΠΕ,Φωτοβολταϊκό Σύστημα,,Κατασκευής Σταθμού Παραγωγής Ηλεκτρισμού,Εμπορική Χρήση,Λευκωσία,Ποτάμι
BIOLAND PROJECT 48 LTD,Ε002130/2018,21/12/2018,31/12/2028,1200,1200,2400,ΑΠΕ,Φωτοβολταϊκό Σύστημα,,Κατασκευής Σταθμού Παραγωγής Ηλεκτρισμού,Εμπορική Χρήση,Λευκωσία,Περιστερώνα
TERNA OVERSEAS LTD,Ε002120/2018,18/12/2018,17/12/2030,800,-,-,Συμβατικά Καύσιμα,ΜΕΚ,Ντίζελ,Κατασκευής - Λειτουργίας,Εφεδρεία,Αμμόχωστος,Αγία Νάπα
INTEGRATED CASINO RESORT CYPRUS LTD,Ε002119/2018,18/12/2018,17/12/2030,464,-,-,Συμβατικά Καύσιμα,ΜΕΚ,Ντίζελ,Κατασκευής - Λειτουργίας,Εφεδρεία,Λεμεσός,Λεμεσού
ΑΡΤΟΠΟΙΕΙΑ ΙΩΑΝΝΗ ΚΑΙ ΝΙΚΗΣ ΙΩΑΝΝΟΥ ΛΤΔ,Ε002118/2018,18/12/2018,17/12/2030,88,-,-,Συμβατικά Καύσιμα,ΜΕΚ,Ντίζελ,Κατασκευής - Λειτουργίας,Εφεδρεία,Λευκωσία,Λευκωσία
N.I.M.E.E. J.V,Ε002117/2018,18/12/2018,17/12/2030,285,-,-,Συμβατικά Καύσιμα,ΜΕΚ,Πετρέλαιο,Κατασκευής - Λειτουργίας,Εφεδρεία,Λεμεσός,Βατί
PETROU ENERGY SOLUTION LTD,Ε002116/2018,18/12/2018,17/12/2030,48,-,-,Συμβατικά Καύσιμα,ΜΕΚ,Ντίζελ,Κατασκευής - Λειτουργίας,Εφεδρεία,Λάρνακα,Αραδίππου
ΤΜΗΜΑ ΜΕΤΕΩΡΟΛΟΓΙΑΣ,Ε002115/2018,18/12/2018,17/12/2030,66,-,-,Συμβατικά Καύσιμα,ΜΕΚ,,Κατασκευής - Λειτουργίας,Εφεδρεία,Λευκωσία,Αγλαντζιά
ΑΡΧΗ ΗΛΕΚΤΡΙΣΜΟΥ ΚΥΠΡΟΥ,Ε002114/2018,18/12/2018,17/12/2030,245,-,-,Συμβατικά Καύσιμα,ΜΕΚ,Ντίζελ,Κατασκευής - Λειτουργίας,Εφεδρεία,Λεμεσός,Λεμεσού
ΣΥΜΒΟΥΛΙΟ ΑΠΟΧΕΤΕΥΣΕΩΝ ΛΕΜΕΣΟΥ - ΑΜΑΘΟΥΝΤΑΣ,Ε002113/2018,04/12/2018,03/12/2048,20,-,-,ΑΠΕ,Φωτοβολταϊκό Σύστημα,,Λειτουργίας Σταθμού Παραγωγής Ηλεκτρισμού,Αυτοπαραγωγή/Net-Billing,Λεμεσός,Μονή
WTE WASSERTECHNIK GMBH,Ε002112/2018,04/12/2018,03/12/2048,120,-,-,ΑΠΕ,Φωτοβολταϊκό Σύστημα,,Λειτουργίας Σταθμού Παραγωγής Ηλεκτρισμού,Αυτοπαραγωγή/Net-Billing,Λεμεσός,Πύργος
ΤΡΑΠΕΖΑ ΚΥΠΡΟΥ ΔΗΜΟΣΙΑ ΕΤΑΙΡΕΙΑ ΛΤΔ,Ε002111/2018,04/12/2018,03/12/2048,100,-,-,ΑΠΕ,Φωτοβολταϊκό Σύστημα,,Λειτουργίας Σταθμού Παραγωγής Ηλεκτρισμού,Αυτοπαραγωγή/Net-Billing,Λευκωσία,Γέρι
BIOLAND PROJECT 42 LTD,Ε002109/2018,30/11/2018,31/12/2028,1800,1800,3600,ΑΠΕ,Φωτοβολταϊκό Σύστημα,,Κατασκευής Σταθμού Παραγωγής Ηλεκτρισμού,Εμπορική Χρήση,Λευκωσία,Ποτάμι
BIOLAND PROJECT 37 LTD,Ε002107/2018,30/11/2018,31/12/2028,900,900,1800,ΑΠΕ,Φωτοβολταϊκό Σύστημα,,Κατασκευής Σταθμού Παραγωγής Ηλεκτρισμού,Εμπορική Χρήση,Λευκωσία,Άγιος Ιωάννης
BIOLAND PROJECT 31 LTD,Ε002106/2018,30/11/2018,31/12/2028,3000,-,-,ΑΠΕ,Φωτοβολταϊκό Σύστημα,,Κατασκευής Σταθμού Παραγωγής Ηλεκτρισμού,Εμπορική Χρήση,Λευκωσία,Τρούλλοι
BIOLAND PROJECT 71 LTD,Ε002105/2018,30/11/2018,31/12/2028,500,500,1000,ΑΠΕ,Φωτοβολταϊκό Σύστημα,,Κατασκευής Σταθμού Παραγωγής Ηλεκτρισμού,Εμπορική Χρήση,Λευκωσία,Πέρα
ΔΗΜΟΣ ΠΑΡΑΛΙΜΝΙΟΥ,Ε002097/2018,27/11/2018,26/11/2030,152,-,-,Συμβατικά Καύσιμα,ΜΕΚ,Ντίζελ,Κατασκευής Σταθμού Παραγωγής Ηλεκτρισμού,Εφεδρεία,Αμμόχωστος,Παραλίμνι
EUROGATE CONTAINER TERMINAL LIMASSOL,Ε002090/2018,27/11/2018,26/11/2030,32,-,-,Συμβατικά Καύσιμα,ΜΕΚ,Ντίζελ,Κατασκευής - Λειτουργίας,Εφεδρεία,Λεμεσός,Λιμάνι Λεμεσού
BIOLAND PROJECT 51 LTD,Ε002085/2018,23/11/2018,31/12/2028,4300,4300,8600,ΑΠΕ,Φωτοβολταϊκό Σύστημα,,Κατασκευής Σταθμού Παραγωγής Ηλεκτρισμού,Εμπορική Χρήση,Λευκωσία,Κάτω Κουτραφάς
HEAVENS GARDEN WATERPARK LTD,Ε002064/2018,07/09/2018,06/09/2048,99.84,-,-,ΑΠΕ,Φωτοβολταϊκό Σύστημα,,Λειτουργίας Σταθμού Παραγωγής Ηλεκτρισμού,Αυτοπαραγωγή/Net-Billing,Λεμεσός,-
ΠΑΤΡΟΚΛΟΣ ΧΡΥΣΟΣΤΟΜΟΥ ΛΤΔ,Ε002063/2018,07/09/2018,06/09/2048,20,-,-,ΑΠΕ,Φωτοβολταϊκό Σύστημα,,Λειτουργίας Σταθμού Παραγωγής Ηλεκτρισμού,Αυτοπαραγωγή/Net-Billing,Λάρνακα,Αραδίππου
Α.Γ. ΣΙΑΛΟΣ ΦΑΡΜΑ ΛΤΔ,Ε002062/2018,07/09/2018,06/09/2048,19.94,-,-,ΑΠΕ,Φωτοβολταϊκό Σύστημα,,Λειτουργίας Σταθμού Παραγωγής Ηλεκτρισμού,Αυτοπαραγωγή/Net-Billing,Λάρνακα,Ορμήδεια
KAFKAS CYPRUS LTD,Ε002061/2018,21/08/2018,20/08/2030,112,-,-,Συμβατικά Καύσιμα,ΜΕΚ,Ντίζελ,Κατασκευής - Λειτουργίας,Εφεδρεία,Λεμεσός,Άγιος Αθανάσιος
ALPHA PANARETI PUBLIC LTD,Ε002060/2018,21/08/2018,20/08/2030,200,-,-,Συμβατικά Καύσιμα,ΜΕΚ,Πετρέλαιο,Κατασκευής - Λειτουργίας,Εφεδρεία,Πάφος,Πέγεια
VOICI LA MODE LTD,Ε002059/2018,21/08/2018,20/08/2030,80,-,-,Συμβατικά Καύσιμα,ΜΕΚ,Ντίζελ,Κατασκευής - Λειτουργίας,Εφεδρεία,Λευκωσία,Στρόβολος
VOICI LA MODE LTD,Ε002058/2018,21/08/2018,20/08/2030,70,-,-,Συμβατικά Καύσιμα,ΜΕΚ,Ντίζελ,Κατασκευής - Λειτουργίας,Εφεδρεία,Λευκωσία,-
HERMES AIRPORTS LTD,Ε002057/2018,21/08/2018,20/08/2030,240,-,-,Συμβατικά Καύσιμα,ΜΕΚ,Ντίζελ,Κατασκευής - Λειτουργίας,Εφεδρεία,Λάρνακα,Αεροδρόμιο
HERMES AIRPORTS LTD,Ε002056/2018,21/08/2018,20/08/2030,200,-,-,Συμβατικά Καύσιμα,ΜΕΚ,Ντίζελ,Κατασκευής - Λειτουργίας,Εφεδρεία,Πάφος,Αεροδρόμιο
UNICAP LTD,Ε002055/2018,21/08/2018,20/08/2030,132,-,-,Συμβατικά Καύσιμα,ΜΕΚ,Ντίζελ,Κατασκευής - Λειτουργίας,Εφεδρεία,Λευκωσία,Αγίοι Ομολογητές
ΛΟΙΖΟΣ ΤΟΦΑΡΗ ΛΤΔ,Ε002054/2018,21/08/2018,20/08/2030,48,-,-,Συμβατικά Καύσιμα,ΜΕΚ,Ντίζελ,Κατασκευής - Λειτουργίας,Αυτοπαραγωγή,Κινητή Μονάδα,-
ΛΟΙΖΟΣ ΤΟΦΑΡΗ ΛΤΔ,Ε002053/2018,21/08/2018,20/08/2030,64,-,-,Συμβατικά Καύσιμα,ΜΕΚ,Ντίζελ,Κατασκευής - Λειτουργίας,Αυτοπαραγωγή,Κινητή Μονάδα,-
P. LOUTSI LTD,Ε002051/2018,10/08/2018,09/08/2048,70,-,-,ΑΠΕ,Φωτοβολταϊκό Σύστημα,,Λειτουργίας Σταθμού Παραγωγής Ηλεκτρισμού,Αυτοπαραγωγή/Net-Billing,Αμμόχωστος,"Αγία Νάπα, Αμμόχωστος"
ΦΥΣΙΚΟ ΠΡΟΣΩΠΟ,Ε002050/2018,31/07/2018,30/07/2048,19.76,-,-,ΑΠΕ,Φωτοβολταϊκό Σύστημα,,Λειτουργίας Σταθμού Παραγωγής Ηλεκτρισμού,Αυτοπαραγωγή/Net-Billing,Λάρνακα,Αραδίππου
ΕΠΑΡΧΙΑΚΟ ΚΤΗΜΑΤΟΛΟΓΙΚΟ ΓΡΑΦΕΙΟ ΑΜΜΟΧΩΣΤΟΥ,Ε002049/2018,20/07/2018,19/07/2030,108,-,-,Συμβατικά Καύσιμα,ΜΕΚ,Ντίζελ,Κατασκευής - Λειτουργίας,Εφεδρεία,Αμμόχωστος,Παραλίμνι
CABLENET COMMUNICATION SYSTEMS LTD,Ε002048/2018,20/07/2018,19/07/2030,365,-,-,Συμβατικά Καύσιμα,ΜΕΚ,Ντίζελ,Κατασκευής - Λειτουργίας,Εφεδρεία,Λευκωσία,Στρόβολος
ΣΚΥΡΟΘΡΑΥΣΤΙΚΗ ΕΤΑΙΡΕΙΑ ΚΑΟΣ ΛΤΔ,Ε002047/2018,20/07/2018,19/07/2030,800,-,-,Συμβατικά Καύσιμα,ΜΕΚ,Ντίζελ,Κατασκευής - Λειτουργίας,Αυτοπαραγωγή,Λάρνακα,Ξυλοφάγου
ΣΚΥΡΟΘΡΑΥΣΤΙΚΗ ΕΤΑΙΡΕΙΑ ΚΑΟΣ ΛΤΔ,Ε002046/2018,20/07/2018,19/07/2030,800,-,-,Συμβατικά Καύσιμα,ΜΕΚ,Ντίζελ,Κατασκευής - Λειτουργίας,Αυτοπαραγωγή,Λάρνακα,Ξυλοφάγου
RCB BANK LTD,Ε002044/2018,13/07/2018,12/07/2030,80,-,-,Συμβατικά Καύσιμα,ΜΕΚ,Ντίζελ,Κατασκευής - Λειτουργίας,Εφεδρεία,Λεμεσός,Λεμεσός
RCB BANK LTD,Ε002043/2018,13/07/2018,12/07/2030,48,-,-,Συμβατικά Καύσιμα,ΜΕΚ,Ντίζελ,Κατασκευής - Λειτουργίας,Εφεδρεία,Λεμεσός,Άγιος Τύχωνας
RCB BANK LTD,Ε002042/2018,13/07/2018,12/07/2030,48,-,-,Συμβατικά Καύσιμα,ΜΕΚ,Ντίζελ,Κατασκευής - Λειτουργίας,Εφεδρεία,Λευκωσία,Λευκωσία
WISEGUARD SECURITY SERVICES LTD,Ε002041/2018,13/07/2018,12/07/2030,48,-,-,Συμβατικά Καύσιμα,ΜΕΚ,Ντίζελ,Κατασκευής - Λειτουργίας,Εφεδρεία,Λεμεσός,Άγιος Τύχωνας
ΤΟ ΦΘΗΝΟ ΚΑΛΑΘΙ ΛΤΔ,Ε002040/2018,13/07/2018,12/07/2030,37,-,-,Συμβατικά Καύσιμα,ΜΕΚ,Ντίζελ,Κατασκευής - Λειτουργίας,Εφεδρεία,Λάρνακα,Αραδίππου
ΛΑΙΚΗ ΥΠΕΡΑΓΟΡΑ ΣΤΕΛΙΟΣ ΑΝΔΡΕΟΥ ΛΤΔ,Ε002039/2018,13/07/2018,12/07/2030,240,-,-,Συμβατικά Καύσιμα,ΜΕΚ,Ντίζελ,Κατασκευής - Λειτουργίας,Εφεδρεία,Λάρνακα,Λειβάδεια
ΙΔΡΥΜΑ ΑΓΙΟΣ ΣΤΕΦΑΝΟΣ ΓΙΑ ΑΤΟΜΑ ΜΕ ΝΟΗΤΙΚΗ ΑΝΑΠΗΡΙΑ,Ε002038/2018,10/07/2018,09/07/2048,10,-,-,ΑΠΕ,Φωτοβολταϊκό Σύστημα,,Λειτουργίας Σταθμού Παραγωγής Ηλεκτρισμού,Αυτοπαραγωγή/Net-Billing,Λεμεσός,Μέσα Γειτονιά
ΣΥΜΒΟΥΛΙΟ ΥΔΑΤΟΠΡΟΜΗΘΕΙΑΣ ΛΕΥΚΩΣΙΑΣ,Ε002034/2018,08/06/2018,07/06/2030,133.6,-,-,Συμβατικά Καύσιμα,ΜΕΚ,Ντίζελ,Κατασκευής - Λειτουργίας,Εφεδρεία,Λευκωσία,Στρόβολος
ΚΕΝΤΡΟ ΓΥΝΑΙΚΟΛΟΓΙΑΣ ΕΥΑΓΓΕΛΙΣΜΟΣ (ΛΕΜΕΣΟΣ) ΛΤΔ,Ε002033/2018,08/06/2018,07/06/2030,144,-,-,Συμβατικά Καύσιμα,ΜΕΚ,Ντίζελ,Κατασκευής - Λειτουργίας,Εφεδρεία,Λεμεσός,Λεμεσός
ΕΛΛΗΝΙΚΗ ΤΡΑΠΕΖΑ ΔΗΜΟΣΙΑ ΕΤΑΙΡΕΙΑ ΛΤΔ,Ε002032/2018,08/06/2018,07/06/2030,127.5,-,-,Συμβατικά Καύσιμα,ΜΕΚ,Ντίζελ,Κατασκευής - Λειτουργίας,Εφεδρεία,Λευκωσία,Αγίοι Ομολογητές
KERMIA HOTELS LTD - ATLANTICA MARE VILLAGE,Ε002031/2018,08/06/2018,07/06/2030,660,-,-,Συμβατικά Καύσιμα,ΜΕΚ,Ντίζελ,Κατασκευής - Λειτουργίας,Εφεδρεία,Αμμόχωστος,Αγία Νάπα
ROLICO HOTELS LTD - ATLANTICA BAY SANDS HOTEL,Ε002030/2018,08/06/2018,07/06/2030,80,-,-,Συμβατικά Καύσιμα,ΜΕΚ,Ντίζελ,Κατασκευής - Λειτουργίας,Εφεδρεία,Λεμεσός,Άγιος Τύχωνας
ROLICO HOTELS LTD - ATLANTICA BAY HOTEL,Ε002029/2018,08/06/2018,07/06/2030,80,-,-,Συμβατικά Καύσιμα,ΜΕΚ,Ντίζελ,Κατασκευής - Λειτουργίας,Εφεδρεία,Λεμεσός,Άγιος Τύχωνας
ATLANTICA LEISURE GROUP LTD - ATLANTICA OASIS HOTEL,Ε002028/2018,08/06/2018,07/06/2030,400,-,-,Συμβατικά Καύσιμα,ΜΕΚ,Ντίζελ,Κατασκευής - Λειτουργίας,Εφεδρεία,Λεμεσός,Γερμασόγεια
ATLANTICA GOLDEN RESORTS LTD - ATLANTICA GOLDEN BEACH HOTEL,Ε002027/2018,08/06/2018,07/06/2030,400,-,-,Συμβατικά Καύσιμα,ΜΕΚ,Ντίζελ,Κατασκευής - Λειτουργίας,Εφεδρεία,Πάφος,Κισσόνεργα
ΠΑΓΚΥΠΡΙΑ ΣΥΝΤΕΧΝΙΑ ΔΗΜΟΣΙΩΝ ΥΠΑΛΛΗΛΩΝ,Ε002026/2018,08/06/2018,07/06/2030,369,-,-,Συμβατικά Καύσιμα,ΜΕΚ,Ντίζελ,Κατασκευής - Λειτουργίας,Εφεδρεία,Λευκωσία,Αγλαντζιά
ΦΥΣΙΚΟ ΠΡΟΣΩΠΟ,Ε002025/2018,08/06/2018,07/06/2030,24,-,-,Συμβατικά Καύσιμα,ΜΕΚ,Ντίζελ,Κατασκευής - Λειτουργίας,Αυτοπαραγωγή,Λάρνακα,Αναφωτία
ACAM PAPACHRISTOU BROS LTD,Ε002024/2018,08/06/2018,08/06/2030,80,-,-,Συμβατικά Καύσιμα,ΜΕΚ,Πετρέλαιο,Κατασκευής - Λειτουργίας,Εφεδρεία,Λευκωσία,Λατσιά
REMEDICA LTD,Ε002022/2018,01/06/2018,31/05/2048,149.58,-,-,ΑΠΕ,Φωτοβολταϊκό Σύστημα,,Λειτουργίας Σταθμού Παραγωγής Ηλεκτρισμού,Αυτοπαραγωγή/Net-Billing,Λεμεσός,"Ύψωνας, Λεμεσός"
THE CYPRUS INSTITUTE LTD,Ε002021/2018,01/06/2018,31/05/2048,10,-,-,ΑΠΕ,Φωτοβολταϊκό Σύστημα,,Λειτουργίας Σταθμού Παραγωγής Ηλεκτρισμού,Αυτοπαραγωγή/Net-Billing,Λεμεσός,Πεντάκωμο
ΦΥΣΙΚΟ ΠΡΟΣΩΠΟ,Ε002020/2018,22/05/2018,21/05/2030,30,-,-,Συμβατικά Καύσιμα,ΜΕΚ,Ντίζελ,Κατασκευής - Λειτουργίας,Εφεδρεία,Λάρνακα,-
P &AMP; P ICE CREAM ENTERTAINMENT LTD,Ε002019/2018,22/05/2018,21/05/2030,48,-,-,Συμβατικά Καύσιμα,ΜΕΚ,Ντίζελ,Κατασκευής - Λειτουργίας,Εφεδρεία,Λευκωσία,Έγκωμη
ΤΡΑΠΕΖΑ ΚΥΠΡΟΥ Α.Ε ΛΤΔ,Ε002018/2018,22/05/2018,21/05/2030,448,-,-,Συμβατικά Καύσιμα,ΜΕΚ,Ντίζελ,Κατασκευής - Λειτουργίας,Εφεδρεία,Λευκωσία,Γέρι
ΤΡΑΠΕΖΑ ΚΥΠΡΟΥ Α.Ε ΛΤΔ,Ε002017/2018,22/05/2018,21/05/2030,220,-,-,Συμβατικά Καύσιμα,ΜΕΚ,Ντίζελ,Κατασκευής - Λειτουργίας,Εφεδρεία,Λευκωσία,Γέρι
ΤΡΑΠΕΖΑ ΚΥΠΡΟΥ Α.Ε ΛΤΔ,Ε002016/2018,22/05/2018,21/05/2030,360,-,-,Συμβατικά Καύσιμα,ΜΕΚ,Ντίζελ,Κατασκευής - Λειτουργίας,Εφεδρεία,Λευκωσία,Αγλαντζιά
ΤΡΑΠΕΖΑ ΚΥΠΡΟΥ Α.Ε ΛΤΔ,Ε002015/2018,22/05/2018,21/05/2030,400,-,-,Συμβατικά Καύσιμα,ΜΕΚ,Ντίζελ,Κατασκευής - Λειτουργίας,Εφεδρεία,Λευκωσία,-
ΤΡΑΠΕΖΑ ΚΥΠΡΟΥ Α.Ε ΛΤΔ,Ε002014/2018,22/05/2018,21/05/2030,220,-,-,Συμβατικά Καύσιμα,ΜΕΚ,Ντίζελ,Κατασκευής - Λειτουργίας,Εφεδρεία,Λευκωσία,Στρόβολος
ΤΡΑΠΕΖΑ ΚΥΠΡΟΥ Α.Ε ΛΤΔ,Ε002013/2018,22/05/2018,21/05/2030,220,-,-,Συμβατικά Καύσιμα,ΜΕΚ,Ντίζελ,Κατασκευής - Λειτουργίας,Εφεδρεία,Λευκωσία,-
ΤΡΑΠΕΖΑ ΚΥΠΡΟΥ Α.Ε ΛΤΔ,Ε002012/2018,22/05/2018,21/05/2030,512,-,-,Συμβατικά Καύσιμα,ΜΕΚ,Ντίζελ,Κατασκευής - Λειτουργίας,Εφεδρεία,Λευκωσία,Στρόβολος
THEOKONS BAR REASTAURANT LTD,Ε002011/2018,22/05/2018,21/05/2030,80,-,-,Συμβατικά Καύσιμα,ΜΕΚ,Ντίζελ,Κατασκευής - Λειτουργίας,Εφεδρεία,Λεμεσός,Άγιος Τύχονας
EVENINGFALL INVESTMENTS LTD,Ε002010/2018,22/05/2018,21/05/2030,528,-,-,Συμβατικά Καύσιμα,ΜΕΚ,Ντίζελ,Κατασκευής - Λειτουργίας,Εφεδρεία,Λάρνακα,Τερσεφάνου
BIOLAND PROJECT 5 LTD,Ε002006/2018,08/05/2018,07/05/2048,3049,-,-,ΑΠΕ,Φωτοβολταϊκό Σύστημα,,Λειτουργίας Σταθμού Παραγωγής Ηλεκτρισμού,Μειοδοτικός Διαγωνισμός,Λάρνακα,Δρομολαξιά
R.A. VOUYIOUKLAKIS LTD,Ε002005/2018,04/05/2018,03/05/2048,39.6,-,-,ΑΠΕ,Φωτοβολταϊκό Σύστημα,,Λειτουργίας Σταθμού Παραγωγής Ηλεκτρισμού,Αυτοπαραγωγή/Net-Billing,Λάρνακα,Σκαρίνου
ΑΡΧΗ ΗΛΕΚΤΡΙΣΜΟΥ ΚΥΠΡΟΥ,Ε002004/2018,27/04/2018,31/12/2029,5000,-,-,ΑΠΕ,Φωτοβολταϊκό Σύστημα,,Κατασκευής Σταθμού Παραγωγής Ηλεκτρισμού,Εμπορική Χρήση,Λευκωσία,Άγιος Ιωάννης
TFC DEVELOMENTS LTD,Ε001992/2018,26/04/2018,31/12/2029,4260,4000,8000,ΑΠΕ,Φωτοβολταϊκό Σύστημα,,Κατασκευής Σταθμού Παραγωγής Ηλεκτρισμού,Εμπορική Χρήση,Λευκωσία,Άγιος Ιωάννης
TFC DEVELOMENTS LTD,Ε001991/2018,26/04/2018,31/12/2029,5000,5000,1000,ΑΠΕ,Φωτοβολταϊκό Σύστημα,,Κατασκευής Σταθμού Παραγωγής Ηλεκτρισμού,Εμπορική Χρήση,Λευκωσία,Άγιος Ιωάννης
EARTHLIGHT PARK LTD,Ε001986/2018,26/04/2018,31/12/2027,5000,-,-,ΑΠΕ,Φωτοβολταϊκό Σύστημα,,Κατασκευής Σταθμού Παραγωγής Ηλεκτρισμού,Εμπορική Χρήση,Λεμεσός,Σωτήρα
EARTHLIGHT PARK LTD,Ε001985/2018,26/04/2018,31/12/2027,5000,-,-,ΑΠΕ,Φωτοβολταϊκό Σύστημα,,Κατασκευής Σταθμού Παραγωγής Ηλεκτρισμού,Εμπορική Χρήση,Λεμεσός,Σωτήρα
BIOLAND PROJECT 92 LTD,Ε001979/2018,26/04/2018,31/12/2028,1800,-,-,ΑΠΕ,Φωτοβολταϊκό Σύστημα,,Κατασκευής Σταθμού Παραγωγής Ηλεκτρισμού,Εμπορική Χρήση,Αμμόχωστος,Άχνα
CAROB MILL FOOD SUPPLIES LTD,Ε001975/2018,24/04/2018,23/04/2048,70,-,-,ΑΠΕ,Φωτοβολταϊκό Σύστημα,,Λειτουργίας Σταθμού Παραγωγής Ηλεκτρισμού,Αυτοπαραγωγή/Net-Billing,Λεμεσός,Κάτω Πολεμίδια
VANALIO HOLDINGS LTD,Ε001958/2018,24/04/2018,31/12/2029,3500,-,-,ΑΠΕ,Φωτοβολταϊκό Σύστημα,,Κατασκευής Σταθμού Παραγωγής Ηλεκτρισμού,Εμπορική Χρήση,Λευκωσία,Άγιος Ιωάννης
DIANARY HOLDINGS LTD,Ε001956/2018,24/04/2018,31/12/2028,4999,-,-,ΑΠΕ,Φωτοβολταϊκό Σύστημα,,Κατασκευής Σταθμού Παραγωγής Ηλεκτρισμού,Εμπορική Χρήση,Λευκωσία,Άγιος Ιωάννης
DIANARY HOLDINGS LTD,Ε001955/2018,24/04/2018,31/12/2028,1400,-,-,ΑΠΕ,Φωτοβολταϊκό Σύστημα,,Κατασκευής Σταθμού Παραγωγής Ηλεκτρισμού,Εμπορική Χρήση,Λευκωσία,Άγιος Ιωάννης
ASP 304 SOLAR LTD,Ε001954/2018,24/04/2018,31/12/2029,5000,-,-,ΑΠΕ,Φωτοβολταϊκό Σύστημα,,Κατασκευής Σταθμού Παραγωγής Ηλεκτρισμού,Εμπορική Χρήση,Λεμεσός,Αυδήμου
ΥΠΟΥΡΓΕΙΟ ΥΓΕΙΑΣ (ΚΕΝΤΡΟ ΥΓΕΙΑΣ ΛΑΤΣΙΩΝ),Ε001953/2018,20/04/2018,19/04/2048,30,-,-,ΑΠΕ,Φωτοβολταϊκό Σύστημα,,Λειτουργίας Σταθμού Παραγωγής Ηλεκτρισμού,Αυτοπαραγωγή/Net-Billing,Λευκωσία,Λατσιά
TP MEDITERRANEAN ADVENTURES ENERGY LTD,Ε001942/2018,20/04/2018,31/12/2029,1600,3000,6000,ΑΠΕ,Φωτοβολταϊκό Σύστημα,,Κατασκευής Σταθμού Παραγωγής Ηλεκτρισμού,Εμπορική Χρήση,Λευκωσία,Άγιος Ιωάννης
VANALIO HOLDINGS LTD,Ε001941/2018,20/04/2018,31/12/2029,1600,-,-,ΑΠΕ,Φωτοβολταϊκό Σύστημα,,Κατασκευής Σταθμού Παραγωγής Ηλεκτρισμού,Εμπορική Χρήση,Λευκωσία,Άγιος Ιωάννης
VANALIO HOLDINGS LTD,Ε001940/2018,20/04/2018,31/12/2029,1400,-,-,ΑΠΕ,Φωτοβολταϊκό Σύστημα,,Κατασκευής Σταθμού Παραγωγής Ηλεκτρισμού,Εμπορική Χρήση,Λευκωσία,Άγιος Ιωάννης
BP-S 103 LTD,Ε001937/2018,20/04/2018,31/12/2028,1000,1000,2000,ΑΠΕ,Φωτοβολταϊκό Σύστημα,,Κατασκευής Σταθμού Παραγωγής Ηλεκτρισμού,Εμπορική Χρήση,Λευκωσία,Κάτω Κουτραφάς
BP-S 102 LTD,Ε001923/2018,13/04/2018,31/12/2028,600,600,1200,ΑΠΕ,Φωτοβολταϊκό Σύστημα,,Κατασκευής Σταθμού Παραγωγής Ηλεκτρισμού,Εμπορική Χρήση,Λευκωσία,Ποτάμι
BIOLAND PROJECT 99 LTD,Ε001921/2018,13/04/2018,31/12/2028,1700,-,-,ΑΠΕ,Φωτοβολταϊκό Σύστημα,,Κατασκευής Σταθμού Παραγωγής Ηλεκτρισμού,Εμπορική Χρήση,Λευκωσία,Αναλυόντας
BIOLAND PROJECT 28 LTD,Ε001917/2018,13/04/2018,31/12/2028,999,999,1998,ΑΠΕ,Φωτοβολταϊκό Σύστημα,,Κατασκευής Σταθμού Παραγωγής Ηλεκτρισμού,Εμπορική Χρήση,Λευκωσία,Άγιος Ιωάννης
BIOLAND PROJECT 28 LTD,Ε001916/2018,13/04/2018,31/12/2028,830,830,1660,ΑΠΕ,Φωτοβολταϊκό Σύστημα,,Κατασκευής Σταθμού Παραγωγής Ηλεκτρισμού,Εμπορική Χρήση,Λευκωσία,Άγιος Ιωάννης
BIOLAND PROJECT 25 LTD,Ε001915/2018,13/04/2018,31/12/2028,4000,4000,8000,ΑΠΕ,Φωτοβολταϊκό Σύστημα,,Κατασκευής Σταθμού Παραγωγής Ηλεκτρισμού,Εμπορική Χρήση,Λευκωσία,Άγιος Ιωάννης
AKMK ECO PIONEER LTD,Ε001911/2018,11/04/2018,31/12/2028,1500,-,-,ΑΠΕ,Φωτοβολταϊκό Σύστημα,,Κατασκευής Σταθμού Παραγωγής Ηλεκτρισμού,Εμπορική Χρήση,Αμμόχωστος,Αυγόρου
VANALIO HOLDINGS LTD,Ε001900/2018,11/04/2018,31/12/2029,5000,-,-,ΑΠΕ,Φωτοβολταϊκό Σύστημα,,Κατασκευής Σταθμού Παραγωγής Ηλεκτρισμού,Εμπορική Χρήση,Λευκωσία,Άγιος Ιωάννης
AGM LIGHTPOWER LTD,Ε001884/2018,27/03/2018,31/12/2029,5000,-,-,ΑΠΕ,Φωτοβολταϊκό Σύστημα,,Κατασκευής Σταθμού Παραγωγής Ηλεκτρισμού,Εμπορική Χρήση,Λεμεσός,Πραστιό Αυδήμου
AGM LIGHTPOWER LTD,Ε001883/2018,27/03/2018,31/12/2029,5000,-,-,ΑΠΕ,Φωτοβολταϊκό Σύστημα,,Κατασκευής Σταθμού Παραγωγής Ηλεκτρισμού,Εμπορική Χρήση,Λεμεσός,Πραστιό Αυδήμου
BIOELECTRIC G.C.C. LTD,Ε001861/2018,16/03/2018,31/12/2026,2270,-,-,ΑΠΕ,Βιομάζα,Βιομάζα,Κατασκευής Σταθμού Παραγωγής Ηλεκτρισμού,Εμπορική Χρήση,Πάφος,Αγία Βαρβάρα
ALKIS H. HADJIKYRIACOS (FROU FROU BISCUITS) PUBLIC LTD,Ε001825/2018,02/02/2018,01/02/2048,847,-,-,ΑΠΕ,Φωτοβολταϊκό Σύστημα,,Λειτουργίας Σταθμού Παραγωγής Ηλεκτρισμού,Αυτοπαραγωγή/Net-Billing,Λευκωσία,Κοκκινοτρεμιθιά
AIG EUROPE LTD,Ε001824/2018,02/02/2018,01/02/2048,18.55,-,-,ΑΠΕ,Φωτοβολταϊκό Σύστημα,,Λειτουργίας Σταθμού Παραγωγής Ηλεκτρισμού,Αυτοπαραγωγή/Net-Billing,Λευκωσία,Στρόβολος
ΓΕΝΙΚΟ ΝΟΣΟΚΟΜΕΙΟ ΛΕΥΚΩΣΙΑΣ,Ε001823/2018,02/02/2018,01/02/2048,20,-,-,ΑΠΕ,Φωτοβολταϊκό Σύστημα,,Λειτουργίας Σταθμού Παραγωγής Ηλεκτρισμού,Αυτοπαραγωγή/Net-Billing,Λευκωσία,Στρόβολος
ΠΡΟΕΔΡΙΑ ΚΑΙ ΠΡΟΕΔΡΙΚΟ ΜΕΓΑΡΟ,Ε001813/2018,16/01/2018,15/01/2030,270,-,-,Συμβατικά Καύσιμα,ΜΕΚ,Ντίζελ,Κατασκευής - Λειτουργίας,Εφεδρεία,Λευκωσία,-
C &AMP; A TOUMAZIS CO LTD,Ε001812/2018,11/01/2018,11/01/2030,16,-,-,Συμβατικά Καύσιμα,ΜΕΚ,Πετρέλαιο,Κατασκευής - Λειτουργίας,Αυτοπαραγωγή,Λεμεσός,Γερμασόγεια
ΧΕΙΡΟΥΡΓΙΚΗ ΚΛΙΝΙΚΗ ΣΙΜΟΥ ΚΥΡΙΑΚΙΔΗ,Ε001811/2018,12/01/2018,11/01/2030,32,-,-,Συμβατικά Καύσιμα,ΜΕΚ,Πετρέλαιο,Κατασκευής - Λειτουργίας,Εφεδρεία,Λάρνακα,Λάρνακα
P.T.A FOOD LAB &AMP; NUTRITIONAL SERVICES LTD,Ε001810/2018,12/01/2018,11/01/2030,88,-,-,Συμβατικά Καύσιμα,ΜΕΚ,Ντίζελ,Κατασκευής - Λειτουργίας,Εφεδρεία,Λεμεσός,Ύψωνας
ΙΕΡΑ ΑΡΧΙΕΠΙΣΚΟΠΗ ΚΥΠΡΟΥ,Ε001809/2018,12/01/2018,11/01/2030,410,-,-,Συμβατικά Καύσιμα,ΜΕΚ,Ντίζελ,Κατασκευής - Λειτουργίας,Εφεδρεία,Αμμόχωστος,Αγία Νάπα
Χ. Α. ΠΑΠΑΕΛΛΗΝΑΣ ΕΜΠΟΡΙΚΗ ΛΤΔ,Ε001808/2018,12/01/2018,11/01/2048,99.64,-,-,ΑΠΕ,Φωτοβολταϊκό Σύστημα,,Λειτουργίας Σταθμού Παραγωγής Ηλεκτρισμού,Αυτοπαραγωγή/Net-Billing,Λευκωσία,Λατσιά
GRAND FUTUR HOLDINGS LTD,Ε001807/2018,05/01/2018,04/01/2048,39,-,-,ΑΠΕ,Φωτοβολταϊκό Σύστημα,,Λειτουργίας Σταθμού Παραγωγής Ηλεκτρισμού,Αυτοπαραγωγή/Net-Billing,Λεμεσός,Άγιος Σπυρίδωνας
ΑΡΧΗ ΗΛΕΚΤΡΙΣΜΟΥ ΚΥΠΡΟΥ,Ε001806/2018,05/01/2018,04/01/2048,10.6,-,-,ΑΠΕ,Φωτοβολταϊκό Σύστημα,,Λειτουργίας Σταθμού Παραγωγής Ηλεκτρισμού,Αυτοπαραγωγή/Net-Billing,Λεμεσός,Αγία Νάπα
LIDL CYPRUS,Ε001802/2017,22/12/2017,21/12/2047,149.5,-,-,ΑΠΕ,Φωτοβολταϊκό Σύστημα,,Λειτουργίας Σταθμού Παραγωγής Ηλεκτρισμού,Αυτοπαραγωγή/Net-Billing,Λεμεσός,Ύψωνας
ΑΚΤΑΙΑ ΤΟΥΡΙΣΤΙΚΕΣ ΕΠΙΧΕΙΡΗΣΕΙΣ ΛΤΔ,Ε001796/2017,05/12/2017,04/12/2029,464,-,-,Συμβατικά Καύσιμα,ΜΕΚ,Ντίζελ,Κατασκευής - Λειτουργίας,Εφεδρεία,Αμμόχωστος,Αγία Νάπα
SHEFA AGRO LTD,Ε001795/2017,05/12/2017,04/12/2029,300,-,-,Συμβατικά Καύσιμα,ΜΕΚ,Ντίζελ,Κατασκευής - Λειτουργίας,Αυτοπαραγωγή,Πάφος,Τάλα
CYBARCO DEVELOPMENT LTD,Ε001794/2017,05/12/2017,04/12/2029,440,-,-,Συμβατικά Καύσιμα,ΜΕΚ,Πετρέλαιο,Κατασκευής - Λειτουργίας,Εφεδρεία,Λεμεσός,Άγιος Αθανάσιος
ARGESTIS LTD,Ε001793/2017,05/12/2017,04/12/2029,350,-,-,Συμβατικά Καύσιμα,ΜΕΚ,Ντίζελ,Κατασκευής - Λειτουργίας,Εφεδρεία,Αμμόχωστος,Αγία Νάπα
TOSINO HOLDINGS LTD,Ε001787/2017,14/11/2017,13/11/2029,640,-,-,Συμβατικά Καύσιμα,ΜΕΚ,Ντίζελ,Κατασκευής - Λειτουργίας,Εφεδρεία,Λεμεσός,Άγιος Αθανάσιος
MELISSI HOTEL ENTERPRISES LTD,Ε001786/2017,14/11/2017,13/11/2029,178,-,-,Συμβατικά Καύσιμα,ΜΕΚ,Ντίζελ,Κατασκευής - Λειτουργίας,Εφεδρεία,Αμμόχωστος,Αγία Νάπα
L HERITAGE HOTEL PROPERTIES LTD (MELISSI BEACH HOTEL),Ε001785/2017,14/11/2017,13/11/2029,400,-,-,Συμβατικά Καύσιμα,ΜΕΚ,Ντίζελ,Κατασκευής - Λειτουργίας,Εφεδρεία,Αμμόχωστος,Αγία Νάπα
ΙΕΡΑ ΜΟΝΗ ΘΕΟΤΟΚΟΥ,Ε001784/2017,07/11/2017,06/11/2047,15,-,-,ΑΠΕ,Φωτοβολταϊκό Σύστημα,,Λειτουργίας Σταθμού Παραγωγής Ηλεκτρισμού,Αυτοπαραγωγή/Net-Billing,Λευκωσία,Καμπιά
ΚΩΣΤΑΣ ΠΟΣΕΙΔΙΑΣ &AMP; ΥΙΟΙ ΛΤΔ,Ε001780/2017,31/10/2017,30/10/2047,19.89,-,-,ΑΠΕ,Φωτοβολταϊκό Σύστημα,,Λειτουργίας Σταθμού Παραγωγής Ηλεκτρισμού,Αυτοπαραγωγή/Net-Billing,Λευκωσία,Δάλι
MEDCON - DB TECHNOLOGIES JV,Ε001779/2017,31/10/2017,30/10/2047,2406,-,-,ΑΠΕ,Βιοαέριο,Βιοαέριο,Λειτουργίας Σταθμού Παραγωγής Ηλεκτρισμού,Αυτοπαραγωγή,Λεμεσός,Πεντάκωμο
ΞΥΛΟΥΡΓΙΚΕΣ ΕΠΙΧΕΙΡΗΣΕΙΣ ΜΑΚΚΟΥΦΑ,Ε001778/2017,27/10/2017,26/10/2029,48,-,-,Συμβατικά Καύσιμα,ΜΕΚ,Ντίζελ,Κατασκευής - Λειτουργίας,Αυτοπαραγωγή,Κινητή Μονάδα,Κινητή Μονάδα
MARATHON DISTRIBUTORS LTD,Ε001777/2017,27/10/2017,26/10/2029,24,-,-,Συμβατικά Καύσιμα,ΜΕΚ,Ντίζελ,Κατασκευής - Λειτουργίας,Εφεδρεία,Λευκωσία,Λατσιά
ΑΛΕΚΤΩΡ ΚΤΗΜΑΤΙΚΗ ΛΤΔ,Ε001776/2017,27/10/2017,26/10/2029,400,-,-,Συμβατικά Καύσιμα,ΜΕΚ,Ντίζελ,Κατασκευής - Λειτουργίας,Εφεδρεία,Λευκωσία,Λατσιά
ΖΑΧΑΡΟΠΛΑΣΤΕΙΟ ΟΡΙΕΝΤΑΛ ΛΤΔ,Ε001775/2017,27/10/2017,26/10/2029,64,-,-,Συμβατικά Καύσιμα,ΜΕΚ,Ντίζελ,Κατασκευής - Λειτουργίας,Εφεδρεία,Λευκωσία,Παλλουριώτισσα
M.G. OLYMPIC RESIDENCES MANAGEMENT LTD,Ε001774/2017,27/10/2017,26/10/2029,240,-,-,Συμβατικά Καύσιμα,ΜΕΚ,Ντίζελ,Κατασκευής - Λειτουργίας,Εφεδρεία,Λεμεσός,Λεμεσού
ΠΑΝΟΣ ΟΙΚΟΝΟΜΟΥ Ι.Ε.Π.Ε.,Ε001773/2017,27/10/2017,26/10/2029,20,-,-,Συμβατικά Καύσιμα,ΜΕΚ,Ντίζελ,Κατασκευής - Λειτουργίας,Εφεδρεία,Λευκωσία,Λευκωσία
ΚΡΕΑΤΑΓΟΡΑ ΧΡΙΣΤΟΣ Δ. ΚΑΣΑΠΗΣ &AMP; ΥΙΟΣ ΛΤΔ,Ε001760/2017,13/10/2017,12/10/2047,39.75,-,-,ΑΠΕ,Φωτοβολταϊκό Σύστημα,,Λειτουργίας Σταθμού Παραγωγής Ηλεκτρισμού,Αυτοπαραγωγή/Net-Billing,Λευκωσία,Εργάτες
ΙΑΤΡΙΚΟ ΚΕΝΤΡΟ ΑΓΙΟΥ ΚΟΣΜΑ ΚΑΙ ΔΑΜΙΑΝΟΥ,Ε001759/2017,10/10/2017,09/10/2029,60,-,-,Συμβατικά Καύσιμα,ΜΕΚ,Ντίζελ,Κατασκευής - Λειτουργίας,Εφεδρεία,Λεμεσός,Λεμεσός
ΔΗΜΟΣ ΣΤΡΟΒΟΛΟΥ,Ε001758/2017,10/10/2017,09/10/2029,40,-,-,Συμβατικά Καύσιμα,ΜΕΚ,Ντίζελ,Κατασκευής - Λειτουργίας,Εφεδρεία,Λευκωσία,Στρόβολος
TZIONIS FARM LTD,Ε001757/2017,10/10/2017,09/10/2029,80,-,-,Συμβατικά Καύσιμα,ΜΕΚ,Πετρέλαιο,Κατασκευής - Λειτουργίας,Εφεδρεία,Λάρνακα,Αθηένου
TSIOLAKKIS HOTEL LTD ( GAIA SUN N BLUE HOTEL AYIA NAPA),Ε001756/2017,10/10/2017,09/10/2029,240,-,-,Συμβατικά Καύσιμα,ΜΕΚ,Ντίζελ,Κατασκευής - Λειτουργίας,Εφεδρεία,Αμμόχωστος,Αγία Νάπα
"ΠΡΟΤΥΠΟΣ ΜΑΙΕΥΤΙΚΗ ΓΥΝΑΙΚΟΛΟΓΙΚΗ ΚΛΙΝΙΚΗ ""ΛΗΔΡΑ"" ΛΤΔ",Ε001755/2017,10/10/2017,09/10/2029,48,-,-,Συμβατικά Καύσιμα,ΜΕΚ,Πετρέλαιο,Κατασκευής - Λειτουργίας,Εφεδρεία,Λευκωσία,Λευκωσίας
CYPV ENERGY LTD,Ε001751/2017,29/09/2017,28/09/2047,4400,-,-,ΑΠΕ,Φωτοβολταϊκό Σύστημα,,Λειτουργίας Σταθμού Παραγωγής Ηλεκτρισμού,Μειοδοτικός Διαγωνισμός,Αμμόχωστος,Φρέναρος
GEOMA GROWERS LTD,Ε001750/2017,29/09/2017,28/09/2047,65.88,-,-,ΑΠΕ,Φωτοβολταϊκό Σύστημα,,Λειτουργίας Σταθμού Παραγωγής Ηλεκτρισμού,Αυτοπαραγωγή/Net-Billing,Λεμεσός,Καλαβασός
ΥΠΟΥΡΓΕΙΟ ΔΙΚΑΙΟΣΥΝΗΣ &AMP; ΔΗΜΟΣΙΑΣ ΤΑΞΗΣ (ΤΜΗΜΑ ΦΥΛΑΚΩΝ),Ε001749/2017,29/09/2017,28/09/2047,17,-,-,ΑΠΕ,Φωτοβολταϊκό Σύστημα,,Λειτουργίας Σταθμού Παραγωγής Ηλεκτρισμού,Αυτοπαραγωγή/Net-Billing,Λευκωσία,Άγιος Ανδρέας
PLATANICO WINES &AMP; SPIRITS LTD,Ε001740/2017,22/09/2017,21/09/2029,24,-,-,Συμβατικά Καύσιμα,ΜΕΚ,Ντίζελ,Κατασκευής - Λειτουργίας,Εφεδρεία,Λευκωσία,Λατσιά
ΣΤΕΛΟΥΜΕΣΤΑ ΛΤΔ,Ε001738/2017,15/09/2017,31/12/2026,1495,-,-,ΑΠΕ,Φωτοβολταϊκό Σύστημα,,Κατασκευής Σταθμού Παραγωγής Ηλεκτρισμού,Εμπορική Χρήση,Λεμεσός,Ανώγυρα
BIOLAND PROJECT 4 LTD,Ε001735/2017,15/09/2017,14/09/2047,1490,-,-,ΑΠΕ,Φωτοβολταϊκό Σύστημα,,Λειτουργίας Σταθμού Παραγωγής Ηλεκτρισμού,Μειοδοτικός Διαγωνισμός,Λάρνακα,Πύλα
ΛΟΙΖΟΣ Α. ΒΑΣΙΛΕΙΟΥ ΛΤΔ,Ε001734/2017,08/09/2017,07/09/2047,79.68,-,-,ΑΠΕ,Φωτοβολταϊκό Σύστημα,,Λειτουργίας Σταθμού Παραγωγής Ηλεκτρισμού,Εμπορική Χρήση,Λευκωσία,Δάλι
ΜΙΧΑΛΗΣ Α. ΒΑΣΙΛΕΙΟΥ ΛΤΔ,Ε001733/2017,08/09/2017,07/09/2047,79.68,-,-,ΑΠΕ,Φωτοβολταϊκό Σύστημα,,Λειτουργίας Σταθμού Παραγωγής Ηλεκτρισμού,Εμπορική Χρήση,Λευκωσία,Δάλι
ΚΑΙΤΗ ΒΑΣΙΛΕΙΟΥ ΛΤΔ,Ε001732/2017,08/09/2017,07/09/2047,79.68,-,-,ΑΠΕ,Φωτοβολταϊκό Σύστημα,,Λειτουργίας Σταθμού Παραγωγής Ηλεκτρισμού,Εμπορική Χρήση,Λευκωσία,Δάλι
ΑΝΔΡΕΑΣ Μ. ΒΑΣΙΛΕΙΟΥ ΛΤΔ,Ε001731/2017,08/09/2017,07/09/2047,79.68,-,-,ΑΠΕ,Φωτοβολταϊκό Σύστημα,,Λειτουργίας Σταθμού Παραγωγής Ηλεκτρισμού,Εμπορική Χρήση,Λευκωσία,Λατσιά
BIOLAND PROJECT 1 LTD,Ε001730/2017,29/08/2017,28/08/2047,1000,-,-,ΑΠΕ,Φωτοβολταϊκό Σύστημα,,Λειτουργίας Σταθμού Παραγωγής Ηλεκτρισμού,Μειοδοτικός Διαγωνισμός,Λάρνακα,Αλαμινός
ΚΡΕΟΠΩΛΕΙΟ Α/ΦΟΙ ΚΟΥΝΤΟΥΡΟΥ ΛΤΔ,Ε001726/2017,26/08/2017,21/08/2029,360,-,-,Συμβατικά Καύσιμα,ΜΕΚ,Ντίζελ,Κατασκευής - Λειτουργίας,Εφεδρεία,Λευκωσία,Εργάτες
SUNRISE HOTELS LTD,Ε001725/2017,25/08/2017,21/08/2029,564,-,-,Συμβατικά Καύσιμα,ΜΕΚ,Ντίζελ,Κατασκευής - Λειτουργίας,Εφεδρεία,Αμμόχωστος,Παραλίμνι
ΕΠΑΡΧΙΑΚΗ ΔΙΟΙΚΗΣΗ ΛΑΡΝΑΚΑΣ,Ε001724/2017,24/08/2017,21/08/2029,80,-,-,Συμβατικά Καύσιμα,ΜΕΚ,Ντίζελ,Κατασκευής - Λειτουργίας,Εφεδρεία,Λάρνακα,Λάρνακα
TRUST INTERNATION INSURANCE COMPANY (CYPRUS) LTD,Ε001723/2017,23/08/2017,21/08/2029,120,-,-,Συμβατικά Καύσιμα,ΜΕΚ,Ντίζελ,Κατασκευής - Λειτουργίας,Εφεδρεία,Λευκωσία,Αγλαντζιά
BIOLAND PROJECT 12 LTD,Ε001721/2017,01/08/2017,31/07/2047,663,-,-,ΑΠΕ,Φωτοβολταϊκό Σύστημα,,Λειτουργίας Σταθμού Παραγωγής Ηλεκτρισμού,Μειοδοτικός Διαγωνισμός,Πάφος,Κάθηκας
ΦΥΣΙΚΟ ΠΡΟΣΩΠΟ,Ε001717/2017,01/08/2017,31/07/2029,80,-,-,Συμβατικά Καύσιμα,ΜΕΚ,Ντίζελ,Κατασκευής - Λειτουργίας,Αυτοπαραγωγή,Κινητή Μονάδα,Κινητή Μονάδα
ΦΥΣΙΚΟ ΠΡΟΣΩΠΟ,Ε001716/2017,01/08/2017,31/07/2029,32,-,-,Συμβατικά Καύσιμα,ΜΕΚ,Ντίζελ,Κατασκευής - Λειτουργίας,Αυτοπαραγωγή,Κινητή Μονάδα,Κινητή Μονάδα
ΥΠΟΥΡΓΕΙΟ ΥΓΕΙΑΣ / ΚΕΝΤΡΟ ΥΓΕΙΑΣ ΛΑΤΣΙΩΝ,Ε001715/2017,01/08/2017,31/07/2029,118,-,-,Συμβατικά Καύσιμα,ΜΕΚ,Ντίζελ,Κατασκευής - Λειτουργίας,Εφεδρεία,Λευκωσία,Λατσιά
PARTY ICE &AMP; PARTY TIME ICE LTD,Ε001713/2017,25/07/2017,24/07/2047,150,-,-,ΑΠΕ,Φωτοβολταϊκό Σύστημα,,Λειτουργίας Σταθμού Παραγωγής Ηλεκτρισμού,Αυτοπαραγωγή/Net-Billing,Λεμεσός,Ύψωνας
BIOLAND PROJECT 6 LTD,Ε001712/2017,24/07/2017,23/07/2047,773,-,-,ΑΠΕ,Φωτοβολταϊκό Σύστημα,,Λειτουργίας Σταθμού Παραγωγής Ηλεκτρισμού,Μειοδοτικός Διαγωνισμός,Πάφος,Σίμου
ΠΑΝΕΠΙΣΤΗΜΙΟ ΚΥΠΡΟΥ,Ε001710/2017,12/07/2017,11/07/2029,528,-,-,Συμβατικά Καύσιμα,ΜΕΚ,Ντίζελ,Λειτουργίας Σταθμού Παραγωγής Ηλεκτρισμού,Εφεδρεία,Λευκωσία,Αγλαντζιά
ΙΕΡΑ ΑΡΧΙΕΠΙΣΚΟΠΗ ΚΥΠΡΟΥ - SUNWING HOTEL,Ε001708/2017,12/07/2017,11/07/2029,563,-,-,Συμβατικά Καύσιμα,ΜΕΚ,Ντίζελ,Κατασκευής - Λειτουργίας,Εφεδρεία,Αμμόχωστος,Αγία Νάπα
ΚΟΙΝΟΠΡΑΞΙΑ 'MILTIADES-IORDANOU-MEDCON-DB TECHNOLOGIES BV',Ε001707/2017,20/07/2017,19/07/2029,40,-,-,Συμβατικά Καύσιμα,ΜΕΚ,Ντίζελ,Κατασκευής - Λειτουργίας,Εφεδρεία,Λεμεσός,Πεντάκωμο
ΠΑΝΕΠΙΣΤΗΜΙΟ ΚΥΠΡΟΥ,Ε001706/2017,12/07/2017,11/07/2029,360,-,-,Συμβατικά Καύσιμα,ΜΕΚ,Ντίζελ,Λειτουργίας Σταθμού Παραγωγής Ηλεκτρισμού,Εφεδρεία,Λευκωσία,Αγλαντζιά
CYBARCO – EUROMARKET – MEKEL JV,Ε001704/2017,04/07/2017,03/07/2047,97.92,-,-,ΑΠΕ,Φωτοβολταϊκό Σύστημα,,Λειτουργίας Σταθμού Παραγωγής Ηλεκτρισμού,Αυτοπαραγωγή/Net-Billing,Λάρνακα,Αθηένου
THE HERITAGE (PRIVATE SCHOOL) LTD,Ε001703/2017,04/07/2017,03/07/2047,100,-,-,ΑΠΕ,Φωτοβολταϊκό Σύστημα,,Λειτουργίας Σταθμού Παραγωγής Ηλεκτρισμού,Αυτοπαραγωγή/Net-Billing,Λεμεσός,Παλώδια
ΦΥΡΑΜΑΤΟΠΟΙΕΙΟ ΧΡΥΣΑΦΗ ΛΤΔ,Ε001700/2017,04/07/2017,03/07/2029,160,-,-,Συμβατικά Καύσιμα,ΜΕΚ,Ντίζελ,Κατασκευής - Λειτουργίας,Αυτοπαραγωγή,Λευκωσία,Νικητάρι
ALASIA LAND DEVELOPMENTS LTD,Ε001699/2017,04/07/2017,03/07/2029,200,-,-,Συμβατικά Καύσιμα,ΜΕΚ,Ντίζελ,Κατασκευής - Λειτουργίας,Εφεδρεία,Αμμόχωστος,Αγία Νάπα
NAPA MERMAID HOTEL &AMP; SUITES LTD,Ε001698/2017,04/07/2017,03/07/2029,220,-,-,Συμβατικά Καύσιμα,ΜΕΚ,Ντίζελ,Κατασκευής - Λειτουργίας,Εφεδρεία,Αμμόχωστος,Αγία Νάπα
CYBARCO – EUROMARKET – MEKEL JV,Ε001697/2017,04/07/2017,03/07/2029,160,-,-,Συμβατικά Καύσιμα,ΜΕΚ,Ντίζελ,Κατασκευής - Λειτουργίας,Εφεδρεία,Λάρνακα,Αθηένου
IESC INNOVATING ENVIROMENTAL SOLUTIONS CENTER LTD,Ε001696/2017,04/07/2017,03/07/2029,750,-,-,Συμβατικά Καύσιμα,ΜΕΚ,Ντίζελ,Κατασκευής - Λειτουργίας,Εφεδρεία,Λεμεσός,Ύψωνας
IESC INNOVATING ENVIROMENTAL SOLUTIONS CENTER LTD,Ε001695/2017,04/07/2017,03/07/2029,160,-,-,Συμβατικά Καύσιμα,ΜΕΚ,Ντίζελ,Κατασκευής - Λειτουργίας,Εφεδρεία,Λεμεσός,Ύψωνας
ΣΥΝΕΡΓΑΤΙΚΟΣ ΟΡΓΑΝΙΣΜΟΣ ΔΙΑΘΕΣΕΩΣ ΑΜΠΕΛΟΥΡΓΙΚΩΝ ΠΡΟΙΟΝΤΩΝ (ΣΟΔΑΠ) ΛΤΔ,Ε001693/2017,26/06/2017,25/06/2047,50,-,-,ΑΠΕ,Φωτοβολταϊκό Σύστημα,,Λειτουργίας Σταθμού Παραγωγής Ηλεκτρισμού,Αυτοπαραγωγή/Net-Billing,Πάφος,Στρουμπί
BIOLAND PROJECT 13 LTD,Ε001692/2017,26/06/2017,25/06/2047,1250,-,-,ΑΠΕ,Φωτοβολταϊκό Σύστημα,,Λειτουργίας Σταθμού Παραγωγής Ηλεκτρισμού,Μειοδοτικός Διαγωνισμός,Λάρνακα,Μαρί
ΤΣΙΜΕΝΤΟΠΟΙΙΑ ΒΑΣΙΛΙΚΟΥ ΔΗΜΟΣΙΑ ΕΤΑΙΡΕΙΑ ΛΤΔ,Ε001687/2017,09/06/2017,08/06/2047,19.04,-,-,ΑΠΕ,Φωτοβολταϊκό Σύστημα,,Λειτουργίας Σταθμού Παραγωγής Ηλεκτρισμού,Αυτοπαραγωγή/Net-Billing,Λάρνακα,Βασιλικό
ΤΣΙΜΕΝΤΟΠΟΙΙΑ ΒΑΣΙΛΙΚΟΥ ΔΗΜΟΣΙΑ ΕΤΑΙΡΕΙΑ ΛΤΔ,Ε001686/2017,09/06/2017,08/06/2029,352,-,-,Συμβατικά Καύσιμα,ΜΕΚ,Ντίζελ,Κατασκευής - Λειτουργίας,Εφεδρεία,Λάρνακα,Λιμάνι Βασιλικού
ΤΣΙΜΕΝΤΟΠΟΙΙΑ ΒΑΣΙΛΙΚΟΥ ΔΗΜΟΣΙΑ ΕΤΑΙΡΕΙΑ ΛΤΔ,Ε001685/2017,09/06/2017,08/06/2029,160,-,-,Συμβατικά Καύσιμα,ΜΕΚ,Ντίζελ,Κατασκευής - Λειτουργίας,Εφεδρεία,Λάρνακα,Λιμάνι Βασιλικού
LGEG SOLAR POWER LTD,Ε001681/2017,25/05/2017,24/05/2047,1500,-,-,ΑΠΕ,Φωτοβολταϊκό Σύστημα,,Λειτουργίας Σταθμού Παραγωγής Ηλεκτρισμού,Μειοδοτικός Διαγωνισμός,Λευκωσία,Δάλι
T.P.M. ABITENERGY LTD,Ε001680/2017,24/05/2017,23/05/2047,3000,-,-,ΑΠΕ,Φωτοβολταϊκό Σύστημα,,Λειτουργίας Σταθμού Παραγωγής Ηλεκτρισμού,Μειοδοτικός Διαγωνισμός,Λευκωσία,Άγιος Ιωάννης
CYPRUS IMPORT CORPORATION LTD,Ε001679/2017,22/05/2017,21/05/2029,48,-,-,Συμβατικά Καύσιμα,ΜΕΚ,Ντίζελ,Κατασκευής - Λειτουργίας,Εφεδρεία,Λάρνακα,Αραδίππου
DMR - DYNAMO MOTOR REPAIRS LTD,Ε001678/2017,22/05/2017,21/06/2029,640,-,-,Συμβατικά Καύσιμα,ΜΕΚ,Ντίζελ,Κατασκευής - Λειτουργίας,Αυτοπαραγωγή,Κινητή Μονάδα,Κινητή Μονάδα
LCA AVIATION FUELING SYSTEM LTD,Ε001677/2017,22/05/2017,21/05/2029,400,-,-,Συμβατικά Καύσιμα,ΜΕΚ,Ντίζελ,Κατασκευής - Λειτουργίας,Εφεδρεία,Λάρνακα,Αεροδρόμιο Λάρνακας
ΤΣΙΜΕΝΤΟΠΟΙΙΑ ΒΑΣΙΛΙΚΟΥ ΔΗΜΟΣΙΑ ΕΤΑΙΡΕΙΑ ΛΤΔ,Ε001676/2017,22/05/2017,21/05/2029,184,-,-,Συμβατικά Καύσιμα,ΜΕΚ,Ντίζελ,Κατασκευής - Λειτουργίας,Εφεδρεία,Λάρνακα,Μαρί
ΤΣΙΜΕΝΤΟΠΟΙΙΑ ΒΑΣΙΛΙΚΟΥ ΔΗΜΟΣΙΑ ΕΤΑΙΡΕΙΑ ΛΤΔ,Ε001675/2017,22/05/2017,21/05/2029,160,-,-,Συμβατικά Καύσιμα,ΜΕΚ,Ντίζελ,Κατασκευής - Λειτουργίας,Εφεδρεία,Λάρνακα,Μαρί
NATURA BEACH HOTELS LTD,Ε001674/2017,22/05/2017,21/05/2029,120,-,-,Συμβατικά Καύσιμα,ΜΕΚ,Ντίζελ,Κατασκευής - Λειτουργίας,Εφεδρεία,Πάφος,Πόλης Χρυσοχούς
ΤΜΗΜΑ ΑΝΑΠΤΥΞΕΩΣ ΥΔΑΤΩΝ,Ε001673/2017,22/05/2017,21/05/2029,128,-,-,Συμβατικά Καύσιμα,ΜΕΚ,Ντίζελ,Κατασκευής - Λειτουργίας,Εφεδρεία,Λάρνακα,Χοιροκοιτία
LGEG PHOTOVOLTAIC LTD,Ε001671/2017,05/05/2017,04/05/2047,1500,-,-,ΑΠΕ,Φωτοβολταϊκό Σύστημα,,Λειτουργίας Σταθμού Παραγωγής Ηλεκτρισμού,Μειοδοτικός Διαγωνισμός,Λευκωσία,Πέρα Χωρίο Νήσου
BIOLAND PROJECT 3 LTD,Ε001670/2017,05/05/2017,04/05/2047,1000,-,-,ΑΠΕ,Φωτοβολταϊκό Σύστημα,,Λειτουργίας Σταθμού Παραγωγής Ηλεκτρισμού,Μειοδοτικός Διαγωνισμός,Αμμόχωστος,Άχνα
CONBETTER LIMITED,Ε001669/2017,28/04/2017,27/04/2047,1500,-,-,ΑΠΕ,Φωτοβολταϊκό Σύστημα,,Λειτουργίας Σταθμού Παραγωγής Ηλεκτρισμού,Μειοδοτικός Διαγωνισμός,Λευκωσία,Παλιομέτοχο
ΠΑΝΘΕΟ ΟΦΘΑΛΜΟΛΟΓΙΚΟ ΚΕΝΤΡΟ,Ε001666/2017,19/04/2017,18/04/2029,176,-,-,Συμβατικά Καύσιμα,ΜΕΚ,Ντίζελ,Κατασκευής - Λειτουργίας,Εφεδρεία,Λεμεσός,Λεμεσός 
OLYMPIC LAGOON RESORT PAPHOS,Ε001665/2017,19/04/2017,18/04/2029,243.2,-,-,Συμβατικά Καύσιμα,ΜΕΚ,Ντίζελ,Κατασκευής - Λειτουργίας,Εφεδρεία,Πάφος,Πάφος
ELECTROMATIC CONSTRUCTIONS LTD,Ε001664/2017,10/04/2017,09/04/2047,20,-,-,ΑΠΕ,Φωτοβολταϊκό Σύστημα,,Λειτουργίας Σταθμού Παραγωγής Ηλεκτρισμού,Αυτοπαραγωγή/Net-Billing,Λευκωσία,Λατσιά
BIOLAND PROJECT 15 LTD,Ε001663/2017,10/04/2017,09/04/2047,1000,-,-,ΑΠΕ,Φωτοβολταϊκό Σύστημα,,Λειτουργίας Σταθμού Παραγωγής Ηλεκτρισμού,Μειοδοτικός Διαγωνισμός,Λάρνακα,Αλαμινός
ΦΥΣΙΚΟ ΠΡΟΣΩΠΟ,Ε001662/2017,27/03/2017,26/03/2029,22.4,-,-,Συμβατικά Καύσιμα,ΜΕΚ,Ντίζελ,Κατασκευής - Λειτουργίας,Αυτοπαραγωγή,Κινητή Μονάδα,Κινητή Μονάδα
STAROIL RETAIL ENTERPRISES LTD,Ε001661/2017,27/03/2017,26/03/2029,32,-,-,Συμβατικά Καύσιμα,ΜΕΚ,Ντίζελ,Κατασκευής - Λειτουργίας,Εφεδρεία,Λευκωσία,Λακατάμεια
HERMES AIRPORTS LTD,Ε001659/2017,10/03/2017,09/03/2029,400,-,-,Συμβατικά Καύσιμα,ΜΕΚ,Ντίζελ,Κατασκευής - Λειτουργίας,Εφεδρεία,Κινητή Μονάδα,Κινητή Μονάδα
HERMES AIRPORTS LTD,Ε001658/2017,10/03/2017,09/03/2029,375,-,-,Συμβατικά Καύσιμα,ΜΕΚ,Ντίζελ,Κατασκευής - Λειτουργίας,Εφεδρεία,Πάφος,Αεροδρόμιο Πάφου
HERMES AIRPORTS LTD,Ε001657/2017,10/03/2017,09/03/2029,160,-,-,Συμβατικά Καύσιμα,ΜΕΚ,Ντίζελ,Κατασκευής - Λειτουργίας,Εφεδρεία,Πάφος,Αεροδρόμιο Πάφου
HERMES AIRPORTS LTD,Ε001656/2017,10/03/2017,09/03/2029,160,-,-,Συμβατικά Καύσιμα,ΜΕΚ,Ντίζελ,Κατασκευής - Λειτουργίας,Εφεδρεία,Πάφος,Αεροδρόμιο Πάφου
HERMES AIRPORTS LTD,Ε001655/2017,10/03/2017,09/03/2029,160,-,-,Συμβατικά Καύσιμα,ΜΕΚ,Ντίζελ,Κατασκευής - Λειτουργίας,Εφεδρεία,Πάφος,Αεροδρόμιο Πάφου
HERMES AIRPORTS LTD,Ε001654/2017,10/03/2017,09/03/2029,160,-,-,Συμβατικά Καύσιμα,ΜΕΚ,Ντίζελ,Κατασκευής - Λειτουργίας,Εφεδρεία,Πάφος,Αεροδρόμιο Πάφου
HERMES AIRPORTS LTD,Ε001653/2017,10/03/2017,09/03/2029,160,-,-,Συμβατικά Καύσιμα,ΜΕΚ,Ντίζελ,Κατασκευής - Λειτουργίας,Εφεδρεία,Πάφος,Αεροδρόμιο Πάφου
HERMES AIRPORTS LTD,Ε001652/2017,10/03/2017,09/03/2029,176,-,-,Συμβατικά Καύσιμα,ΜΕΚ,Ντίζελ,Κατασκευής - Λειτουργίας,Εφεδρεία,Πάφος,Αεροδρόμιο Πάφου
HERMES AIRPORTS LTD,Ε001651/2017,10/03/2017,09/03/2029,256,-,-,Συμβατικά Καύσιμα,ΜΕΚ,Ντίζελ,Κατασκευής - Λειτουργίας,Εφεδρεία,Πάφος,Αεροδρόμιο Πάφου
HERMES AIRPORTS LTD,Ε001650/2017,10/03/2017,09/03/2029,24,-,-,Συμβατικά Καύσιμα,ΜΕΚ,Ντίζελ,Κατασκευής - Λειτουργίας,Εφεδρεία,Κινητή Μονάδα,Κινητή Μονάδα
HERMES AIRPORTS LTD,Ε001649/2017,10/03/2017,09/03/2029,24,-,-,Συμβατικά Καύσιμα,ΜΕΚ,Ντίζελ,Κατασκευής - Λειτουργίας,Εφεδρεία,Κινητή Μονάδα,Κινητή Μονάδα 
G.H. SKATES LTD,Ε001648/2017,07/03/2017,06/03/2029,120,-,-,Συμβατικά Καύσιμα,ΜΕΚ,Ντίζελ,Κατασκευής - Λειτουργίας,,Λευκωσία,Στρόβολος
ΣΥΜΒΟΥΛΙΟ ΑΠΟΧΕΤΕΥΣΕΩΝ ΛΕΥΚΩΣΙΑΣ ,Ε001647/2017,07/03/2017,06/03/2029,54,-,-,Συμβατικά Καύσιμα,ΜΕΚ,Ντίζελ,Κατασκευής - Λειτουργίας,Εφεδρεία,Λευκωσία,Τσέρι
ΠΑΓΩΤΑ ΗΡΑΚΛΗ,Ε001646/2017,07/03/2017,06/03/2029,35,-,-,Συμβατικά Καύσιμα,ΜΕΚ,Ντίζελ,Κατασκευής - Λειτουργίας,Εφεδρεία,Λευκωσία,Λευκωσία
BIOLAND PROJECT 2 LTD,Ε001645/2017,21/02/2017,20/02/2047,794,-,-,ΑΠΕ,Φωτοβολταϊκό Σύστημα,,Λειτουργίας Σταθμού Παραγωγής Ηλεκτρισμού,Μειοδοτικός Διαγωνισμός,Λάρνακα,Αναφωτία
EL-DE CONFECTIONERY LTD,Ε001640/2017,20/02/2017,19/02/2047,10.2,-,-,ΑΠΕ,Φωτοβολταϊκό Σύστημα,,Λειτουργίας Σταθμού Παραγωγής Ηλεκτρισμού,Αυτοπαραγωγή/Net-Billing,Λεμεσός,Αγία Ζώνη
SIGAN MANAGEMENT LTD ,Ε001639/2017,07/02/2017,06/02/2029,280,-,-,Συμβατικά Καύσιμα,ΜΕΚ,Ντίζελ,Κατασκευής - Λειτουργίας,Εφεδρεία,Λάρνακα,Κοφίνου
G.C.C (COMPUTERS) LTD,Ε001638/2017,07/02/2017,06/02/2029,40,-,-,Συμβατικά Καύσιμα,ΜΕΚ,Ντίζελ,Κατασκευής - Λειτουργίας,Εφεδρεία,Λευκωσία,Λατσιά
Α/ΦΟΙ ΙΑΚΩΒΟΥ ΚΑΤΑΣΚΕΥΕΣ ΛΤΔ,Ε001637/2017,07/02/2017,06/02/2029,160,-,-,Συμβατικά Καύσιμα,ΜΕΚ,Ντίζελ,Κατασκευής - Λειτουργίας,,Κινητή Μονάδα,Κινητή Μονάδα
ΑΡΧΗ ΤΗΛΕΠΙΚΟΙΝΩΝΙΩΝ ΚΥΠΡΟΥ ,Ε001636/2017,07/02/2017,06/02/2029,620,-,-,Συμβατικά Καύσιμα,ΜΕΚ,Ντίζελ,Κατασκευής - Λειτουργίας,Εφεδρεία,Λεμεσός,Γερμασόγεια 
ΑΡΧΗ ΤΗΛΕΠΙΚΟΙΝΩΝΙΩΝ ΚΥΠΡΟΥ ,Ε001635/2017,07/02/2017,06/02/2029,240,-,-,Συμβατικά Καύσιμα,ΜΕΚ,Ντίζελ,Κατασκευής - Λειτουργίας,Εφεδρεία,Λευκωσία,Πέρα Ορεινής
ΚΛΙΝΙΚΗ ΠΑΝΤΑΖΗ ΛΤΔ,Ε001634/2017,07/02/2017,06/02/2029,32,-,-,Συμβατικά Καύσιμα,ΜΕΚ,Ντίζελ,Κατασκευής - Λειτουργίας,,Λεμεσός,Άγιος Αθανάσιος
ΦΥΣΙΚΟ ΠΡΟΣΩΠΟ,Ε001627/2016,21/12/2016,20/12/2046,75,-,-,ΑΠΕ,Φωτοβολταϊκό Σύστημα,,Λειτουργίας Σταθμού Παραγωγής Ηλεκτρισμού,Εμπορική Χρήση,Λάρνακα,Τρούλλοι
Α.Κ. BIOCLEAN AIR TRADING LTD,Ε001626/2016,21/12/2016,20/12/2046,20,-,-,ΑΠΕ,Φωτοβολταϊκό Σύστημα,,Λειτουργίας Σταθμού Παραγωγής Ηλεκτρισμού,Αυτοπαραγωγή/Net-Billing,Λάρνακα,Λάρνακα
DEMETRA TOWER (LIMASSOL) LTD ,Ε001625/2016,21/12/2016,20/12/2046,18,-,-,ΑΠΕ,Φωτοβολταϊκό Σύστημα,,Λειτουργίας Σταθμού Παραγωγής Ηλεκτρισμού,Αυτοπαραγωγή/Net-Billing,Λεμεσός,Λεμεσός
ΒΟΥΛΗ ΤΩΝ ΑΝΤΙΠΡΟΣΩΠΩΝ,Ε001624/2016,21/12/2016,20/12/2046,15,-,-,ΑΠΕ,Φωτοβολταϊκό Σύστημα,,Λειτουργίας Σταθμού Παραγωγής Ηλεκτρισμού,Αυτοπαραγωγή/Net-Billing,Λευκωσία,Λευκωσία
BIOLAND PROJECT 11 LTD,Ε001623/2016,21/12/2016,20/12/2046,1000,-,-,ΑΠΕ,Φωτοβολταϊκό Σύστημα,,Λειτουργίας Σταθμού Παραγωγής Ηλεκτρισμού,Μειοδοτικός Διαγωνισμός,Λάρνακα,Αλαμινός
ΚΕΡΑΜΟΥΡΓΕΙΑ ΧΡΥΣΑΦΗ ΛΤΔ,Ε001622/2016,08/12/2016,07/12/2028,427.2,-,-,Συμβατικά Καύσιμα,ΜΕΚ,Ντίζελ,Κατασκευής - Λειτουργίας,Εφεδρεία,Λάρνακα,Καλό Χωριό
VALI AMUSEMENTS LTD,Ε001621/2016,08/12/2016,07/12/2028,200,-,-,Συμβατικά Καύσιμα,ΜΕΚ,Ντίζελ,Κατασκευής - Λειτουργίας,Αυτοπαραγωγή,Κινητή Μονάδα,Κινητή Μονάδα
ΡΑΔΙΟΦΩΝΙΚΟ ΙΔΡΥΜΑ ΚΥΠΡΟΥ,Ε001620/2016,08/12/2016,07/12/2028,36,-,-,Συμβατικά Καύσιμα,ΜΕΚ,Ντίζελ,Κατασκευής - Λειτουργίας,,Κινητή Μονάδα,Κινητή Μονάδα
GTK GENERATORS LTD,Ε001619/2016,08/12/2016,07/12/2028,176,-,-,Συμβατικά Καύσιμα,ΜΕΚ,Ντίζελ,Κατασκευής - Λειτουργίας,Αυτοπαραγωγή,Κινητή Μονάδα,Κινητή Μονάδα
ΦΥΣΙΚΟ ΠΡΟΣΩΠΟ,Ε001618/2016,08/12/2016,07/12/2028,32,-,-,Συμβατικά Καύσιμα,ΜΕΚ,Ντίζελ,Κατασκευής - Λειτουργίας,,Λάρνακα,Ορόκλινη
ΜΑΡΙΟΣ ΚΑΡΑΝΤΩΝΗΣ ΛΤΔ,Ε001617/2016,08/12/2016,07/12/2028,16.8,-,-,Συμβατικά Καύσιμα,ΜΕΚ,Ντίζελ,Κατασκευής - Λειτουργίας,,Λευκωσία,Παλιομέτοχο
SVELTOS ESTATES LTD (CIAO STELIO HOTEL),Ε001616/2016,08/12/2016,07/12/2028,114,-,-,Συμβατικά Καύσιμα,ΜΕΚ,Ντίζελ,Κατασκευής - Λειτουργίας,,Λάρνακα,Λάρνακα
ΤΡΑΠΕΖΑ ΚΥΠΡΟΥ Δ.Ε ΛΤΔ,Ε001615/2016,08/12/2016,07/12/2028,572,-,-,Συμβατικά Καύσιμα,ΜΕΚ,Ντίζελ,Κατασκευής - Λειτουργίας,Εφεδρεία,Λευκωσία,Στρόβολος
ΤΡΑΠΕΖΑ ΚΥΠΡΟΥ Δ.Ε ΛΤΔ,Ε001614/2016,08/12/2016,07/12/2028,572,-,-,Συμβατικά Καύσιμα,ΜΕΚ,Ντίζελ,Κατασκευής - Λειτουργίας,Εφεδρεία,Λευκωσία,Στρόβολος
ΤΡΑΠΕΖΑ ΚΥΠΡΟΥ Δ.Ε ΛΤΔ,Ε001613/2016,08/12/2016,07/12/2028,572,-,-,Συμβατικά Καύσιμα,ΜΕΚ,Ντίζελ,Κατασκευής - Λειτουργίας,Εφεδρεία,Λευκωσία,Στρόβολος
ΤΡΑΠΕΖΑ ΚΥΠΡΟΥ Δ.Ε ΛΤΔ,Ε001612/2016,08/12/2016,07/12/2028,572,-,-,Συμβατικά Καύσιμα,ΜΕΚ,Ντίζελ,Κατασκευής - Λειτουργίας,Εφεδρεία,Λευκωσία,Στρόβολος
GOTRONICS CONSULTANS LTD,Ε001611/2016,08/12/2016,07/12/2028,48,-,-,Συμβατικά Καύσιμα,ΜΕΚ,Ντίζελ,Κατασκευής - Λειτουργίας,,Λευκωσία,Ακρόπολη
LATOUROS GYPSUM LTD,Ε001610/2016,08/12/2016,07/12/2028,400,-,-,Συμβατικά Καύσιμα,ΜΕΚ,Ντίζελ,Κατασκευής - Λειτουργίας,Αυτοπαραγωγή,Λάρνακα,Άγιος Θεόδωρος
VTT VASILIKO LTD,Ε001609/2016,08/12/2016,07/12/2028,70.4,-,-,Συμβατικά Καύσιμα,ΜΕΚ,Ντίζελ,Κατασκευής - Λειτουργίας,,Λάρνακα,Μαρί
RIMONKIN PROPERTIES LTD,Ε001608/2016,08/12/2016,07/12/2028,440,-,-,Συμβατικά Καύσιμα,ΜΕΚ,Ντίζελ,Κατασκευής - Λειτουργίας,Εφεδρεία,Λεμεσός,Κάτω Πολεμίδια
CHRISTIAN BELLUCI (BELLUCI CIRCUS),Ε001607/2016,02/11/2016,01/11/2028,600,-,-,Συμβατικά Καύσιμα,ΜΕΚ,Ντίζελ,Κατασκευής - Λειτουργίας,,Κινητή Μονάδα,Κινητή Μονάδα
HERMES AIRPORTS LTD,Ε001606/2016,07/11/2016,06/11/2028,168,-,-,Συμβατικά Καύσιμα,ΜΕΚ,Ντίζελ,Κατασκευής - Λειτουργίας,,Λάρνακα,Παλιό Αεροδρόμιο Λάρνακας
HERMES AIRPORTS LTD,Ε001605/2016,02/11/2016,01/11/2028,540,-,-,Συμβατικά Καύσιμα,ΜΕΚ,Ντίζελ,Κατασκευής - Λειτουργίας,Εφεδρεία,Λάρνακα,Αεροδρόμιο Λάρνακας
HERMES AIRPORTS LTD,Ε001604/2016,02/11/2016,01/11/2028,112,-,-,Συμβατικά Καύσιμα,ΜΕΚ,Ντίζελ,Κατασκευής - Λειτουργίας,,Λάρνακα,Αεροδρόμιο Λάρνακας
HERMES AIRPORTS LTD,Ε001603/2016,02/11/2016,01/11/2028,160,-,-,Συμβατικά Καύσιμα,ΜΕΚ,Ντίζελ,Κατασκευής - Λειτουργίας,,Λάρνακα,Παλιό Αεροδρόμιο Λάρνακας
HERMES AIRPORTS LTD,Ε001602/2016,02/11/2016,01/11/2028,240,-,-,Συμβατικά Καύσιμα,ΜΕΚ,Ντίζελ,Κατασκευής - Λειτουργίας,,Λάρνακα,Παλιό Αεροδρόμιο Λάρνακας
HERMES AIRPORTS LTD,Ε001601/2016,02/11/2016,01/11/2028,160,-,-,Συμβατικά Καύσιμα,ΜΕΚ,Ντίζελ,Κατασκευής - Λειτουργίας,,Λάρνακα,Παλιό Αεροδρόμιο Λάρνακας
HERMES AIRPORTS LTD,Ε001600/2016,02/11/2016,01/11/2028,240,-,-,Συμβατικά Καύσιμα,ΜΕΚ,Ντίζελ,Κατασκευής - Λειτουργίας,,Λάρνακα,Αεροδρόμιο Λάρνακας
HERMES AIRPORTS LTD,Ε001599/2016,02/11/2016,01/11/2028,160,-,-,Συμβατικά Καύσιμα,ΜΕΚ,Ντίζελ,Κατασκευής - Λειτουργίας,,Λάρνακα,Αεροδρόμιο Λάρνακας
HERMES AIRPORTS LTD,Ε001598/2016,02/11/2016,01/11/2028,384,-,-,Συμβατικά Καύσιμα,ΜΕΚ,Ντίζελ,Κατασκευής - Λειτουργίας,,Λάρνακα,Αεροδρόμιο Λάρνακας
HERMES AIRPORTS LTD,Ε001597/2016,02/11/2016,01/11/2028,480,-,-,Συμβατικά Καύσιμα,ΜΕΚ,Ντίζελ,Κατασκευής - Λειτουργίας,Εφεδρεία,Λάρνακα,Αεροδρόμιο Λάρνακας
HERMES AIRPORTS LTD,Ε001596/2016,02/11/2016,01/11/2028,1000,-,-,Συμβατικά Καύσιμα,ΜΕΚ,Ντίζελ,Κατασκευής - Λειτουργίας,,Λάρνακα,Αεροδρόμιο Λάρνακας
HERMES AIRPORTS LTD,Ε001595/2016,02/11/2016,01/11/2028,1000,-,-,Συμβατικά Καύσιμα,ΜΕΚ,Ντίζελ,Κατασκευής - Λειτουργίας,,Λάρνακα,Αεροδρόμιο Λάρνακας
HERMES AIRPORTS LTD,Ε001594/2016,02/11/2016,01/11/2028,1000,-,-,Συμβατικά Καύσιμα,ΜΕΚ,Ντίζελ,Κατασκευής - Λειτουργίας,,Λάρνακα,Αεροδρόμιο Λάρνακας
HERMES AIRPORTS LTD,Ε001593/2016,02/11/2016,01/11/2028,1000,-,-,Συμβατικά Καύσιμα,ΜΕΚ,Ντίζελ,Κατασκευής - Λειτουργίας,,Λάρνακα,Αεροδρόμιο Λάρνακας
HERMES AIRPORTS LTD,Ε001592/2016,02/11/2016,01/11/2028,800,-,-,Συμβατικά Καύσιμα,ΜΕΚ,Ντίζελ,Κατασκευής - Λειτουργίας,Εφεδρεία,Λάρνακα,Αεροδρόμιο Λάρνακας
HERMES AIRPORTS LTD,Ε001591/2016,02/11/2016,01/11/2028,128,-,-,Συμβατικά Καύσιμα,ΜΕΚ,Ντίζελ,Κατασκευής - Λειτουργίας,,Κινητή Μονάδα,Κινητή Μονάδα
HERMES AIRPORTS LTD,Ε001590/2016,02/11/2016,01/11/2028,400,-,-,Συμβατικά Καύσιμα,ΜΕΚ,Ντίζελ,Κατασκευής - Λειτουργίας,Εφεδρεία,Κινητή Μονάδα,Κινητή Μονάδα
HERMES AIRPORTS LTD,Ε001589/2016,02/11/2016,01/11/2028,24,-,-,Συμβατικά Καύσιμα,ΜΕΚ,Ντίζελ,Κατασκευής - Λειτουργίας,,Κινητή Μονάδα,Κινητή Μονάδα
HERMES AIRPORTS LTD,Ε001588/2016,02/11/2016,01/11/2028,24,-,-,Συμβατικά Καύσιμα,ΜΕΚ,Ντίζελ,Κατασκευής - Λειτουργίας,,Κινητή Μονάδα,Κινητή Μονάδα
ΦΑΡΜΑ Α/ΦΟΙ Γ &AMP; Ν ΜΟΥΖΟΥΡΗ ΛΤΔ,Ε001587/2016,27/10/2016,26/10/2046,10,-,-,ΑΠΕ,Φωτοβολταϊκό Σύστημα,,Λειτουργίας Σταθμού Παραγωγής Ηλεκτρισμού,Αυτοπαραγωγή/Net-Billing,Λευκωσία,Λύμπια
KRONOSPΑN TRADING LTD,Ε001586/2016,27/10/2016,26/10/2046,10.2,-,-,ΑΠΕ,Φωτοβολταϊκό Σύστημα,,Λειτουργίας Σταθμού Παραγωγής Ηλεκτρισμού,Αυτοπαραγωγή/Net-Billing,Λευκωσία,Λευκωσία
NISSI BEACH RESORT,Ε001585/2016,26/10/2016,25/10/2028,120,-,-,Συμβατικά Καύσιμα,ΜΕΚ,Ντίζελ,Κατασκευής - Λειτουργίας,,Αμμόχωστος,Αγία Νάπα
ΥΠΟΥΡΓΕΙΟ ΥΓΕΙΑΣ (ΥΠΗΡΕΣΙΕΣ ΨΥΧΙΚΗΣ ΥΓΕΙΑΣ),Ε001584/2016,26/10/2016,25/10/2028,120,-,-,Συμβατικά Καύσιμα,ΜΕΚ,Ντίζελ,Κατασκευής - Λειτουργίας,,Λευκωσία,Αγλαντζιά
DYNAMO MOTOR REPAIRS LTD,Ε001582/2016,26/10/2016,25/10/2028,48,-,-,Συμβατικά Καύσιμα,ΜΕΚ,Ντίζελ,Κατασκευής - Λειτουργίας,,Κινητή Μονάδα,Κινητή Μονάδα
FIRST CIRCUS LTD,Ε001581/2016,26/10/2016,25/10/2028,65,-,-,Συμβατικά Καύσιμα,ΜΕΚ,Ντίζελ,Κατασκευής - Λειτουργίας,,Λεμεσός,Λεμεσός
ΛΟΙΖΟΣ ΤΟΦΑΡΗ ΛΤΔ,Ε001580/2016,18/10/2016,17/10/2028,48,-,-,Συμβατικά Καύσιμα,ΜΕΚ,Ντίζελ,Κατασκευής - Λειτουργίας,,Κινητή Μονάδα,Κινητή Μονάδα
ΣΑΒΒΑΣ Μ. ΠΠΙΡΙΛΛΟΣ ΛΤΔ,Ε001579/2016,18/10/2016,17/10/2028,220,-,-,Συμβατικά Καύσιμα,ΜΕΚ,Ντίζελ,Κατασκευής - Λειτουργίας,,Λάρνακα,Κίτι
ΣΑΒΒΑΣ Μ. ΠΠΙΡΙΛΛΟΣ ΛΤΔ,Ε001578/2016,18/10/2016,17/10/2028,112,-,-,Συμβατικά Καύσιμα,ΜΕΚ,Ντίζελ,Κατασκευής - Λειτουργίας,,Λάρνακα,Κίτι
ΣΑΒΒΑΣ Μ. ΠΠΙΡΙΛΛΟΣ ΛΤΔ,Ε001577/2016,18/10/2016,17/10/2028,64,-,-,Συμβατικά Καύσιμα,ΜΕΚ,Ντίζελ,Κατασκευής - Λειτουργίας,,Λάρνακα,Κίτι
ΑΣΤΥΝΟΜΙΑ ΚΥΠΡΟΥ,Ε001576/2016,18/10/2016,17/10/2028,80,-,-,Συμβατικά Καύσιμα,ΜΕΚ,Ντίζελ,Κατασκευής - Λειτουργίας,,Λάρνακα,Λιμενική 
ΑΣΤΥΝΟΜΙΑ ΚΥΠΡΟΥ,Ε001575/2016,18/10/2016,17/10/2028,80,-,-,Συμβατικά Καύσιμα,ΜΕΚ,Ντίζελ,Κατασκευής - Λειτουργίας,,Λάρνακα,Τροχαία
ΑΣΤΥΝΟΜΙΑ ΚΥΠΡΟΥ,Ε001574/2016,18/10/2016,17/10/2028,24,-,-,Συμβατικά Καύσιμα,ΜΕΚ,Ντίζελ,Κατασκευής - Λειτουργίας,,Λάρνακα,ΥΑΜ
JUMBO TRADING LTD,Ε001573/2016,18/10/2016,17/10/2028,96,-,-,Συμβατικά Καύσιμα,ΜΕΚ,Ντίζελ,Κατασκευής - Λειτουργίας,,Λεμεσός,Μοναγρούλλι
JUMBO TRADING LTD,Ε001572/2016,18/10/2016,17/10/2028,220,-,-,Συμβατικά Καύσιμα,ΜΕΚ,Ντίζελ,Κατασκευής - Λειτουργίας,,Λευκωσία,Λακατάμεια
JUMBO TRADING LTD,Ε001571/2016,18/10/2016,17/10/2028,440,-,-,Συμβατικά Καύσιμα,ΜΕΚ,Ντίζελ,Κατασκευής - Λειτουργίας,Εφεδρεία,Λεμεσός,Κάτω Πολεμίδια
JUMBO TRADING LTD,Ε001570/2016,18/10/2016,17/10/2028,451,-,-,Συμβατικά Καύσιμα,ΜΕΚ,Ντίζελ,Κατασκευής - Λειτουργίας,Εφεδρεία,Πάφος,Κάτω Πάφος
JUMBO TRADING LTD,Ε001569/2016,18/10/2016,17/10/2028,265,-,-,Συμβατικά Καύσιμα,ΜΕΚ,Ντίζελ,Κατασκευής - Λειτουργίας,,Λάρνακα,Λειβάδια
JUMBO TRADING LTD,Ε001568/2016,18/10/2016,17/10/2028,153,-,-,Συμβατικά Καύσιμα,ΜΕΚ,Ντίζελ,Κατασκευής - Λειτουργίας,,Λεμεσός,Άγιος Αθανάσιος
JUMBO TRADING LTD,Ε001567/2016,18/10/2016,17/10/2028,96,-,-,Συμβατικά Καύσιμα,ΜΕΚ,Ντίζελ,Κατασκευής - Λειτουργίας,,Λεμεσός,Μοναγρούλλι
A &AMP; S ASPIRE EDUCATION LTD,Ε001566/2016,17/10/2016,16/10/2046,20,-,-,ΑΠΕ,Φωτοβολταϊκό Σύστημα,,Λειτουργίας Σταθμού Παραγωγής Ηλεκτρισμού,Αυτοπαραγωγή/Net-Billing,Πάφος,Μούτταλος
ΡΑΔΙΟΦΩΝΙΚΟ ΙΔΡΥΜΑ ΚΥΠΡΟΥ,Ε001565/2016,17/10/2016,16/10/2028,48,-,-,Συμβατικά Καύσιμα,ΜΕΚ,Ντίζελ,Κατασκευής - Λειτουργίας,,Κινητή Μονάδα,Κινητή Μονάδα
ΣΥΝΕΡΓΑΤΙΚΗ ΚΕΝΤΡΙΚΗ ΤΡΑΠΕΖΑ,Ε001564/2016,17/10/2016,16/10/2028,52.8,-,-,Συμβατικά Καύσιμα,ΜΕΚ,Ντίζελ,Κατασκευής - Λειτουργίας,,Λευκωσία,Αγλαντζιά
GRAND FUTUR HOLDINGS LD,Ε001563/2016,17/10/2016,16/10/2028,732.5,-,-,Συμβατικά Καύσιμα,ΜΕΚ,Ντίζελ,Κατασκευής - Λειτουργίας,Εφεδρεία,Λεμεσός,Λεμεσός
PC UN IQUE PRODUCTIONS LTD,Ε001562/2016,17/10/2016,16/10/2028,24,-,-,Συμβατικά Καύσιμα,ΜΕΚ,Ντίζελ,Κατασκευής - Λειτουργίας,,Λευκωσία,Στρόβολος
ΜΤΝ CYPRUS LTD,Ε001561/2016,17/10/2016,16/10/2028,8.4,-,-,Συμβατικά Καύσιμα,ΜΕΚ,Ντίζελ,Κατασκευής - Λειτουργίας,,Λάρνακα,Μενόγια
ΜΤΝ CYPRUS LTD,Ε001560/2016,17/10/2016,16/10/2028,8.4,-,-,Συμβατικά Καύσιμα,ΜΕΚ,Ντίζελ,Κατασκευής - Λειτουργίας,,Λεμεσός,Γερμασόγεια 
ΜΤΝ CYPRUS LTD,Ε001559/2016,17/10/2016,16/10/2028,8.4,-,-,Συμβατικά Καύσιμα,ΜΕΚ,Ντίζελ,Κατασκευής - Λειτουργίας,,Πάφος,Ακουρσός
ΜΤΝ CYPRUS LTD,Ε001558/2016,17/10/2016,16/10/2028,8.4,-,-,Συμβατικά Καύσιμα,ΜΕΚ,Ντίζελ,Κατασκευής - Λειτουργίας,,Λάρνακα,Ψεματισμένος
ΜΤΝ CYPRUS LTD,Ε001557/2016,17/10/2016,16/10/2028,8.4,-,-,Συμβατικά Καύσιμα,ΜΕΚ,Ντίζελ,Κατασκευής - Λειτουργίας,,Λάρνακα,Άγιος Θεόδωρος
ΜΤΝ CYPRUS LTD,Ε001556/2016,17/10/2016,16/10/2028,8.4,-,-,Συμβατικά Καύσιμα,ΜΕΚ,Ντίζελ,Κατασκευής - Λειτουργίας,,Πάφος,Άγιος Ισίδωρος
ΜΤΝ CYPRUS LTD,Ε001555/2016,17/10/2016,16/10/2028,8.4,-,-,Συμβατικά Καύσιμα,ΜΕΚ,Ντίζελ,Κατασκευής - Λειτουργίας,,Λευκωσία,Απλίκι
ΜΤΝ CYPRUS LTD,Ε001554/2016,17/10/2016,16/10/2028,8.4,-,-,Συμβατικά Καύσιμα,ΜΕΚ,Ντίζελ,Κατασκευής - Λειτουργίας,,Λεμεσός,Βουνί
ΜΤΝ CYPRUS LTD,Ε001553/2016,17/10/2016,16/10/2028,8.4,-,-,Συμβατικά Καύσιμα,ΜΕΚ,Ντίζελ,Κατασκευής - Λειτουργίας,,Λάρνακα,Αλεθρικό
ΜΤΝ CYPRUS LTD,Ε001552/2016,17/10/2016,16/10/2028,8.4,-,-,Συμβατικά Καύσιμα,ΜΕΚ,Ντίζελ,Κατασκευής - Λειτουργίας,,Λεμεσός,Συκόπετρα
ΜΤΝ CYPRUS LTD,Ε001551/2016,17/10/2016,16/10/2028,8.4,-,-,Συμβατικά Καύσιμα,ΜΕΚ,Ντίζελ,Κατασκευής - Λειτουργίας,,Λεμεσός,Ύψωνας
ΜΤΝ CYPRUS LTD,Ε001550/2016,17/10/2016,16/10/2028,8.4,-,-,Συμβατικά Καύσιμα,ΜΕΚ,Ντίζελ,Κατασκευής - Λειτουργίας,,Λάρνακα,Αβδελερό
GTK GENERATORS LTD,Ε001549/2016,03/10/2016,02/10/2028,120,-,-,Συμβατικά Καύσιμα,ΜΕΚ,Ντίζελ,Κατασκευής - Λειτουργίας,Αυτοπαραγωγή,Κινητή Μονάδα,Κινητή Μονάδα
GTK GENERATORS LTD,Ε001548/2016,03/10/2016,02/10/2028,80,-,-,Συμβατικά Καύσιμα,ΜΕΚ,Ντίζελ,Κατασκευής - Λειτουργίας,Αυτοπαραγωγή,Κινητή Μονάδα,Κινητή Μονάδα
ΕΛΛΗΝΙΚΗ ΤΡΑΠΕΖΑ ΔΗΜΟΣΙΑ ΕΤΑΙΡΕΙΑ ΛΤΔ,Ε001547/2016,03/10/2016,02/10/2028,170,-,-,Συμβατικά Καύσιμα,ΜΕΚ,Ντίζελ,Κατασκευής - Λειτουργίας,,Λεμεσός,Λεμεσός
ΕΛΛΗΝΙΚΗ ΤΡΑΠΕΖΑ ΔΗΜΟΣΙΑ ΕΤΑΙΡΕΙΑ ΛΤΔ,Ε001546/2016,03/10/2016,02/10/2028,93.5,-,-,Συμβατικά Καύσιμα,ΜΕΚ,Ντίζελ,Κατασκευής - Λειτουργίας,,Πάφος,Πάφος
ΕΛΛΗΝΙΚΗ ΤΡΑΠΕΖΑ ΔΗΜΟΣΙΑ ΕΤΑΙΡΕΙΑ ΛΤΔ,Ε001545/2016,03/10/2016,02/10/2028,433,-,-,Συμβατικά Καύσιμα,ΜΕΚ,Ντίζελ,Κατασκευής - Λειτουργίας,Εφεδρεία,Λευκωσία,Λευκωσία
ΕΛΛΗΝΙΚΗ ΤΡΑΠΕΖΑ ΔΗΜΟΣΙΑ ΕΤΑΙΡΕΙΑ ΛΤΔ,Ε001544/2016,03/10/2016,02/10/2028,68,-,-,Συμβατικά Καύσιμα,ΜΕΚ,Ντίζελ,Κατασκευής - Λειτουργίας,,Αμμόχωστος,Παραλίμνι
ΕΛΛΗΝΙΚΗ ΤΡΑΠΕΖΑ ΔΗΜΟΣΙΑ ΕΤΑΙΡΕΙΑ ΛΤΔ,Ε001543/2016,03/10/2016,02/10/2028,85,-,-,Συμβατικά Καύσιμα,ΜΕΚ,Ντίζελ,Κατασκευής - Λειτουργίας,,Λάρνακα,Λάρνακα
ΕΛΛΗΝΙΚΗ ΤΡΑΠΕΖΑ ΔΗΜΟΣΙΑ ΕΤΑΙΡΕΙΑ ΛΤΔ,Ε001542/2016,03/10/2016,02/10/2028,127.5,-,-,Συμβατικά Καύσιμα,ΜΕΚ,Ντίζελ,Κατασκευής - Λειτουργίας,,Λεμεσός,Λεμεσός
ΕΛΛΗΝΙΚΗ ΤΡΑΠΕΖΑ ΔΗΜΟΣΙΑ ΕΤΑΙΡΕΙΑ ΛΤΔ,Ε001540/2016,03/10/2016,02/10/2028,380,-,-,Συμβατικά Καύσιμα,ΜΕΚ,Ντίζελ,Κατασκευής - Λειτουργίας,,Λευκωσία,Στρόβολος
ΕΛΛΗΝΙΚΗ ΤΡΑΠΕΖΑ ΔΗΜΟΣΙΑ ΕΤΑΙΡΕΙΑ ΛΤΔ,Ε001539/2016,03/10/2016,02/10/2028,382.5,-,-,Συμβατικά Καύσιμα,ΜΕΚ,Ντίζελ,Κατασκευής - Λειτουργίας,,Λεμεσός,Λεμεσός
ΕΛΛΗΝΙΚΗ ΤΡΑΠΕΖΑ ΔΗΜΟΣΙΑ ΕΤΑΙΡΕΙΑ ΛΤΔ,Ε001538/2016,03/10/2016,02/10/2028,140,-,-,Συμβατικά Καύσιμα,ΜΕΚ,Ντίζελ,Κατασκευής - Λειτουργίας,,Λευκωσία,Λευκωσία
ΕΛΛΗΝΙΚΗ ΤΡΑΠΕΖΑ ΔΗΜΟΣΙΑ ΕΤΑΙΡΕΙΑ ΛΤΔ,Ε001537/2016,03/10/2016,02/10/2028,531,-,-,Συμβατικά Καύσιμα,ΜΕΚ,Ντίζελ,Κατασκευής - Λειτουργίας,Εφεδρεία,Λάρνακα,Λάρνακα
ΕΛΛΗΝΙΚΗ ΤΡΑΠΕΖΑ ΔΗΜΟΣΙΑ ΕΤΑΙΡΕΙΑ ΛΤΔ,Ε001536/2016,03/10/2016,02/10/2028,93.5,-,-,Συμβατικά Καύσιμα,ΜΕΚ,Ντίζελ,Κατασκευής - Λειτουργίας,,Λευκωσία,Λευκωσία
TOP KINISIS TRAVEL PUBLIC LTD,Ε001535/2016,23/09/2016,22/09/2046,10.8,-,-,ΑΠΕ,Φωτοβολταϊκό Σύστημα,,Λειτουργίας Σταθμού Παραγωγής Ηλεκτρισμού,Αυτοπαραγωγή/Net-Billing,Λευκωσία,Στρόβολος
SIMPLEX SOFTWARE &AMP; INTERNET SERVICES LTD,Ε001534/2016,22/09/2016,21/09/2028,120,-,-,Συμβατικά Καύσιμα,ΜΕΚ,Ντίζελ,Κατασκευής - Λειτουργίας,,Λεμεσός,Λεμεσός
SIMPLEX SOFTWARE &AMP; INTERNET SERVICES LTD,Ε001533/2016,22/09/2016,21/09/2028,80,-,-,Συμβατικά Καύσιμα,ΜΕΚ,Ντίζελ,Κατασκευής - Λειτουργίας,,Λεμεσός,Λεμεσός
ΤΜΗΜΑ ΑΝΑΠΤΥΞΕΩΣ ΥΔΑΤΩΝ,Ε001532/2016,22/09/2016,21/09/2028,749,-,-,Συμβατικά Καύσιμα,ΜΕΚ,Ντίζελ,Κατασκευής - Λειτουργίας,Εφεδρεία,Πάφος,Μανδριά
ΤΜΗΜΑ ΑΝΑΠΤΥΞΕΩΣ ΥΔΑΤΩΝ,Ε001531/2016,22/09/2016,21/09/2028,624,-,-,Συμβατικά Καύσιμα,ΜΕΚ,Ντίζελ,Κατασκευής - Λειτουργίας,Εφεδρεία,Λευκωσία,Βαθιά Γωνιά
ΤΜΗΜΑ ΑΝΑΠΤΥΞΕΩΣ ΥΔΑΤΩΝ,Ε001530/2016,22/09/2016,21/09/2028,504,-,-,Συμβατικά Καύσιμα,ΜΕΚ,Ντίζελ,Κατασκευής - Λειτουργίας,Εφεδρεία,Λάρνακα,Κόρνος
ΤΜΗΜΑ ΑΝΑΠΤΥΞΕΩΣ ΥΔΑΤΩΝ,Ε001529/2016,22/09/2016,21/09/2028,632,-,-,Συμβατικά Καύσιμα,ΜΕΚ,Ντίζελ,Κατασκευής - Λειτουργίας,Εφεδρεία,Πάφος,Αναρίτα
ΤΜΗΜΑ ΑΝΑΠΤΥΞΕΩΣ ΥΔΑΤΩΝ,Ε001528/2016,22/09/2016,21/09/2028,640,-,-,Συμβατικά Καύσιμα,ΜΕΚ,Ντίζελ,Κατασκευής - Λειτουργίας,Εφεδρεία,Λευκωσία,Καννάβια
Α/ΦΟΙ ΙΑΚΩΒΟΥ ΚΑΤΑΣΚΕΥΕΣ ΛΤΔ,Ε001527/2016,22/09/2016,21/09/2028,30,-,-,Συμβατικά Καύσιμα,ΜΕΚ,Ντίζελ,Κατασκευής - Λειτουργίας,,Κινητή Μονάδα,Κινητή Μονάδα
Α/ΦΟΙ ΙΑΚΩΒΟΥ ΚΑΤΑΣΚΕΥΕΣ ΛΤΔ,Ε001526/2016,22/09/2016,21/09/2028,24,-,-,Συμβατικά Καύσιμα,ΜΕΚ,Ντίζελ,Κατασκευής - Λειτουργίας,,Κινητή Μονάδα,Κινητή Μονάδα
ΣΥΜΒΟΥΛΙΟ ΑΠΟΧΕΤΕΥΣΕΩΣ ΛΑΡΝΑΚΑΣ,Ε001525/2016,22/09/2016,21/09/2028,48,-,-,Συμβατικά Καύσιμα,ΜΕΚ,Πετρέλαιο,Κατασκευής - Λειτουργίας,,Λάρνακα,Λάρνακα
ΣΥΜΒΟΥΛΙΟ ΑΠΟΧΕΤΕΥΣΕΩΣ ΛΑΡΝΑΚΑΣ,Ε001524/2016,22/09/2016,21/09/2028,24,-,-,Συμβατικά Καύσιμα,ΜΕΚ,Πετρέλαιο,Κατασκευής - Λειτουργίας,,Λάρνακα,Λάρνακα
ΣΥΜΒΟΥΛΙΟ ΑΠΟΧΕΤΕΥΣΕΩΣ ΛΑΡΝΑΚΑΣ,Ε001523/2016,22/09/2016,21/09/2028,40,-,-,Συμβατικά Καύσιμα,ΜΕΚ,Πετρέλαιο,Κατασκευής - Λειτουργίας,,Λάρνακα,Λάρνακα
ΣΥΜΒΟΥΛΙΟ ΑΠΟΧΕΤΕΥΣΕΩΣ ΛΑΡΝΑΚΑΣ,Ε001522/2016,22/09/2016,21/09/2028,280,-,-,Συμβατικά Καύσιμα,ΜΕΚ,Πετρέλαιο,Κατασκευής - Λειτουργίας,,Λάρνακα,Λάρνακα
AZELCO LTD (KING JASON HOTEL),Ε001519/2016,06/09/2016,05/09/2028,140,-,-,Συμβατικά Καύσιμα,ΜΕΚ,Ντίζελ,Κατασκευής - Λειτουργίας,,Αμμόχωστος,Πρωταράς
ΓΕΝΙΚΟ ΝΟΣΟΚΟΜΕΙΟ ΛΑΡΝΑΚΑΣ,Ε001518/2016,06/09/2016,05/09/2028,400,-,-,Συμβατικά Καύσιμα,ΜΕΚ,Ντίζελ,Κατασκευής - Λειτουργίας,Εφεδρεία,Λάρνακα,Λάρνακα
ΚΑΡΑΙΣΚΑΚΕΙΟ ΙΔΡΥΜΑ,Ε001517/2016,06/09/2016,05/09/2028,440,-,-,Συμβατικά Καύσιμα,ΜΕΚ,Ντίζελ,Κατασκευής - Λειτουργίας,Εφεδρεία,Λευκωσία,Λευκωσία
PUBLIC JOINT-STOCK COPMANY CEOMMERCIAL BANK «PRIVATBANK»,Ε001516/2016,06/09/2016,05/09/2028,104,-,-,Συμβατικά Καύσιμα,ΜΕΚ,Ντίζελ,Κατασκευής - Λειτουργίας,,Λευκωσία,Λευκωσία
ΚΥΠΡΙΑΚΗ ΟΛΥΜΠΙΑΚΗ ΕΠΙΤΡΟΠΗ (ΚΟΕ),Ε001515/2016,06/09/2016,05/09/2028,440,-,-,Συμβατικά Καύσιμα,ΜΕΚ,Ντίζελ,Κατασκευής - Λειτουργίας,Εφεδρεία,Λευκωσία,Στρόβολος
ΓΕΡΑΚΟΠΕΤΡΑ ΚΤΗΜΑΤΙΚΗ ΛΤΔ ,Ε001514/2016,06/09/2016,05/09/2028,160,-,-,Συμβατικά Καύσιμα,ΜΕΚ,Ντίζελ,Κατασκευής - Λειτουργίας,,Πάφος,Πάφος
OPAP SPORTS LTD,Ε001513/2016,06/09/2016,05/09/2028,16,-,-,Συμβατικά Καύσιμα,ΜΕΚ,Ντίζελ,Κατασκευής - Λειτουργίας,,Λευκωσία,Στρόβολος
KALLAS PAPADOPOULOS CYPRUS LTD,Ε001512/2016,06/09/2016,05/09/2028,320,-,-,Συμβατικά Καύσιμα,ΜΕΚ,Ντίζελ,Κατασκευής - Λειτουργίας,,Λεμεσός,Λεμεσός
CSC 24SEVEN.COM. LTD,Ε001511/2016,06/09/2016,05/09/2028,264,-,-,Συμβατικά Καύσιμα,ΜΕΚ,Ντίζελ,Κατασκευής - Λειτουργίας,,Λάρνακα,Λάρνακα
ΛΟΙΖΟΣ ΤΟΦΑΡΗ ΛΤΔ,Ε001510/2016,06/09/2016,05/09/2028,16,-,-,Συμβατικά Καύσιμα,ΜΕΚ,Ντίζελ,Κατασκευής - Λειτουργίας,,Κινητή Μονάδα,Κινητή Μονάδα
HFC «HOPE FOR CHILDREN» UNCRC POLICY CENTER,Ε001507/2016,30/08/2016,29/08/2046,10.137,-,-,ΑΠΕ,Φωτοβολταϊκό Σύστημα,,Λειτουργίας Σταθμού Παραγωγής Ηλεκτρισμού,Αυτοπαραγωγή/Net-Billing,Λευκωσία,Άγιος Ανδρέας
C.J. VOUNI SOLAR PARK LTD,Ε001505/2016,02/08/2016,01/08/2046,150,-,-,ΑΠΕ,Φωτοβολταϊκό Σύστημα,,Λειτουργίας Σταθμού Παραγωγής Ηλεκτρισμού,FiT,Λεμεσός,Βουνί
NEDECO ELECTRONICS LTD,Ε001502/2016,26/07/2016,25/07/2046,15,-,-,ΑΠΕ,Φωτοβολταϊκό Σύστημα,,Λειτουργίας Σταθμού Παραγωγής Ηλεκτρισμού,Αυτοπαραγωγή/Net-Billing,Λευκωσία,Στρόβολος
ΔΗΜΗΤΡΗΣ &AMP; ΑΡΤΕΜΗΣΙΑ ΛΑΖΑΡΗ ΛΤΔ ,Ε001501/2016,26/07/2016,25/07/2046,16.38,-,-,ΑΠΕ,Φωτοβολταϊκό Σύστημα,,Λειτουργίας Σταθμού Παραγωγής Ηλεκτρισμού,Αυτοπαραγωγή/Net-Billing,Αμμόχωστος,Λιοπέτρι
HEAVENS GARDENS WATERPARK LTD,Ε001500/2016,19/07/2016,18/07/2028,650,-,-,Συμβατικά Καύσιμα,ΜΕΚ,Ντίζελ,Κατασκευής - Λειτουργίας,Εφεδρεία,Λεμεσός,Φασούρι
HEAVENS GARDENS WATERPARK LTD,Ε001499/2016,19/07/2016,18/07/2028,650,-,-,Συμβατικά Καύσιμα,ΜΕΚ,Ντίζελ,Κατασκευής - Λειτουργίας,Εφεδρεία,Λεμεσός,Φασούρι
P.CHARALAMBOUS NICOSIA GYMNASTIC CENTER LTD,Ε001498/2016,19/07/2016,18/07/2046,10,-,-,ΑΠΕ,Φωτοβολταϊκό Σύστημα,,Λειτουργίας Σταθμού Παραγωγής Ηλεκτρισμού,Αυτοπαραγωγή/Net-Billing,Λευκωσία,Στρόβολος
H &AMP; D HEALTH AND DIET FOOD CENTER LTD,Ε001497/2016,19/07/2016,18/07/2046,10,-,-,ΑΠΕ,Φωτοβολταϊκό Σύστημα,,Λειτουργίας Σταθμού Παραγωγής Ηλεκτρισμού,Αυτοπαραγωγή/Net-Billing,Λευκωσία,Λατσιά
ΦΑΡΜΑΚΕΥΤΙΚΗ ΟΡΓΑΝΩΣΗΣ ΚΥΠΡΟΥ ΛΤΔ,Ε001496/2016,27/06/2016,26/06/2028,80,-,-,Συμβατικά Καύσιμα,ΜΕΚ,Ντίζελ,Κατασκευής - Λειτουργίας,,Λευκωσία,Στρόβολος
ΛΟΙΖΟΣ ΤΟΦΑΡΗ ΛΤΔ,Ε001495/2016,27/06/2016,26/06/2028,80,-,-,Συμβατικά Καύσιμα,ΜΕΚ,Ντίζελ,Κατασκευής - Λειτουργίας,,Κινητή Μονάδα,Κινητή Μονάδα
ALPHA BANK CYPRUS LTD,Ε001494/2016,27/06/2016,26/06/2028,360,-,-,Συμβατικά Καύσιμα,ΜΕΚ,Ντίζελ,Κατασκευής - Λειτουργίας,,Λευκωσία,Λευκωσία
ALPHA BANK CYPRUS LTD,Ε001493/2016,27/06/2016,26/06/2028,400,-,-,Συμβατικά Καύσιμα,ΜΕΚ,Ντίζελ,Κατασκευής - Λειτουργίας,Εφεδρεία,Λευκωσία,Λευκωσία
CYFIELD DEVELOPMENT PUBLIC LTD,Ε001492/2016,27/06/2016,26/06/2028,88,-,-,Συμβατικά Καύσιμα,ΜΕΚ,Ντίζελ,Κατασκευής - Λειτουργίας,,Λευκωσία,Στρόβολος
CHRIS CASH &AMP; CARRY LTD,Ε001491/2016,27/06/2016,26/06/2028,400,-,-,Συμβατικά Καύσιμα,ΜΕΚ,Ντίζελ,Κατασκευής - Λειτουργίας,Εφεδρεία,Λευκωσία,Αγλαντζιά
CHRIS CASH &AMP; CARRY LTD,Ε001490/2016,27/06/2016,26/06/2028,408,-,-,Συμβατικά Καύσιμα,ΜΕΚ,Ντίζελ,Κατασκευής - Λειτουργίας,Εφεδρεία,Λευκωσία,Λατσιά
Α.Μ. CHRYSAPHINIS LTD,Ε001489/2016,27/06/2016,26/06/2028,176,-,-,Συμβατικά Καύσιμα,ΜΕΚ,Ντίζελ,Κατασκευής - Λειτουργίας,,Αμμόχωστος,Πρωταράς
NESTOR HOTEL LTD,Ε001488/2016,27/06/2016,26/06/2028,120,-,-,Συμβατικά Καύσιμα,ΜΕΚ,Ντίζελ,Κατασκευής - Λειτουργίας,,Αμμόχωστος,Αγία Νάπα
NESTOR HOTEL LTD,Ε001487/2016,27/06/2016,26/06/2028,132,-,-,Συμβατικά Καύσιμα,ΜΕΚ,Ντίζελ,Κατασκευής - Λειτουργίας,,Αμμόχωστος,Αγία Νάπα
ΧΑΡΑΛΑΜΠΙΔΗΣ ΚΡΙΣΤΗΣ ΛΤΔ,Ε001486/2016,27/06/2016,26/06/2028,544,-,-,Συμβατικά Καύσιμα,ΜΕΚ,Ντίζελ,Κατασκευής - Λειτουργίας,Εφεδρεία,Λεμεσός,Άγιος Αθανάσιος
ΧΑΡΑΛΑΜΠΙΔΗΣ ΚΡΙΣΤΗΣ ΛΤΔ,Ε001485/2016,27/06/2016,26/06/2028,800,-,-,Συμβατικά Καύσιμα,ΜΕΚ,Ντίζελ,Κατασκευής - Λειτουργίας,Εφεδρεία,Λεμεσός,Άγιος Αθανάσιος
MEDSERV (CYPRUS) LTD,Ε001484/2016,27/06/2016,26/06/2028,176,-,-,Συμβατικά Καύσιμα,ΜΕΚ,Ντίζελ,Κατασκευής - Λειτουργίας,,Λάρνακα,Λάρνακα
DYNAMO MOTOR REPAIRS LTD,Ε001482/2016,27/06/2016,26/06/2028,80,-,-,Συμβατικά Καύσιμα,ΜΕΚ,Ντίζελ,Κατασκευής - Λειτουργίας,Αυτοπαραγωγή,Κινητή Μονάδα,Κινητή Μονάδα
ΚΕΠ ΛΕΥΚΩΣΙΑΣ,Ε001481/2016,27/06/2016,26/06/2028,132,-,-,Συμβατικά Καύσιμα,ΜΕΚ,Ντίζελ,Κατασκευής - Λειτουργίας,,Λευκωσία,Έγκωμη
STAROIL RETAIL ENTERPRISES LTD,Ε001480/2016,27/06/2016,26/06/2028,16,-,-,Συμβατικά Καύσιμα,ΜΕΚ,Ντίζελ,Κατασκευής - Λειτουργίας,,Λευκωσία,Ανθούπολη
ΥΠΟΥΡΓΕΙΟ ΥΓΕΙΑΣ (ΙΑΤΡΙΚΕΣ ΥΠΗΡΕΣΙΕΣ &AMP; ΥΔΥ),Ε001479/2016,27/06/2016,26/06/2028,80,-,-,Συμβατικά Καύσιμα,ΜΕΚ,Ντίζελ,Κατασκευής - Λειτουργίας,,Λευκωσία,Δάλι
Α &AMP; Χ ΧΡΥΣΑΝΘΟΥ,Ε001478/2016,27/06/2016,26/06/2028,150,-,-,Συμβατικά Καύσιμα,ΜΕΚ,Ντίζελ,Κατασκευής - Λειτουργίας,,Λεμεσός,Βιομηχανική Περιοχή Αγίου Σιλά
CNP CYPRUS TOWER LTD,Ε001477/2016,27/06/2016,26/06/2028,160,-,-,Συμβατικά Καύσιμα,ΜΕΚ,Ντίζελ,Κατασκευής - Λειτουργίας,,Λευκωσία,Στρόβολος
CNP CYPRUS TOWER LTD,Ε001476/2016,27/06/2016,26/06/2028,560,-,-,Συμβατικά Καύσιμα,ΜΕΚ,Ντίζελ,Κατασκευής - Λειτουργίας,Εφεδρεία,Λευκωσία,Στρόβολος
Y &AMP; P LATCHI HOTEL APTS LTD,Ε001475/2016,27/06/2016,26/06/2028,80,-,-,Συμβατικά Καύσιμα,ΜΕΚ,Ντίζελ,Κατασκευής - Λειτουργίας,,Πάφος,Λατσί - Πόλης Χρυσοχούς
THANOS CLUB HOTELS LTD ,Ε001474/2016,27/06/2016,26/06/2028,728,-,-,Συμβατικά Καύσιμα,ΜΕΚ,Ντίζελ,Κατασκευής - Λειτουργίας,Εφεδρεία,Πάφος,Πόλης Χρυσοχούς
ALEXANDER THE GREAT BEACH HOTEL,Ε001473/2016,27/06/2016,26/06/2028,200,-,-,Συμβατικά Καύσιμα,ΜΕΚ,Ντίζελ,Κατασκευής - Λειτουργίας,,Πάφος,Πάφος
OLYMPIC LAGOUN RESORT –KANIKA OLYMPIC LTD,Ε001472/2016,27/06/2016,26/06/2028,321.6,-,-,Συμβατικά Καύσιμα,ΜΕΚ,Ντίζελ,Κατασκευής - Λειτουργίας,,Αμμόχωστος,Αγία Νάπα
LOUIS HOTELS PUBLIC CO LTD,Ε001471/2016,27/06/2016,26/06/2028,304,-,-,Συμβατικά Καύσιμα,ΜΕΚ,Ντίζελ,Κατασκευής - Λειτουργίας,,Λεμεσός,Ποταμός Γερμασόγειας
ALCO FILTERS (CYPRUS) LTD,Ε001470/2016,27/06/2016,26/06/2028,280,-,-,Συμβατικά Καύσιμα,ΜΕΚ,Ντίζελ,Κατασκευής - Λειτουργίας,,Λευκωσία,Λατσιά
ΝΕΑ ΣΕΒΕΓΕΠ ΛΤΔ,Ε001468/2016,27/06/2016,26/06/2028,750,-,-,Συμβατικά Καύσιμα,ΜΕΚ,Ντίζελ,Κατασκευής - Λειτουργίας,Εφεδρεία,Λευκωσία,Λευκωσία
PITTAS DAIRY INDUSTRIES LTD,Ε001467/2016,27/06/2016,26/06/2028,560,-,-,Συμβατικά Καύσιμα,ΜΕΚ,Ντίζελ,Κατασκευής - Λειτουργίας,Εφεδρεία,Λευκωσία,Λευκωσία
G &AMP; E THERMOSOLAR LTD,Ε001464/2016,27/06/2016,26/06/2046,10.5,-,-,ΑΠΕ,Φωτοβολταϊκό Σύστημα,,Λειτουργίας Σταθμού Παραγωγής Ηλεκτρισμού,Αυτοπαραγωγή/Net-Billing,Λάρνακα,Λάρνακα
WINDSOR BROKERS LTD,Ε001463/2016,16/06/2016,15/06/2046,15,-,-,ΑΠΕ,Φωτοβολταϊκό Σύστημα,,Λειτουργίας Σταθμού Παραγωγής Ηλεκτρισμού,Αυτοπαραγωγή/Net-Billing,Λεμεσός,Μέσα Γειτονιά
ΦΥΣΙΚΟ ΠΡΟΣΩΠΟ,Ε001462/2016,16/06/2016,15/06/2046,20,-,-,ΑΠΕ,Φωτοβολταϊκό Σύστημα,,Λειτουργίας Σταθμού Παραγωγής Ηλεκτρισμού,Αυτοπαραγωγή/Net-Billing,Λευκωσία,Άγιος Αντώνιος
AYIA NAPA HOTELS LTD – ALION BEACH HOTEL,Ε001461/2016,13/06/2016,12/06/2028,320,-,-,Συμβατικά Καύσιμα,ΜΕΚ,Ντίζελ,Κατασκευής - Λειτουργίας,,Αμμόχωστος,Αγία Νάπα
VITATRACE NUTRITION LTD,Ε001460/2016,13/06/2016,12/06/2028,12,-,-,Συμβατικά Καύσιμα,ΜΕΚ,Ντίζελ,Κατασκευής - Λειτουργίας,,Λευκωσία,Στρόβολος
ΦΥΣΙΚΟ ΠΡΟΣΩΠΟ,Ε001459/2016,13/06/2016,12/06/2028,32,-,-,Συμβατικά Καύσιμα,ΜΕΚ,Ντίζελ,Κατασκευής - Λειτουργίας,,Λάρνακα,Λάρνακα
ΚΑΝΑΛΙ ΣΟΥΠΕΡΜΑΡΚΕΤ ΛΤΔ,Ε001458/2016,13/06/2016,12/06/2028,32,-,-,Συμβατικά Καύσιμα,ΜΕΚ,Ντίζελ,Κατασκευής - Λειτουργίας,,Πάφος,Τίμη
ΔΗΜΟΣ ΑΓΙΟΥ ΔΟΜΕΤΙΟΥ,Ε001457/2016,13/06/2016,12/06/2028,234,-,-,Συμβατικά Καύσιμα,ΜΕΚ,Ντίζελ,Κατασκευής - Λειτουργίας,,Λευκωσία,Άγιος Δομέτιος
PREMIER SHUKUROGLOU CYPRUS LTD,Ε001456/2016,13/06/2016,12/06/2028,53,-,-,Συμβατικά Καύσιμα,ΜΕΚ,Ντίζελ,Κατασκευής - Λειτουργίας,,Λευκωσία,Λατσιά
AVGOUSTINOS FOOD INDUSTRY LTD,Ε001454/2016,10/06/2016,09/06/2046,99.75,-,-,ΑΠΕ,Φωτοβολταϊκό Σύστημα,,Λειτουργίας Σταθμού Παραγωγής Ηλεκτρισμού,Αυτοπαραγωγή/Net-Billing,Λεμεσός,Άγιος Συλάς
JCC PAYMENT SYSTEMS LTD,Ε001453/2016,25/05/2016,24/05/2046,99.84,-,-,ΑΠΕ,Φωτοβολταϊκό Σύστημα,,Λειτουργίας Σταθμού Παραγωγής Ηλεκτρισμού,Αυτοπαραγωγή/Net-Billing,Λευκωσία,Νήσου - Δάλι
ΣΥΜΒΟΥΛΙΟ ΚΟΙΝΟΤΙΚΟΥ ΕΘΕΛΟΝΤΙΣΜΟΥ ΑΘΗΕΝΟΥ (ΣΤΕΓΗ ΗΛΙΚΙΩΜΕΝΩΝ ΑΘΗΕΝΟΥ),Ε001452/2016,11/05/2016,11/05/2046,15,-,-,ΑΠΕ,Φωτοβολταϊκό Σύστημα,,Λειτουργίας Σταθμού Παραγωγής Ηλεκτρισμού,Αυτοπαραγωγή/Net-Billing,Λάρνακα,Αθηένου
ΚΕΔΙΦΑΠ ΛΤΔ,Ε001451/2016,11/05/2016,10/05/2046,15,-,-,ΑΠΕ,Φωτοβολταϊκό Σύστημα,,Λειτουργίας Σταθμού Παραγωγής Ηλεκτρισμού,Αυτοπαραγωγή/Net-Billing,Πάφος,Πάφος
DIAPO LTD,Ε001450/2016,11/05/2016,10/05/2046,99.875,-,-,ΑΠΕ,Φωτοβολταϊκό Σύστημα,,Λειτουργίας Σταθμού Παραγωγής Ηλεκτρισμού,Αυτοπαραγωγή/Net-Billing,Λευκωσία,Λατσιά
WARGAMING PUBLIC CO. LTD,Ε001449/2016,21/04/2016,20/04/2046,51.35,-,-,ΑΠΕ,Φωτοβολταϊκό Σύστημα,,Λειτουργίας Σταθμού Παραγωγής Ηλεκτρισμού,Αυτοπαραγωγή/Net-Billing,Λευκωσία,Στρόβολος
ELNIA LTD,Ε001448/2016,21/04/2016,20/04/2046,20,-,-,ΑΠΕ,Φωτοβολταϊκό Σύστημα,,Λειτουργίας Σταθμού Παραγωγής Ηλεκτρισμού,Αυτοπαραγωγή/Net-Billing,Λευκωσία,Στρόβολος
MILROSE PATISSERIE &AMP; BAKERY LIMITED,Ε001447/2016,19/04/2016,18/04/2046,19.6,-,-,ΑΠΕ,Φωτοβολταϊκό Σύστημα,,Λειτουργίας Σταθμού Παραγωγής Ηλεκτρισμού,Αυτοπαραγωγή/Net-Billing,Πάφος,Μέσα Χωριό
CHEPIANA TOURIST ENT. LTD,Ε001445/2016,12/04/2016,11/04/2046,17,-,-,ΑΠΕ,Φωτοβολταϊκό Σύστημα,,Λειτουργίας Σταθμού Παραγωγής Ηλεκτρισμού,Αυτοπαραγωγή/Net-Billing,Πάφος,Πάφος
ΑΛΛΑΝΤΙΚΑ Ι. ΚΙΤΡΟΜΙΛΙΔΗΣ ΛΤΔ,Ε001438/2016,24/03/2016,23/03/2046,80,-,-,ΑΠΕ,Φωτοβολταϊκό Σύστημα,,Λειτουργίας Σταθμού Παραγωγής Ηλεκτρισμού,Αυτοπαραγωγή/Net-Billing,Λευκωσία,Εργάτες
PETROLINA (HOLDINGS)PUBLIC LTD,Ε001437/2016,21/03/2016,20/03/2046,10.14,-,-,ΑΠΕ,Φωτοβολταϊκό Σύστημα,,Λειτουργίας Σταθμού Παραγωγής Ηλεκτρισμού,Αυτοπαραγωγή/Net-Billing,Πάφος,Πέγεια
WANERON ENTERPRISES LTD,Ε001436/2016,21/03/2016,20/03/2046,3000,-,-,ΑΠΕ,Φωτοβολταϊκό Σύστημα,,Λειτουργίας Σταθμού Παραγωγής Ηλεκτρισμού,Μειοδοτικός Διαγωνισμός,Λευκωσία,Άγιος Ιωάννης Μαλούντας
ΣΥΜΒΟΥΛΙΟ ΥΔΑΤΟΠΡΟΜΗΘΕΙΑΣ ΛΕΜΕΣΟΥ,Ε001433/2016,09/03/2016,08/03/2046,40,-,-,ΑΠΕ,Φωτοβολταϊκό Σύστημα,,Λειτουργίας Σταθμού Παραγωγής Ηλεκτρισμού,Αυτοπαραγωγή/Net-Billing,Λεμεσός,Λεμεσός
PETROLINA (HOLDINGS)PUBLIC LTD,Ε001432/2016,09/03/2016,08/03/2046,10,-,-,ΑΠΕ,Φωτοβολταϊκό Σύστημα,,Λειτουργίας Σταθμού Παραγωγής Ηλεκτρισμού,Αυτοπαραγωγή/Net-Billing,Λεμεσός,Λεμεσός
PETROLINA (HOLDINGS)PUBLIC LTD,Ε001431/2016,09/03/2016,08/03/2046,10,-,-,ΑΠΕ,Φωτοβολταϊκό Σύστημα,,Λειτουργίας Σταθμού Παραγωγής Ηλεκτρισμού,Αυτοπαραγωγή/Net-Billing,Λεμεσός,Λεμεσός
PETROLINA (HOLDINGS)PUBLIC LTD,Ε001430/2016,09/03/2016,08/03/2046,10,-,-,ΑΠΕ,Φωτοβολταϊκό Σύστημα,,Λειτουργίας Σταθμού Παραγωγής Ηλεκτρισμού,Αυτοπαραγωγή/Net-Billing,Αμμόχωστος,Παραλίμνι
K.TH.G. ECO – LOGICAL FUELS CO. LTD,Ε001429/2016,29/02/2016,28/02/2046,35,-,-,ΑΠΕ,Φωτοβολταϊκό Σύστημα,,Λειτουργίας Σταθμού Παραγωγής Ηλεκτρισμού,Αυτοπαραγωγή/Net-Billing,Πάφος,Βιομηχανική Ζώνη Αγίας Βαρβάρας
ΤΜΗΜΑ ΔΑΣΩΝ,Ε001428/2016,29/02/2016,28/02/2046,10,-,-,ΑΠΕ,Φωτοβολταϊκό Σύστημα,,Λειτουργίας Σταθμού Παραγωγής Ηλεκτρισμού,Αυτοπαραγωγή/Net-Billing,Αμμόχωστος,Κάβο Γκρέκο
ΑΛΙΑΘΩΝ ΤΟΥΡΙΣΤΙΚΕΣ ΕΠΙΧΕΙΡΗΣΕΙΣ ΛΤΔ,Ε001421/2016,05/02/2016,04/02/2046,400,-,-,ΑΠΕ,Φωτοβολταϊκό Σύστημα,,Λειτουργίας Σταθμού Παραγωγής Ηλεκτρισμού,Αυτοπαραγωγή/Net-Billing,Πάφος,Γεροσκήπου
ALION VEGETABLES &AMP; FRUIT CO LTD,Ε001420/2016,05/02/2016,04/02/2046,99.975,-,-,ΑΠΕ,Φωτοβολταϊκό Σύστημα,,Λειτουργίας Σταθμού Παραγωγής Ηλεκτρισμού,Αυτοπαραγωγή/Net-Billing,Λευκωσία,Πέρα Χωρίο Νήσου
ΥΠΕΡΑΓΟΡΑ ΑΝΔΡΕΑΣ ΜΑΡΚΟΥ &AMP; ΥΙΟΣ ΛΤΔ,Ε001419/2016,18/01/2016,17/01/2046,30,-,-,ΑΠΕ,Φωτοβολταϊκό Σύστημα,,Λειτουργίας Σταθμού Παραγωγής Ηλεκτρισμού,Αυτοπαραγωγή/Net-Billing,Λευκωσία,Αρεδιού
C.A.L ENERGY LTD,Ε001418/2016,18/01/2016,17/01/2046,150,-,-,ΑΠΕ,Φωτοβολταϊκό Σύστημα,,Λειτουργίας Σταθμού Παραγωγής Ηλεκτρισμού,FiT,Λευκωσία,Αγία Μαρίνα Ξυλιάτου
ARAMEAT LTD ,Ε001416/2015,21/12/2015,20/12/2045,20,-,-,ΑΠΕ,Φωτοβολταϊκό Σύστημα,,Λειτουργίας Σταθμού Παραγωγής Ηλεκτρισμού,Αυτοπαραγωγή/Net-Billing,Λάρνακα,Αραδίππου
ΦΑΡΜΑ ΑΔΕΛΦΟΙ ΚΩΝΣΤΑΝΤΙΝΟΥ ΛΤΔ,Ε001415/2015,21/12/2015,20/12/2045,20,-,-,ΑΠΕ,Φωτοβολταϊκό Σύστημα,,Λειτουργίας Σταθμού Παραγωγής Ηλεκτρισμού,Αυτοπαραγωγή/Net-Billing,Λάρνακα,Αραδίππου
MAXIFOODS LTD,Ε001414/2015,21/12/2015,20/12/2045,60,-,-,ΑΠΕ,Φωτοβολταϊκό Σύστημα,,Λειτουργίας Σταθμού Παραγωγής Ηλεκτρισμού,Αυτοπαραγωγή/Net-Billing,Λάρνακα,Αραδίππου
ΣΥΝΟΜΟΣΠΟΝΔΙΑ ΕΡΓΑΤΩΝ ΚΥΠΡΟΥ (ΣΕΚ),Ε001413/2015,04/12/2015,03/12/2045,15,-,-,ΑΠΕ,Φωτοβολταϊκό Σύστημα,,Λειτουργίας Σταθμού Παραγωγής Ηλεκτρισμού,Αυτοπαραγωγή/Net-Billing,Λάρνακα,Λάρνακα
Ε. ΠΥΡΓΑ ΛΤΔ,Ε001407/2015,30/10/2015,29/10/2045,20,-,-,ΑΠΕ,Φωτοβολταϊκό Σύστημα,,Λειτουργίας Σταθμού Παραγωγής Ηλεκτρισμού,Αυτοπαραγωγή/Net-Billing,Λεμεσός,Άγιος Αθανάσιος
ΦΥΣΙΚΟ ΠΡΟΣΩΠΟ,Ε001406/2015,08/10/2015,07/10/2027,264,-,-,Συμβατικά Καύσιμα,ΜΕΚ,Ντίζελ,Κατασκευής - Λειτουργίας,,Λεμεσός,Ποταμός Γερμασόγειας
SEWERAGE BOARD OF ASTROMERITIS – PERISTERONA - AKAKI,Ε001405/2015,08/10/2015,07/10/2027,60,-,-,Συμβατικά Καύσιμα,ΜΕΚ,Ντίζελ,Κατασκευής - Λειτουργίας,,Λευκωσία,Αστρομερίτης
SEWERAGE BOARD OF ASTROMERITIS – PERISTERONA - AKAKI,Ε001404/2015,08/10/2015,07/10/2027,60,-,-,Συμβατικά Καύσιμα,ΜΕΚ,Ντίζελ,Κατασκευής - Λειτουργίας,,Λευκωσία,Ακάκι
SEWERAGE BOARD OF ASTROMERITIS – PERISTERONA - AKAKI,Ε001403/2015,08/10/2015,07/10/2027,26.4,-,-,Συμβατικά Καύσιμα,ΜΕΚ,Ντίζελ,Κατασκευής - Λειτουργίας,,Λευκωσία,Περιστερώνα
SEWERAGE BOARD OF ASTROMERITIS – PERISTERONA - AKAKI,Ε001402/2015,08/10/2015,07/10/2027,308,-,-,Συμβατικά Καύσιμα,ΜΕΚ,Ντίζελ,Κατασκευής - Λειτουργίας,,Λευκωσία,Αστρομερίτης
RETAL CYPRUS LTD,Ε001401/2015,07/10/2015,06/10/2045,249.96,-,-,ΑΠΕ,Φωτοβολταϊκό Σύστημα,,Λειτουργίας Σταθμού Παραγωγής Ηλεκτρισμού,Αυτοπαραγωγή/Net-Billing,Λεμεσός,Άγιος Σπυρίδωνας 
A. MINTIKKIS FARM LTD,Ε001400/2015,07/10/2015,06/10/2045,300,-,-,ΑΠΕ,Φωτοβολταϊκό Σύστημα,,Λειτουργίας Σταθμού Παραγωγής Ηλεκτρισμού,Αυτοπαραγωγή/Net-Billing,Λευκωσία,Τσέρι
A.I. MOTOKINISI LTD,Ε001399/2015,07/10/2015,06/10/2045,41,-,-,ΑΠΕ,Φωτοβολταϊκό Σύστημα,,Λειτουργίας Σταθμού Παραγωγής Ηλεκτρισμού,Αυτοπαραγωγή/Net-Billing,Λευκωσία,Στρόβολος
ATLANTIC INSURANCE CO. PUBLIC LTD,Ε001398/2015,11/09/2015,10/09/2045,10,-,-,ΑΠΕ,Φωτοβολταϊκό Σύστημα,,Λειτουργίας Σταθμού Παραγωγής Ηλεκτρισμού,Αυτοπαραγωγή/Net-Billing,Λάρνακα,Λάρνακα
AGROMEDICA LTD,Ε001397/2015,11/09/2015,10/09/2045,18.6,-,-,ΑΠΕ,Φωτοβολταϊκό Σύστημα,,Λειτουργίας Σταθμού Παραγωγής Ηλεκτρισμού,Αυτοπαραγωγή/Net-Billing,Λάρνακα,Αραδίππου
CNS KOMO LTD,Ε001393/2015,09/09/2015,08/09/2045,99.96,-,-,ΑΠΕ,Φωτοβολταϊκό Σύστημα,,Λειτουργίας Σταθμού Παραγωγής Ηλεκτρισμού,FiT,Πάφος,Κρήτου Τέρρα
CNS KOMO LTD,Ε001392/2015,09/09/2015,08/09/2045,29.89,-,-,ΑΠΕ,Φωτοβολταϊκό Σύστημα,,Λειτουργίας Σταθμού Παραγωγής Ηλεκτρισμού,FiT,Πάφος,Κρήτου Τέρρα
SUN DANCE CITY LTD,Ε001387/2015,12/08/2015,11/08/2045,100,-,-,ΑΠΕ,Φωτοβολταϊκό Σύστημα,,Λειτουργίας Σταθμού Παραγωγής Ηλεκτρισμού,Εμπορική Χρήση,Λάρνακα,Αυγόρου
WINERSTORIES LTD,Ε001386/2015,05/08/2015,04/08/2045,10,-,-,ΑΠΕ,Φωτοβολταϊκό Σύστημα,,Λειτουργίας Σταθμού Παραγωγής Ηλεκτρισμού,Αυτοπαραγωγή/Net-Billing,Λεμεσός,Λεμεσός
ΦΥΣΙΚΟ ΠΡΟΣΩΠΟ,Ε001385/2015,05/08/2015,04/08/2045,10,-,-,ΑΠΕ,Φωτοβολταϊκό Σύστημα,,Λειτουργίας Σταθμού Παραγωγής Ηλεκτρισμού,Αυτοπαραγωγή/Net-Billing,Λάρνακα,Πυργά
NEW YORK SWEETS LTD,Ε001384/2015,05/08/2015,04/08/2045,60,-,-,ΑΠΕ,Φωτοβολταϊκό Σύστημα,,Λειτουργίας Σταθμού Παραγωγής Ηλεκτρισμού,Αυτοπαραγωγή/Net-Billing,Λεμεσός,Λεμεσός
A.S CYPRUS COLLEGE LTD – EUROPEAN UNIVERSITY CYPRUS,Ε001383/2015,05/08/2015,04/08/2045,90,-,-,ΑΠΕ,Φωτοβολταϊκό Σύστημα,,Λειτουργίας Σταθμού Παραγωγής Ηλεκτρισμού,Αυτοπαραγωγή/Net-Billing,Λευκωσία,Έγκωμη
ΕΕΕΚ ΣΕΚ ΛΕΜΕΣΟΥ,Ε001382/2015,05/08/2015,04/08/2045,20,-,-,ΑΠΕ,Φωτοβολταϊκό Σύστημα,,Λειτουργίας Σταθμού Παραγωγής Ηλεκτρισμού,Αυτοπαραγωγή/Net-Billing,Λεμεσός,Αγία Τριάδα
ΦΥΣΙΚΟ ΠΡΟΣΩΠΟ,Ε001380/2015,30/06/2015,29/06/2027,27,-,-,Συμβατικά Καύσιμα,ΜΕΚ,Ντίζελ,Κατασκευής - Λειτουργίας,,Αμμόχωστος,Αγία Νάπα
CARAMONDANI DESALINATION PLANES LTD,Ε001379/2015,30/06/2015,29/06/2027,66,-,-,Συμβατικά Καύσιμα,ΜΕΚ,Ντίζελ,Κατασκευής - Λειτουργίας,,Λάρνακα,Λάρνακα
EVANTON LUXURY VILLAS LTD,Ε001378/2015,30/06/2015,29/06/2027,176,-,-,Συμβατικά Καύσιμα,ΜΕΚ,Ντίζελ,Κατασκευής - Λειτουργίας,,Λευκωσία,Στρόβολος
ΦΥΣΙΚΟ ΠΡΟΣΩΠΟ,Ε001377/2015,30/06/2015,29/06/2027,32,-,-,Συμβατικά Καύσιμα,ΜΕΚ,Ντίζελ,Κατασκευής - Λειτουργίας,,Πάφος,Πέγεια
MARIS MARE LTD (PANAS TOURIST VILLAGE),Ε001376/2015,30/06/2015,29/06/2027,440,-,-,Συμβατικά Καύσιμα,ΜΕΚ,Ντίζελ,Κατασκευής - Λειτουργίας,Εφεδρεία,Αμμόχωστος,Αγία Νάπα
ΠΑΓΚΥΠΡΙΑΚΗ ΑΣΦΑΛΙΣΤΙΚΗ ΛΤΔ,Ε001375/2015,30/06/2015,29/06/2027,234,-,-,Συμβατικά Καύσιμα,ΜΕΚ,Ντίζελ,Κατασκευής - Λειτουργίας,,Λευκωσία,Λευκωσία
ΑΠΟΛΛΩΝΕΙΟ ΙΔΙΩΤΙΚΟ ΝΟΣΟΚΟΜΕΙΟ,Ε001374/2015,30/06/2015,29/06/2027,640,-,-,Συμβατικά Καύσιμα,ΜΕΚ,Ντίζελ,Κατασκευής - Λειτουργίας,Εφεδρεία,Λευκωσία,Στρόβολος
ΑΠΟΛΛΩΝΕΙΟ ΙΔΙΩΤΙΚΟ ΝΟΣΟΚΟΜΕΙΟ,Ε001373/2015,30/06/2015,29/06/2027,128,-,-,Συμβατικά Καύσιμα,ΜΕΚ,Ντίζελ,Κατασκευής - Λειτουργίας,,Λευκωσία,Στρόβολος
PARADISIOTIS PQF LTD,Ε001372/2015,30/06/2015,29/06/2027,440,-,-,Συμβατικά Καύσιμα,ΜΕΚ,Ντίζελ,Κατασκευής - Λειτουργίας,Εφεδρεία,Λεμεσός,Ύψωνας
ΟΓΚΟΛΟΓΙΚΟ ΚΕΝΤΡΟ ΤΡΑΠΕΖΑΣ ΚΥΠΡΟΥ,Ε001371/2015,30/06/2015,29/06/2027,520,-,-,Συμβατικά Καύσιμα,ΜΕΚ,Ντίζελ,Κατασκευής - Λειτουργίας,Εφεδρεία,Λευκωσία,Λευκωσία
SCB DIY COMPANY LTD,Ε001370/2015,30/06/2015,29/06/2027,560,-,-,Συμβατικά Καύσιμα,ΜΕΚ,Ντίζελ,Κατασκευής - Λειτουργίας,Εφεδρεία,Λευκωσία,Στρόβολος
SCB DIY COMPANY LTD,Ε001369/2015,30/06/2015,29/06/2027,560,-,-,Συμβατικά Καύσιμα,ΜΕΚ,Ντίζελ,Κατασκευής - Λειτουργίας,Εφεδρεία,Λευκωσία,Στρόβολος
WELLCARE LTD – ΚΛΙΝΙΚΗ ΤΙΜΙΟΣ ΣΤΑΥΡΟΣ,Ε001368/2015,30/06/2015,29/06/2027,400,-,-,Συμβατικά Καύσιμα,ΜΕΚ,Ντίζελ,Κατασκευής - Λειτουργίας,Εφεδρεία,Λάρνακα,Λάρνακα
H.M.HOUSEMARKET (CYPRUS) LTD (IKEA),Ε001367/2015,30/06/2015,29/06/2027,640,-,-,Συμβατικά Καύσιμα,ΜΕΚ,Ντίζελ,Κατασκευής - Λειτουργίας,Εφεδρεία,Λευκωσία,Λευκωσία
ΘΟΚ,Ε001366/2015,30/06/2015,29/06/2027,420,-,-,Συμβατικά Καύσιμα,ΜΕΚ,Ντίζελ,Κατασκευής - Λειτουργίας,Εφεδρεία,Λευκωσία,Λευκωσία
CONSULCO LTD,Ε001365/2015,30/06/2015,29/06/2027,400,-,-,Συμβατικά Καύσιμα,ΜΕΚ,Ντίζελ,Κατασκευής - Λειτουργίας,Εφεδρεία,Λευκωσία,Έγκωμη
ΑΡΧΗΤΗΛΕΠΙΚΟΙΝΩΝΙΩΝ ΚΥΠΡΟΥ,Ε001364/2015,30/06/2015,29/06/2027,200,-,-,Συμβατικά Καύσιμα,ΜΕΚ,Ντίζελ,Κατασκευής - Λειτουργίας,,Λευκωσία,Λευκωσία
ΤΜΗΜΑ ΔΑΣΩΝ,Ε001363/2015,30/06/2015,29/06/2027,48,-,-,Συμβατικά Καύσιμα,ΜΕΚ,Ντίζελ,Κατασκευής - Λειτουργίας,,Αμμόχωστος,Κάβο Γκρέκο
ΒΑΣΣΟΣ ΗΛΙΑΔΗΣ ΛΤΔ,Ε001352/2015,05/06/2015,04/06/2045,99.8,-,-,ΑΠΕ,Φωτοβολταϊκό Σύστημα,,Λειτουργίας Σταθμού Παραγωγής Ηλεκτρισμού,Αυτοπαραγωγή/Net-Billing,Λάρνακα,Κόκκινες
GREEN DOT (CYPRUS) PUBLIC CO. LTD,Ε001349/2015,03/06/2015,03/06/2045,18,-,-,ΑΠΕ,Φωτοβολταϊκό Σύστημα,,Λειτουργίας Σταθμού Παραγωγής Ηλεκτρισμού,Αυτοπαραγωγή/Net-Billing,Λευκωσία,Στρόβολος
LASERCHARGE LTD,Ε001348/2015,03/06/2015,03/06/2045,10.2,-,-,ΑΠΕ,Φωτοβολταϊκό Σύστημα,,Λειτουργίας Σταθμού Παραγωγής Ηλεκτρισμού,Αυτοπαραγωγή/Net-Billing,Λευκωσία,Λευκωσία
SOLARGEN LTD,Ε001340/2015,15/05/2015,14/05/2045,150,-,-,ΑΠΕ,Φωτοβολταϊκό Σύστημα,,Λειτουργίας Σταθμού Παραγωγής Ηλεκτρισμού,FiT,Λευκωσία,Λουρουτζίνα
CHR. TSANGARIDES WINERY LTD,Ε001339/2015,08/05/2015,07/05/2045,19.3,-,-,ΑΠΕ,Φωτοβολταϊκό Σύστημα,,Λειτουργίας Σταθμού Παραγωγής Ηλεκτρισμού,Αυτοπαραγωγή/Net-Billing,Πάφος,Λεμόνα
K AND P FLOUROS CHICKEN FARM LIMITED,Ε001338/2015,08/05/2015,07/05/2045,20,-,-,ΑΠΕ,Φωτοβολταϊκό Σύστημα,,Λειτουργίας Σταθμού Παραγωγής Ηλεκτρισμού,Αυτοπαραγωγή/Net-Billing,Λευκωσία,Καλό Χωριό Ορεινής Κλήρου
SIGMA BAKERIES LTD,Ε001337/2015,08/05/2015,07/05/2045,13,-,-,ΑΠΕ,Φωτοβολταϊκό Σύστημα,,Λειτουργίας Σταθμού Παραγωγής Ηλεκτρισμού,Αυτοπαραγωγή/Net-Billing,Λεμεσός,Μέσα Γειτονιά
C.A &AMP; P PISSOURI ENERGY LTD,Ε001336/2015,05/05/2015,04/05/2045,1500,-,-,ΑΠΕ,Φωτοβολταϊκό Σύστημα,,Λειτουργίας Σταθμού Παραγωγής Ηλεκτρισμού,Μειοδοτικός Διαγωνισμός,Λεμεσός,Πισσούρι
GAVRIEL SOLAR ENERGY LTD,Ε001335/2015,16/04/2015,15/04/2045,99,-,-,ΑΠΕ,Φωτοβολταϊκό Σύστημα,,Λειτουργίας Σταθμού Παραγωγής Ηλεκτρισμού,FiT,Λευκωσία,Τσέρι
LEXECO STUD CO LTD,Ε001334/2015,16/04/2015,15/04/2045,17.64,-,-,ΑΠΕ,Φωτοβολταϊκό Σύστημα,,Λειτουργίας Σταθμού Παραγωγής Ηλεκτρισμού,Αυτοπαραγωγή/Net-Billing,Λευκωσία,Λυθροδόντας
ΕΛΛΗΝΙΚΗ ΤΡΑΠΕΖΑ ΔΗΜΟΣΙΑ ΕΤΑΙΡΕΙΑ ΛΤΔ,Ε001326/2015,20/03/2015,19/03/2045,10,-,-,ΑΠΕ,Φωτοβολταϊκό Σύστημα,,Λειτουργίας Σταθμού Παραγωγής Ηλεκτρισμού,Αυτοπαραγωγή/Net-Billing,Λευκωσία,Στρόβολος
ΕΛΛΗΝΙΚΗ ΤΡΑΠΕΖΑ ΔΗΜΟΣΙΑ ΕΤΑΙΡΕΙΑ ΛΤΔ,Ε001325/2015,20/03/2015,19/03/2045,10,-,-,ΑΠΕ,Φωτοβολταϊκό Σύστημα,,Λειτουργίας Σταθμού Παραγωγής Ηλεκτρισμού,Αυτοπαραγωγή/Net-Billing,Λευκωσία,Στρόβολος
ΕΛΛΗΝΙΚΗ ΤΡΑΠΕΖΑ ΔΗΜΟΣΙΑ ΕΤΑΙΡΕΙΑ ΛΤΔ,Ε001324/2015,20/03/2015,19/03/2045,10,-,-,ΑΠΕ,Φωτοβολταϊκό Σύστημα,,Λειτουργίας Σταθμού Παραγωγής Ηλεκτρισμού,Αυτοπαραγωγή/Net-Billing,Λεμεσός,Λεμεσός
ΕΛΛΗΝΙΚΗ ΤΡΑΠΕΖΑ ΔΗΜΟΣΙΑ ΕΤΑΙΡΕΙΑ ΛΤΔ,Ε001323/2015,20/03/2015,19/03/2045,10,-,-,ΑΠΕ,Φωτοβολταϊκό Σύστημα,,Λειτουργίας Σταθμού Παραγωγής Ηλεκτρισμού,Αυτοπαραγωγή/Net-Billing,Λεμεσός,Μέσα Γειτονιά
KOLIOS WINERY LTD,Ε001322/2015,20/03/2015,19/03/2045,70,-,-,ΑΠΕ,Φωτοβολταϊκό Σύστημα,,Λειτουργίας Σταθμού Παραγωγής Ηλεκτρισμού,Αυτοπαραγωγή/Net-Billing,Πάφος,Στατός
ΗΦΑΙΣΤΟΣ ΦΩΤΟΒΟΛΤΑΙΚΟ ΣΥΣΤΗΜΑ ΠΑΡΚΟ ΛΤΔ,Ε001321/2015,20/03/2015,19/03/2045,150,-,-,ΑΠΕ,Φωτοβολταϊκό Σύστημα,,Λειτουργίας Σταθμού Παραγωγής Ηλεκτρισμού,FiT,Λεμεσός,Ασγάτα
IPMA LTD,Ε001320/2015,20/03/2015,19/03/2045,100,-,-,ΑΠΕ,Φωτοβολταϊκό Σύστημα,,Λειτουργίας Σταθμού Παραγωγής Ηλεκτρισμού,FiT,Λευκωσία,Παλιομέτοχο
DCST SOLAR LTD,Ε001319/2015,20/03/2015,19/03/2045,100,-,-,ΑΠΕ,Φωτοβολταϊκό Σύστημα,,Λειτουργίας Σταθμού Παραγωγής Ηλεκτρισμού,FiT,Λάρνακα,Αραδίππου
ANNA MARIA SOLAR LTD,Ε001318/2015,20/03/2015,19/03/2045,50.4,-,-,ΑΠΕ,Φωτοβολταϊκό Σύστημα,,Λειτουργίας Σταθμού Παραγωγής Ηλεκτρισμού,FiT,Λευκωσία,Τσέρι
ANNA MARIA SOLAR LTD,Ε001317/2015,20/03/2015,19/03/2045,98.61,-,-,ΑΠΕ,Φωτοβολταϊκό Σύστημα,,Λειτουργίας Σταθμού Παραγωγής Ηλεκτρισμού,FiT,Λευκωσία,Τσέρι
A.L.P ENERGY LTD,Ε001316/2015,09/03/2015,08/03/2045,100,-,-,ΑΠΕ,Φωτοβολταϊκό Σύστημα,,Λειτουργίας Σταθμού Παραγωγής Ηλεκτρισμού,FiT,Λευκωσία,Άγιος Ιωάννης Μαλούντας
PANCHRIS FEEDS LTD,Ε001315/2015,20/02/2015,19/02/2045,20,-,-,ΑΠΕ,Φωτοβολταϊκό Σύστημα,,Λειτουργίας Σταθμού Παραγωγής Ηλεκτρισμού,Αυτοπαραγωγή/Net-Billing,Λάρνακα,Αραδίππου
ΠΑΝΕΠΙΣΤΗΜΙΟ ΚΥΠΡΟΥ,Ε001314/2015,20/02/2015,19/02/2045,5394.8,-,-,ΑΠΕ,Φωτοβολταϊκό Σύστημα,,Λειτουργίας Σταθμού Παραγωγής Ηλεκτρισμού,Αυτοπαραγωγή/Net-Billing,Λευκωσία,Αγλαντζιά
ΤΜΗΜΑ ΦΑΡΜΑΚΕΥΤΙΚΩΝ ΥΠΗΡΕΣΙΩΝ ΤΗΣ ΚΥΠΡΙΑΚΗΣ ΚΥΒΕΡΝΗΣΗΣ,Ε001313/2015,17/02/2015,16/02/2045,20,-,-,ΑΠΕ,Φωτοβολταϊκό Σύστημα,,Λειτουργίας Σταθμού Παραγωγής Ηλεκτρισμού,Αυτοπαραγωγή/Net-Billing,Λευκωσία,Στρόβολος
Χ. ΠΑΠΑΕΛΛΗΝΑΣ ΕΜΠΟΡΙΚΗ ΛΤΔ,Ε001312/2015,17/02/2015,16/02/2045,100,-,-,ΑΠΕ,Φωτοβολταϊκό Σύστημα,,Λειτουργίας Σταθμού Παραγωγής Ηλεκτρισμού,Αυτοπαραγωγή/Net-Billing,Λευκωσία,Λατσιά
HEATAIRCON LTD,Ε001311/2015,17/02/2015,16/02/2045,10,-,-,ΑΠΕ,Φωτοβολταϊκό Σύστημα,,Λειτουργίας Σταθμού Παραγωγής Ηλεκτρισμού,Αυτοπαραγωγή/Net-Billing,Λευκωσία,Στρόβολος
GDL TRADING (PAPHOS) LTD ,Ε001310/2015,17/02/2015,16/02/2045,40,-,-,ΑΠΕ,Φωτοβολταϊκό Σύστημα,,Λειτουργίας Σταθμού Παραγωγής Ηλεκτρισμού,Αυτοπαραγωγή/Net-Billing,Πάφος,Μεσόγη
ERICON LTD,Ε001302/2015,03/02/2015,02/02/2045,99.84,-,-,ΑΠΕ,Φωτοβολταϊκό Σύστημα,,Λειτουργίας Σταθμού Παραγωγής Ηλεκτρισμού,FiT,Πάφος,Κούκλια
VIKE DEVELOPERS LTD,Ε001301/2015,03/02/2015,02/02/2045,130,-,-,ΑΠΕ,Φωτοβολταϊκό Σύστημα,,Λειτουργίας Σταθμού Παραγωγής Ηλεκτρισμού,FiT,Λευκωσία,Κάτω Κουτραφάς
LAM. DAM. ENTERPRISES LTD,Ε001300/2015,03/02/2015,02/02/2045,80,-,-,ΑΠΕ,Φωτοβολταϊκό Σύστημα,,Λειτουργίας Σταθμού Παραγωγής Ηλεκτρισμού,FiT,Πάφος,Λετύμπου
VIRGINIA SOLAR LTD,Ε001299/2015,03/02/2015,02/02/2045,50,-,-,ΑΠΕ,Φωτοβολταϊκό Σύστημα,,Λειτουργίας Σταθμού Παραγωγής Ηλεκτρισμού,FiT,Λευκωσία,Τσέρι
Χ.Σ ΦΩΣΗΛΙΟ ΛΤΔ,Ε001298/2015,03/02/2015,02/02/2045,99,-,-,ΑΠΕ,Φωτοβολταϊκό Σύστημα,,Λειτουργίας Σταθμού Παραγωγής Ηλεκτρισμού,FiT,Λευκωσία,Τσέρι
ΑΦΟΙ Μ.Φ ΦΙΛΙΠΠΟΥ ΕΝΕΡΓΕΙΑΚΗ ΛΤΔ,Ε001297/2015,03/02/2015,02/02/2045,99.36,-,-,ΑΠΕ,Φωτοβολταϊκό Σύστημα,,Λειτουργίας Σταθμού Παραγωγής Ηλεκτρισμού,FiT,Λευκωσία,Λυθροδόντας
KELLEN IMPORTS &AMP; EXPORTS ,Ε001296/2015,03/02/2015,02/02/2045,30,-,-,ΑΠΕ,Φωτοβολταϊκό Σύστημα,,Λειτουργίας Σταθμού Παραγωγής Ηλεκτρισμού,Αυτοπαραγωγή/Net-Billing,Λευκωσία,Δάλι
G.D.L TRADING (FAMAGUSTA) LTD,Ε001295/2015,03/02/2015,02/02/2045,77,-,-,ΑΠΕ,Φωτοβολταϊκό Σύστημα,,Λειτουργίας Σταθμού Παραγωγής Ηλεκτρισμού,Αυτοπαραγωγή/Net-Billing,Αμμόχωστος,Δερύνεια
UNITED HOTELS (LORDOS) LTD,Ε001294/2015,03/02/2015,02/02/2045,40,-,-,ΑΠΕ,Φωτοβολταϊκό Σύστημα,,Λειτουργίας Σταθμού Παραγωγής Ηλεκτρισμού,Αυτοπαραγωγή/Net-Billing,Λάρνακα,Δεκέλεια
CORINA SNACKS LTD,Ε001293/2015,23/01/2015,22/01/2045,313.3,-,-,ΑΠΕ,Φωτοβολταϊκό Σύστημα,,Λειτουργίας Σταθμού Παραγωγής Ηλεκτρισμού,Αυτοπαραγωγή/Net-Billing,Λεμεσός,Λεμεσός
Q.K.P. ENERGY SOLUTIONS LTD,Ε001292/2015,23/01/2015,22/01/2045,100,-,-,ΑΠΕ,Φωτοβολταϊκό Σύστημα,,Λειτουργίας Σταθμού Παραγωγής Ηλεκτρισμού,FiT,Λευκωσία,Πέρα
ΦΥΣΙΚΟ ΠΡΟΣΩΠΟ,Ε001291/2015,23/01/2015,22/01/2045,99.3,-,-,ΑΠΕ,Φωτοβολταϊκό Σύστημα,,Λειτουργίας Σταθμού Παραγωγής Ηλεκτρισμού,FiT,Λευκωσία,Στρόβολος
SUN DANCE SHORES LTD,Ε001290/2015,23/01/2015,22/01/2045,150,-,-,ΑΠΕ,Φωτοβολταϊκό Σύστημα,,Λειτουργίας Σταθμού Παραγωγής Ηλεκτρισμού,FiT,Λάρνακα,Ξυλοφάγου
AGRIFLORA LTD,Ε001289/2015,23/01/2015,22/01/2045,99.96,-,-,ΑΠΕ,Φωτοβολταϊκό Σύστημα,,Λειτουργίας Σταθμού Παραγωγής Ηλεκτρισμού,FiT,Λεμεσός,Μοναγρούλλι
MAVROUDIS METTOURIS LTD,Ε001288/2015,23/01/2015,22/01/2045,100,-,-,ΑΠΕ,Φωτοβολταϊκό Σύστημα,,Λειτουργίας Σταθμού Παραγωγής Ηλεκτρισμού,FiT,Λεμεσός,Πισσούρι
ΦΥΣΙΚΟ ΠΡΟΣΩΠΟ,Ε001287/2015,23/01/2015,22/01/2045,60,-,-,ΑΠΕ,Φωτοβολταϊκό Σύστημα,,Λειτουργίας Σταθμού Παραγωγής Ηλεκτρισμού,FiT,Λευκωσία,Αρεδιού
ΦΥΣΙΚΟ ΠΡΟΣΩΠΟ,Ε001286/2015,23/01/2015,22/01/2045,99.36,-,-,ΑΠΕ,Φωτοβολταϊκό Σύστημα,,Λειτουργίας Σταθμού Παραγωγής Ηλεκτρισμού,FiT,Λεμεσός,Πάχνα
CHARIS IOANNOU SOLAR PARK LTD,Ε001285/2015,23/01/2015,22/01/2045,99.75,-,-,ΑΠΕ,Φωτοβολταϊκό Σύστημα,,Λειτουργίας Σταθμού Παραγωγής Ηλεκτρισμού,FiT,Λεμεσός,Πισσούρι
ΦΥΣΙΚΟ ΠΡΟΣΩΠΟ,Ε001284/2015,23/01/2015,22/01/2045,100,-,-,ΑΠΕ,Φωτοβολταϊκό Σύστημα,,Λειτουργίας Σταθμού Παραγωγής Ηλεκτρισμού,FiT,Λάρνακα,Μοσφιλωτή
ΑΡΧΗ ΤΗΛΕΠΙΚΟΙΝΩΝΙΩΝ ΚΥΠΡΟΥ,Ε001283/2014,30/12/2014,29/12/2026,480,-,-,Συμβατικά Καύσιμα,ΜΕΚ,Ντίζελ,Κατασκευής - Λειτουργίας,Εφεδρεία,Πάφος,Πάφος
ΤΡΑΠΕΖΑ  ΚΥΠΡΟΥ Δ.Ε. ΛΤΔ,Ε001282/2014,30/12/2014,29/12/2026,560,-,-,Συμβατικά Καύσιμα,ΜΕΚ,Ντίζελ,Κατασκευής - Λειτουργίας,Εφεδρεία,Λεμεσός,Μέσα Γειτονιά
ΤΡΑΠΕΖΑ  ΚΥΠΡΟΥ Δ.Ε. ΛΤΔ,Ε001281/2014,30/12/2014,29/12/2026,560,-,-,Συμβατικά Καύσιμα,ΜΕΚ,Ντίζελ,Κατασκευής - Λειτουργίας,Εφεδρεία,Λευκωσία,Πλατύ Αγλαντζιάς
ΤΡΑΠΕΖΑ  ΚΥΠΡΟΥ Δ.Ε. ΛΤΔ,Ε001280/2014,30/12/2014,29/12/2026,920,-,-,Συμβατικά Καύσιμα,ΜΕΚ,Ντίζελ,Κατασκευής - Λειτουργίας,Εφεδρεία,Λευκωσία,Στρόβολος
EUROLIFE LTD,Ε001279/2014,30/12/2014,29/12/2026,572,-,-,Συμβατικά Καύσιμα,ΜΕΚ,Ντίζελ,Κατασκευής - Λειτουργίας,Εφεδρεία,Λευκωσία,Στρόβολος
ΦΥΣΙΚΟ ΠΡΟΣΩΠΟ,Ε001278/2014,30/12/2014,29/12/2026,24,-,-,Συμβατικά Καύσιμα,ΜΕΚ,Ντίζελ,Κατασκευής - Λειτουργίας,,Λάρνακα,Αραδίππου
C.G. DJAPAIRAS INVESTMENTS LTD,Ε001277/2014,30/12/2014,29/12/2026,500,-,-,Συμβατικά Καύσιμα,ΜΕΚ,Ντίζελ,Κατασκευής - Λειτουργίας,Εφεδρεία,Λευκωσία,Νήσου
NEW YORK SWEETS LTD,Ε001276/2014,30/12/2014,29/12/2026,480,-,-,Συμβατικά Καύσιμα,ΜΕΚ,Ντίζελ,Κατασκευής - Λειτουργίας,Εφεδρεία,Λεμεσός,Άγιος Αθανάσιος
G &AMP; E THERMOSOLAR LTD,Ε001275/2014,30/12/2014,29/12/2026,64,-,-,Συμβατικά Καύσιμα,ΜΕΚ,Ντίζελ,Κατασκευής - Λειτουργίας,,Λάρνακα,Λάρνακα
ΠΟΥΛΛΑΣ ΤΣΑΔΙΩΤΗΣ ΛΤΔ,Ε001274/2014,30/12/2014,29/12/2026,544,-,-,Συμβατικά Καύσιμα,ΜΕΚ,Πετρέλαιο,Κατασκευής - Λειτουργίας,Αυτοπαραγωγή,Πάφος,Πάφος
ΠΟΥΛΛΑΣ ΤΣΑΔΙΩΤΗΣ ΛΤΔ,Ε001273/2014,30/12/2014,29/12/2026,488,-,-,Συμβατικά Καύσιμα,ΜΕΚ,Πετρέλαιο,Κατασκευής - Λειτουργίας,Αυτοπαραγωγή,Πάφος,Πάφος
ΠΟΥΛΛΑΣ ΤΣΑΔΙΩΤΗΣ ΛΤΔ,Ε001272/2014,30/12/2014,29/12/2026,920,-,-,Συμβατικά Καύσιμα,ΜΕΚ,Πετρέλαιο,Κατασκευής - Λειτουργίας,Αυτοπαραγωγή,Πάφος,Πάφος
ZEMCO CONSTRUCTION LTD,Ε001271/2014,30/12/2014,29/12/2026,400,-,-,Συμβατικά Καύσιμα,ΜΕΚ,Ντίζελ,Κατασκευής - Λειτουργίας,Αυτοπαραγωγή,Κινητή Μονάδα,Κινητή Μονάδα
TAHAN ENGINEERS AND CONTRACTORS LTD,Ε001270/2014,30/12/2014,29/12/2026,80,-,-,Συμβατικά Καύσιμα,ΜΕΚ,Ντίζελ,Κατασκευής - Λειτουργίας,,Κινητή Μονάδα,Κινητή Μονάδα
FAREILA HOLDINGS LTD,Ε001222/2014,30/12/2014,29/12/2044,100,-,-,ΑΠΕ,Φωτοβολταϊκό Σύστημα,,Λειτουργίας Σταθμού Παραγωγής Ηλεκτρισμού,FiT,Πάφος,Δρύμου
ΦΥΣΙΚΟ ΠΡΟΣΩΠΟ,Ε001221/2014,30/12/2014,29/12/2044,99.96,-,-,ΑΠΕ,Φωτοβολταϊκό Σύστημα,,Λειτουργίας Σταθμού Παραγωγής Ηλεκτρισμού,FiT,Λευκωσία,Ορούντα
FLOWAY ENERGY LTD,Ε001220/2014,30/12/2014,29/12/2044,100,-,-,ΑΠΕ,Φωτοβολταϊκό Σύστημα,,Λειτουργίας Σταθμού Παραγωγής Ηλεκτρισμού,FiT,Λεμεσός,Βάσα Κοιλανίου
UNIROLL PAPER INDUSTRY LTD,Ε001219/2014,30/12/2014,29/12/2044,35,-,-,ΑΠΕ,Φωτοβολταϊκό Σύστημα,,Λειτουργίας Σταθμού Παραγωγής Ηλεκτρισμού,Αυτοπαραγωγή/Net-Billing,Λεμεσός,Ύψωνας
ΕΝΩΣΗ ΝΕΩΝ ΤΡΑΣΤ,Ε001218/2014,30/12/2014,29/12/2044,18.13,-,-,ΑΠΕ,Φωτοβολταϊκό Σύστημα,,Λειτουργίας Σταθμού Παραγωγής Ηλεκτρισμού,Αυτοπαραγωγή/Net-Billing,Λευκωσία,Λευκωσία
ΘΕΔΗΤΑΚΥ ΤΣΙΟΛΑΣ ΛΤΔ,Ε001217/2014,30/12/2014,29/12/2044,100,-,-,ΑΠΕ,Φωτοβολταϊκό Σύστημα,,Λειτουργίας Σταθμού Παραγωγής Ηλεκτρισμού,FiT,Αμμόχωστος,Αυγόρου
SUNNOVA ENERGY LTD,Ε001216/2014,30/12/2014,29/12/2044,98,-,-,ΑΠΕ,Φωτοβολταϊκό Σύστημα,,Λειτουργίας Σταθμού Παραγωγής Ηλεκτρισμού,FiT,Λευκωσία,Εργάτες
BLUE PHARMACIES LTD (PUBLIC),Ε001215/2014,16/12/2014,15/12/2044,101.43,-,-,ΑΠΕ,Φωτοβολταϊκό Σύστημα,,Λειτουργίας Σταθμού Παραγωγής Ηλεκτρισμού,Αυτοπαραγωγή/Net-Billing,Λεμεσός,Κάτω Πολεμίδια
ΦΥΣΙΚΟ ΠΡΟΣΩΠΟ,Ε001214/2014,15/12/2014,14/12/2044,60,-,-,ΑΠΕ,Φωτοβολταϊκό Σύστημα,,Λειτουργίας Σταθμού Παραγωγής Ηλεκτρισμού,FiT,Λεμεσός,Κουκά
PERISTERONAPO 3100 LTD,Ε001213/2014,15/12/2014,14/12/2044,99.45,-,-,ΑΠΕ,Φωτοβολταϊκό Σύστημα,,Λειτουργίας Σταθμού Παραγωγής Ηλεκτρισμού,FiT,Λευκωσία,Περιστερώνα
OROUNDAPO 1100 LTD,Ε001212/2014,15/12/2014,14/12/2044,99.72,-,-,ΑΠΕ,Φωτοβολταϊκό Σύστημα,,Λειτουργίας Σταθμού Παραγωγής Ηλεκτρισμού,FiT,Λευκωσία,Ορούντα
PERISTERONAPO 2100 LTD,Ε001211/2014,15/12/2014,14/12/2044,99.84,-,-,ΑΠΕ,Φωτοβολταϊκό Σύστημα,,Λειτουργίας Σταθμού Παραγωγής Ηλεκτρισμού,FiT,Λευκωσία,Περιστερώνα
PERISTERONAPO 1100 LTD,Ε001210/2014,15/12/2014,14/12/2044,99.45,-,-,ΑΠΕ,Φωτοβολταϊκό Σύστημα,,Λειτουργίας Σταθμού Παραγωγής Ηλεκτρισμού,FiT,Λευκωσία,Περιστερώνα
A.THEODOSIOU ENGINEERING LTD,Ε001209/2014,15/12/2014,14/12/2044,99.96,-,-,ΑΠΕ,Φωτοβολταϊκό Σύστημα,,Λειτουργίας Σταθμού Παραγωγής Ηλεκτρισμού,FiT,Λεμεσός,Πύργος
ΤΜΗΜΑ ΚΤΗΜΑΤΟΛΟΓΙΟΥ &AMP; ΧΩΡΟΜΕΤΡΙΑΣ,Ε001208/2014,10/12/2014,09/12/2026,240,-,-,Συμβατικά Καύσιμα,ΜΕΚ,Ντίζελ,Κατασκευής - Λειτουργίας,,Λεμεσός,Λεμεσός
ΤΜΗΜΑ ΚΤΗΜΑΤΟΛΟΓΙΟΥ ΚΑΙ ΧΩΡΟΜΕΤΡΙΑΣ,Ε001207/2014,10/12/2014,09/12/2026,240,-,-,Συμβατικά Καύσιμα,ΜΕΚ,Ντίζελ,Κατασκευής - Λειτουργίας,,Λεμεσός,Κάμπος Πολεμιδιών
ΦΥΣΙΚΟ ΠΡΟΣΩΠΟ,Ε001206/2014,03/12/2014,02/12/2044,99.96,-,-,ΑΠΕ,Φωτοβολταϊκό Σύστημα,,Λειτουργίας Σταθμού Παραγωγής Ηλεκτρισμού,FiT,Λάρνακα,Αραδίππου
ΦΥΣΙΚΟ ΠΡΟΣΩΠΟ,Ε001205/2014,03/12/2014,02/12/2044,99.96,-,-,ΑΠΕ,Φωτοβολταϊκό Σύστημα,,Λειτουργίας Σταθμού Παραγωγής Ηλεκτρισμού,FiT,Λευκωσία,Τσέρι
VIRO INVESTMENTS LTD,Ε001204/2014,03/12/2014,02/12/2044,150,-,-,ΑΠΕ,Φωτοβολταϊκό Σύστημα,,Λειτουργίας Σταθμού Παραγωγής Ηλεκτρισμού,FiT,Πάφος,Πέγεια
ΦΥΣΙΚΟ ΠΡΟΣΩΠΟ,Ε001203/2014,03/12/2014,02/12/2044,99.96,-,-,ΑΠΕ,Φωτοβολταϊκό Σύστημα,,Λειτουργίας Σταθμού Παραγωγής Ηλεκτρισμού,FiT,Λευκωσία,Αγίοι Τριμιθιάς
COIN DECO (CYPRUS) LTD,Ε001202/2014,03/12/2014,02/12/2044,99.25,-,-,ΑΠΕ,Φωτοβολταϊκό Σύστημα,,Λειτουργίας Σταθμού Παραγωγής Ηλεκτρισμού,FiT,Λάρνακα,Τρούλλοι
P.A.S  SOLAR FARM LTD,Ε001201/2014,03/12/2014,02/12/2044,99.36,-,-,ΑΠΕ,Φωτοβολταϊκό Σύστημα,,Λειτουργίας Σταθμού Παραγωγής Ηλεκτρισμού,FiT,Λευκωσία,Κλήρου
ΦΥΣΙΚΟ ΠΡΟΣΩΠΟ,Ε001200/2014,20/11/2014,19/11/2044,199.4,-,-,ΑΠΕ,Φωτοβολταϊκό Σύστημα,,Λειτουργίας Σταθμού Παραγωγής Ηλεκτρισμού,Αυτοπαραγωγή/Net-Billing,Λευκωσία,Δάλι
S.J. SERAPHIM LTD,Ε001199/2014,20/11/2014,19/11/2044,20,-,-,ΑΠΕ,Φωτοβολταϊκό Σύστημα,,Λειτουργίας Σταθμού Παραγωγής Ηλεκτρισμού,Αυτοπαραγωγή/Net-Billing,Λευκωσία,Λατσιά
MEDITERRANEAN SUN (CHARIS) LTD,Ε001198/2014,20/11/2014,19/11/2044,99.84,-,-,ΑΠΕ,Φωτοβολταϊκό Σύστημα,,Λειτουργίας Σταθμού Παραγωγής Ηλεκτρισμού,FiT,Αμμόχωστος,Λιοπέτρι
S.H. ALIKO ENERGY LTD,Ε001197/2014,20/11/2014,19/11/2044,100,-,-,ΑΠΕ,Φωτοβολταϊκό Σύστημα,,Λειτουργίας Σταθμού Παραγωγής Ηλεκτρισμού,FiT,Λευκωσία,Δάλι
P. YIATROS ENERGY LTD,Ε001196/2014,20/11/2014,19/11/2044,100,-,-,ΑΠΕ,Φωτοβολταϊκό Σύστημα,,Λειτουργίας Σταθμού Παραγωγής Ηλεκτρισμού,FiT,Λεμεσός,Αρακαπάς
VISSUANIC HOLDONGS LTD,Ε001195/2014,20/11/2014,19/11/2044,99.82,-,-,ΑΠΕ,Φωτοβολταϊκό Σύστημα,,Λειτουργίας Σταθμού Παραγωγής Ηλεκτρισμού,FiT,Λάρνακα,Αθηένου
ΜΥΡΑΝΘΕΟ ΛΤΔ,Ε001194/2014,20/11/2014,19/11/2044,99.36,-,-,ΑΠΕ,Φωτοβολταϊκό Σύστημα,,Λειτουργίας Σταθμού Παραγωγής Ηλεκτρισμού,FiT,Λάρνακα,Αραδίππου
UBERLUX LTD,Ε001193/2014,20/11/2014,19/11/2044,99.75,-,-,ΑΠΕ,Φωτοβολταϊκό Σύστημα,,Λειτουργίας Σταθμού Παραγωγής Ηλεκτρισμού,FiT,Λάρνακα,Αραδίππου
ΦΥΣΙΚΟ ΠΡΟΣΩΠΟ,Ε001192/2014,20/11/2014,19/11/2044,49.725,-,-,ΑΠΕ,Φωτοβολταϊκό Σύστημα,,Λειτουργίας Σταθμού Παραγωγής Ηλεκτρισμού,FiT,Λάρνακα,Αραδίππου
ECASINI LTD,Ε001191/2014,20/11/2014,19/11/2044,99.84,-,-,ΑΠΕ,Φωτοβολταϊκό Σύστημα,,Λειτουργίας Σταθμού Παραγωγής Ηλεκτρισμού,FiT,Λάρνακα,Δρομολαξιά
ΦΥΣΙΚΟ ΠΡΟΣΩΠΟ,Ε001190/2014,20/11/2014,19/11/2044,99.75,-,-,ΑΠΕ,Φωτοβολταϊκό Σύστημα,,Λειτουργίας Σταθμού Παραγωγής Ηλεκτρισμού,FiT,Λάρνακα,Αραδίππου
SOLARPIAZZA PV LTD ,Ε001189/2014,20/11/2014,19/11/2044,99.9,-,-,ΑΠΕ,Φωτοβολταϊκό Σύστημα,,Λειτουργίας Σταθμού Παραγωγής Ηλεκτρισμού,FiT,Λεμεσός,Απεσιά
PHOTOVOLT NAKIS LTD,Ε001188/2014,20/11/2014,19/11/2044,83,-,-,ΑΠΕ,Φωτοβολταϊκό Σύστημα,,Λειτουργίας Σταθμού Παραγωγής Ηλεκτρισμού,FiT,Λευκωσία,Ορούντα
ΦΥΣΙΚΟ ΠΡΟΣΩΠΟ,Ε001187/2014,20/11/2014,19/11/2044,50,-,-,ΑΠΕ,Φωτοβολταϊκό Σύστημα,,Λειτουργίας Σταθμού Παραγωγής Ηλεκτρισμού,FiT,Λευκωσία,Δάλι
MAKL ENERGY LTD,Ε001186/2014,20/11/2014,19/11/2044,99.9,-,-,ΑΠΕ,Φωτοβολταϊκό Σύστημα,,Λειτουργίας Σταθμού Παραγωγής Ηλεκτρισμού,FiT,Λάρνακα,Αθηένου
HELLAS SAT CONSORTIUM LTD,Ε001185/2014,14/11/2014,13/11/2044,340,-,-,ΑΠΕ,Φωτοβολταϊκό Σύστημα,,Λειτουργίας Σταθμού Παραγωγής Ηλεκτρισμού,Αυτοπαραγωγή/Net-Billing,Λάρνακα,Κοφίνου
YIALCO ENERGY LTD,Ε001184/2014,13/11/2014,12/11/2044,99.96,-,-,ΑΠΕ,Φωτοβολταϊκό Σύστημα,,Λειτουργίας Σταθμού Παραγωγής Ηλεκτρισμού,FiT,Λεμεσός,Ύψωνας
ABF ENERGY SOLUTIONS LTD,Ε001183/2014,13/11/2014,12/11/2044,100,-,-,ΑΠΕ,Φωτοβολταϊκό Σύστημα,,Λειτουργίας Σταθμού Παραγωγής Ηλεκτρισμού,FiT,Λάρνακα,Κάτω Δρύς
POWERSIDE SOLAR LTD,Ε001182/2014,13/11/2014,12/11/2044,100,-,-,ΑΠΕ,Φωτοβολταϊκό Σύστημα,,Λειτουργίας Σταθμού Παραγωγής Ηλεκτρισμού,FiT,Λεμεσός,Βάσα Κοιλανίου
ΓΕΩΡΓΟΚΤΗΝΟΤΡΟΦΙΚΗ ΕΠΑΥΛΗΣ ΕΥΣΤΑΘΙΟΥ ΝΙΚΟΛΑ ΛΤΔ,Ε001181/2014,13/11/2014,12/11/2044,149.85,-,-,ΑΠΕ,Φωτοβολταϊκό Σύστημα,,Λειτουργίας Σταθμού Παραγωγής Ηλεκτρισμού,FiT,Λευκωσία,Ορούντα
HADTSE ENERGY &AMP; CONSTRUCTION LTD,Ε001179/2014,04/11/2014,03/11/2044,99.3,-,-,ΑΠΕ,Φωτοβολταϊκό Σύστημα,,Λειτουργίας Σταθμού Παραγωγής Ηλεκτρισμού,FiT,Λευκωσία,Αλεθρικό
TERAPLANET LTD,Ε001178/2014,04/11/2014,03/11/2044,79.87,-,-,ΑΠΕ,Φωτοβολταϊκό Σύστημα,,Λειτουργίας Σταθμού Παραγωγής Ηλεκτρισμού,FiT,Πάφος,Αναρίτα
SMETANA INVESTMENTS LTD ,Ε001177/2014,04/11/2014,03/11/2044,99.96,-,-,ΑΠΕ,Φωτοβολταϊκό Σύστημα,,Λειτουργίας Σταθμού Παραγωγής Ηλεκτρισμού,FiT,Πάφος,Αναρίτα
ΜΑΥΡΗΛΙΟΝ ΛΤΔ,Ε001176/2014,04/11/2014,03/11/2044,96.53,-,-,ΑΠΕ,Φωτοβολταϊκό Σύστημα,,Λειτουργίας Σταθμού Παραγωγής Ηλεκτρισμού,FiT,Λεμεσός,Άγιος Θεράπων
MULTIMARINE SERVICES LTD,Ε001172/2014,27/10/2014,26/10/2026,200,-,-,Συμβατικά Καύσιμα,ΜΕΚ,Ντίζελ,Κατασκευής - Λειτουργίας,Αυτοπαραγωγή,Κινητή Μονάδα,Κινητή Μονάδα
MULTIMARINE SERVICES LTD,Ε001171/2014,27/10/2014,26/10/2026,200,-,-,Συμβατικά Καύσιμα,ΜΕΚ,Ντίζελ,Κατασκευής - Λειτουργίας,Αυτοπαραγωγή,Κινητή Μονάδα,Κινητή Μονάδα
MULTIMARINE SERVICES LTD,Ε001170/2014,27/10/2014,26/10/2026,100,-,-,Συμβατικά Καύσιμα,ΜΕΚ,Ντίζελ,Κατασκευής - Λειτουργίας,Αυτοπαραγωγή,Κινητή Μονάδα,Κινητή Μονάδα
MULTIMARINE SERVICES LTD,Ε001169/2014,27/10/2014,26/10/2026,32,-,-,Συμβατικά Καύσιμα,ΜΕΚ,Ντίζελ,Κατασκευής - Λειτουργίας,Αυτοπαραγωγή,Κινητή Μονάδα,Κινητή Μονάδα
MULTIMARINE SERVICES LTD,Ε001168/2014,27/10/2014,26/10/2026,16,-,-,Συμβατικά Καύσιμα,ΜΕΚ,Ντίζελ,Κατασκευής - Λειτουργίας,Αυτοπαραγωγή,Κινητή Μονάδα,Κινητή Μονάδα
MULTIMARINE SERVICES LTD,Ε001167/2014,27/10/2014,26/10/2026,24,-,-,Συμβατικά Καύσιμα,ΜΕΚ,Ντίζελ,Κατασκευής - Λειτουργίας,Αυτοπαραγωγή,Κινητή Μονάδα,Κινητή Μονάδα
MULTIMARINE SERVICES LTD,Ε001166/2014,27/10/2014,26/10/2026,128,-,-,Συμβατικά Καύσιμα,ΜΕΚ,Ντίζελ,Κατασκευής - Λειτουργίας,Αυτοπαραγωγή,Κινητή Μονάδα,Κινητή Μονάδα
MULTIMARINE SERVICES LTD,Ε001165/2014,27/10/2014,26/10/2026,110,-,-,Συμβατικά Καύσιμα,ΜΕΚ,Ντίζελ,Κατασκευής - Λειτουργίας,Αυτοπαραγωγή,Κινητή Μονάδα,Κινητή Μονάδα
MULTIMARINE SERVICES LTD,Ε001164/2014,27/10/2014,26/10/2026,240,-,-,Συμβατικά Καύσιμα,ΜΕΚ,Ντίζελ,Κατασκευής - Λειτουργίας,Αυτοπαραγωγή,Κινητή Μονάδα,Κινητή Μονάδα
MULTIMARINE SERVICES LTD,Ε001163/2014,27/10/2014,26/10/2026,200,-,-,Συμβατικά Καύσιμα,ΜΕΚ,Ντίζελ,Κατασκευής - Λειτουργίας,Αυτοπαραγωγή,Κινητή Μονάδα,Κινητή Μονάδα
ΦΥΣΙΚΟ ΠΡΟΣΩΠΟ,Ε001162/2014,27/10/2014,26/10/2044,99.84,-,-,ΑΠΕ,Φωτοβολταϊκό Σύστημα,,Λειτουργίας Σταθμού Παραγωγής Ηλεκτρισμού,FiT,Λευκωσία,Περιστερώνα
TH. FLOKKAS SOLAR ENERGY,Ε001161/2014,27/10/2014,26/10/2044,99.84,-,-,ΑΠΕ,Φωτοβολταϊκό Σύστημα,,Λειτουργίας Σταθμού Παραγωγής Ηλεκτρισμού,FiT,Λάρνακα,Άγιος Θεόδωρος
AGERINO ENERGY LTD,Ε001160/2014,06/10/2014,05/10/2044,99.96,-,-,ΑΠΕ,Φωτοβολταϊκό Σύστημα,,Λειτουργίας Σταθμού Παραγωγής Ηλεκτρισμού,FiT,Λευκωσία,Δάλι
MGFK ENERGY LTD,Ε001159/2014,06/10/2014,05/10/2044,79.5,-,-,ΑΠΕ,Φωτοβολταϊκό Σύστημα,,Λειτουργίας Σταθμού Παραγωγής Ηλεκτρισμού,FiT,Λευκωσία,Μένοικο
P. HIMONAS ESTATES LTD ,Ε001158/2014,29/09/2014,28/09/2044,99.84,-,-,ΑΠΕ,Φωτοβολταϊκό Σύστημα,,Λειτουργίας Σταθμού Παραγωγής Ηλεκτρισμού,FiT,Λεμεσός,Πισσούρι
ΔΗΜΗΤΡΗΣ ΑΡΓΥΡΙΔΗΣ ΛΤΔ,Ε001157/2014,26/09/2014,25/09/2044,15,-,-,ΑΠΕ,Φωτοβολταϊκό Σύστημα,,Λειτουργίας Σταθμού Παραγωγής Ηλεκτρισμού,Αυτοπαραγωγή/Net-Billing,Λευκωσία,Άγιος Δομέτιος
ΜΙΧΑΗΛ ΠΙΤΤΑΣ ΛΤΔ,Ε001156/2014,25/09/2014,24/09/2044,150,-,-,ΑΠΕ,Φωτοβολταϊκό Σύστημα,,Λειτουργίας Σταθμού Παραγωγής Ηλεκτρισμού,FiT,Λευκωσία,Κλήρου
SOVEX TRADING LTD,Ε001155/2014,25/09/2014,24/09/2044,100,-,-,ΑΠΕ,Φωτοβολταϊκό Σύστημα,,Λειτουργίας Σταθμού Παραγωγής Ηλεκτρισμού,FiT,Λευκωσία,Κλήρου
ROTADA FOTOVOLD LTD,Ε001154/2014,25/09/2014,24/09/2044,100,-,-,ΑΠΕ,Φωτοβολταϊκό Σύστημα,,Λειτουργίας Σταθμού Παραγωγής Ηλεκτρισμού,FiT,Λευκωσία,Κλήρου
D &AMP; M (MOULLOUROS) MANAGEMENT LTD,Ε001153/2014,25/09/2014,24/09/2044,99.2,-,-,ΑΠΕ,Φωτοβολταϊκό Σύστημα,,Λειτουργίας Σταθμού Παραγωγής Ηλεκτρισμού,FiT,Λευκωσία,Εργάτες
LUX MUNDI ENERGI LTD,Ε001152/2014,25/09/2014,24/09/2044,99.5,-,-,ΑΠΕ,Φωτοβολταϊκό Σύστημα,,Λειτουργίας Σταθμού Παραγωγής Ηλεκτρισμού,FiT,Λάρνακα,Σκαρίνου
ΦΥΣΙΚΟ ΠΡΟΣΩΠΟ,Ε001151/2014,25/09/2014,24/09/2044,100,-,-,ΑΠΕ,Φωτοβολταϊκό Σύστημα,,Λειτουργίας Σταθμού Παραγωγής Ηλεκτρισμού,FiT,Αμμόχωστος,Σωτήρα
Λ.Α.Κ ΕΝΕΡΓΕΙΑΚΗ ΛΤΔ,Ε001150/2014,25/09/2014,24/09/2044,149.73,-,-,ΑΠΕ,Φωτοβολταϊκό Σύστημα,,Λειτουργίας Σταθμού Παραγωγής Ηλεκτρισμού,FiT,Λάρνακα,Καλαβασσός
JUSBERLAIN LTD,Ε001149/2014,17/09/2014,16/09/2044,99.6,-,-,ΑΠΕ,Φωτοβολταϊκό Σύστημα,,Λειτουργίας Σταθμού Παραγωγής Ηλεκτρισμού,FiT,Λάρνακα,Μαζωτός
CHRIMARES ENERGY LTD,Ε001148/2014,16/09/2014,15/09/2044,99.715,-,-,ΑΠΕ,Φωτοβολταϊκό Σύστημα,,Λειτουργίας Σταθμού Παραγωγής Ηλεκτρισμού,FiT,Πάφος,Λυσός
PRIMA VITA LTD,Ε001147/2014,16/09/2014,15/09/2044,99.74,-,-,ΑΠΕ,Φωτοβολταϊκό Σύστημα,,Λειτουργίας Σταθμού Παραγωγής Ηλεκτρισμού,FiT,Πάφος,Λυσός
K. PROTOPAPAS AGRICULTURAL ENTERPRISES LTD,Ε001146/2014,16/09/2014,15/09/2044,100,-,-,ΑΠΕ,Φωτοβολταϊκό Σύστημα,,Λειτουργίας Σταθμού Παραγωγής Ηλεκτρισμού,FiT,Λευκωσία,Πάνω Δευτερά
ELECTROSUN TECHNOLOGIES LTD,Ε001145/2014,16/09/2014,15/09/2044,100,-,-,ΑΠΕ,Φωτοβολταϊκό Σύστημα,,Λειτουργίας Σταθμού Παραγωγής Ηλεκτρισμού,FiT,Λευκωσία,Άγιος Ιωάννης Μαλούντας
ΙΕΡΑ ΜΟΝΗ ΑΓΙΟΥ ΜΗΝΑ,Ε001144/2014,09/09/2014,08/09/2044,20,-,-,ΑΠΕ,Φωτοβολταϊκό Σύστημα,,Λειτουργίας Σταθμού Παραγωγής Ηλεκτρισμού,Αυτοπαραγωγή/Net-Billing,Λάρνακα,Βάβλα
SAVVAS G. PEYIOTIS HOMATOURGIKA LTD,Ε001143/2014,09/09/2014,08/09/2044,100,-,-,ΑΠΕ,Φωτοβολταϊκό Σύστημα,,Λειτουργίας Σταθμού Παραγωγής Ηλεκτρισμού,FiT,Πάφος,Θελέτρια
KCN ENERGY LTD,Ε001142/2014,09/09/2014,08/09/2044,99.715,-,-,ΑΠΕ,Φωτοβολταϊκό Σύστημα,,Λειτουργίας Σταθμού Παραγωγής Ηλεκτρισμού,FiT,Λάρνακα,Άγιος Θεόδωρος
AVRAAM SOLAR ENERGY LTD,Ε001141/2014,09/09/2014,08/09/2044,99.96,-,-,ΑΠΕ,Φωτοβολταϊκό Σύστημα,,Λειτουργίας Σταθμού Παραγωγής Ηλεκτρισμού,FiT,Λεμεσός,Πάχνα
ΦΥΣΙΚΟ ΠΡΟΣΩΠΟ,Ε001140/2014,09/09/2014,08/09/2044,75,-,-,ΑΠΕ,Φωτοβολταϊκό Σύστημα,,Λειτουργίας Σταθμού Παραγωγής Ηλεκτρισμού,FiT,Λάρνακα,Τρούλλοι
S.S.H. SCANDINAVIAN SOLARPARKS HOLDING LTD,Ε001138/2014,01/09/2014,31/08/2044,608,-,-,ΑΠΕ,Φωτοβολταϊκό Σύστημα,,Λειτουργίας Σταθμού Παραγωγής Ηλεκτρισμού,Μειοδοτικός Διαγωνισμός,Λευκωσία,Αγλαντζιά
NSM FOTOENERGIA LTD,Ε001137/2014,01/09/2014,31/08/2044,99.9,-,-,ΑΠΕ,Φωτοβολταϊκό Σύστημα,,Λειτουργίας Σταθμού Παραγωγής Ηλεκτρισμού,FiT,Λεμεσός,Απεσιά
DC GAP LTD,Ε001136/2014,01/09/2014,31/08/2044,80,-,-,ΑΠΕ,Φωτοβολταϊκό Σύστημα,,Λειτουργίας Σταθμού Παραγωγής Ηλεκτρισμού,FiT,Λάρνακα,Ορά
ΦΥΣΙΚΟ ΠΡΟΣΩΠΟ,Ε001135/2014,01/09/2014,31/08/2044,99.96,-,-,ΑΠΕ,Φωτοβολταϊκό Σύστημα,,Λειτουργίας Σταθμού Παραγωγής Ηλεκτρισμού,FiT,Λεμεσός,Πελένδρι
ΦΥΣΙΚΟ ΠΡΟΣΩΠΟ,Ε001134/2014,01/09/2014,31/08/2044,50,-,-,ΑΠΕ,Φωτοβολταϊκό Σύστημα,,Λειτουργίας Σταθμού Παραγωγής Ηλεκτρισμού,FiT,Λάρνακα,Αραδίππου
ΦΥΣΙΚΟ ΠΡΟΣΩΠΟ,Ε001133/2014,07/08/2014,06/08/2044,50,-,-,ΑΠΕ,Φωτοβολταϊκό Σύστημα,,Λειτουργίας Σταθμού Παραγωγής Ηλεκτρισμού,FiT,Πάφος,Πολέμι
A.M. ODYSSEY SOLAR LTD,Ε001132/2014,06/08/2014,05/08/2044,100,-,-,ΑΠΕ,Φωτοβολταϊκό Σύστημα,,Λειτουργίας Σταθμού Παραγωγής Ηλεκτρισμού,FiT,Λευκωσία,Άγιος Γεώργιος Καυκάλλου
ΦΥΣΙΚΟ ΠΡΟΣΩΠΟ,Ε001131/2014,06/08/2014,05/08/2044,75,-,-,ΑΠΕ,Φωτοβολταϊκό Σύστημα,,Λειτουργίας Σταθμού Παραγωγής Ηλεκτρισμού,FiT,Πάφος,Πολέμι
ΦΑΝΟΣ Ν. ΕΠΙΦΑΝΙΟΥ Δ.Σ. ΛΤΔ,Ε001130/2014,06/08/2014,05/08/2044,100,-,-,ΑΠΕ,Φωτοβολταϊκό Σύστημα,,Λειτουργίας Σταθμού Παραγωγής Ηλεκτρισμού,FiT,Λευκωσία,Καϊμακλί
ANIZO ENERGY PARK LTD,Ε001129/2014,01/08/2014,31/07/2044,99.6,-,-,ΑΠΕ,Φωτοβολταϊκό Σύστημα,,Λειτουργίας Σταθμού Παραγωγής Ηλεκτρισμού,FiT,Λάρνακα,Ξυλοφάγου
ΦΥΣΙΚΟ ΠΡΟΣΩΠΟ,Ε001128/2014,01/08/2014,31/07/2044,70,-,-,ΑΠΕ,Φωτοβολταϊκό Σύστημα,,Λειτουργίας Σταθμού Παραγωγής Ηλεκτρισμού,FiT,Λευκωσία,Ακάκι
ΦΥΣΙΚΟ ΠΡΟΣΩΠΟ,Ε001127/2014,01/08/2014,31/07/2044,74.725,-,-,ΑΠΕ,Φωτοβολταϊκό Σύστημα,,Λειτουργίας Σταθμού Παραγωγής Ηλεκτρισμού,FiT,Λευκωσία,Παλιομέτοχο
XYL. SOLAR RENEWABLES B LTD,Ε001126/2014,01/08/2014,31/07/2044,150,-,-,ΑΠΕ,Φωτοβολταϊκό Σύστημα,,Λειτουργίας Σταθμού Παραγωγής Ηλεκτρισμού,FiT,Λάρνακα,Ξυλοφάγου
ΦΥΣΙΚΟ ΠΡΟΣΩΠΟ,Ε001125/2014,29/07/2014,28/07/2044,100,-,-,ΑΠΕ,Φωτοβολταϊκό Σύστημα,,Λειτουργίας Σταθμού Παραγωγής Ηλεκτρισμού,FiT,Λεμεσός,Ακαπνού
D.M.K DEVELOPERS LTD,Ε001124/2014,29/07/2014,28/07/2044,99.94,-,-,ΑΠΕ,Φωτοβολταϊκό Σύστημα,,Λειτουργίας Σταθμού Παραγωγής Ηλεκτρισμού,FiT,Λάρνακα,Μαρώνι
TOKIMI LTD,Ε001123/2014,24/07/2014,23/07/2044,74.96,-,-,ΑΠΕ,Φωτοβολταϊκό Σύστημα,,Λειτουργίας Σταθμού Παραγωγής Ηλεκτρισμού,FiT,Λευκωσία,Παλιομέτοχο
TOKIMI LTD,Ε001122/2014,24/07/2014,23/07/2044,74.82,-,-,ΑΠΕ,Φωτοβολταϊκό Σύστημα,,Λειτουργίας Σταθμού Παραγωγής Ηλεκτρισμού,FiT,Λευκωσία,Παλιομέτοχο
ΦΥΣΙΚΟ ΠΡΟΣΩΠΟ,Ε001121/2014,21/07/2014,21/07/2044,100,-,-,ΑΠΕ,Φωτοβολταϊκό Σύστημα,,Λειτουργίας Σταθμού Παραγωγής Ηλεκτρισμού,FiT,Λάρνακα,Αραδίππου
P.T HADJIGEORGIOU CO LTD,Ε001120/2014,21/07/2014,20/07/2026,108,-,-,Συμβατικά Καύσιμα,ΜΕΚ,Ντίζελ,Κατασκευής - Λειτουργίας,,Λεμεσός,Μοναγρούλλι
STELIOS S. STYLIANOU REEFER CONTAINER SERVICES LTD,Ε001119/2014,21/07/2014,20/07/2026,148,-,-,Συμβατικά Καύσιμα,ΜΕΚ,Ντίζελ,Κατασκευής - Λειτουργίας,Αυτοπαραγωγή,Λεμεσός,Νέο Λιμάνι Λεμεσού
WATERWORLD HOLDINGS LTD ,Ε001118/2014,21/07/2014,20/07/2026,364,-,-,Συμβατικά Καύσιμα,ΜΕΚ,Ντίζελ,Κατασκευής - Λειτουργίας,,Αμμόχωστος,Αγία Νάπα
ΤΜΗΜΑ ΚΤΗΜΑΤΟΛΟΓΙΟΥ ΚΑΙ ΧΩΡΟΜΕΤΡΙΑΣ,Ε001117/2014,21/07/2014,20/07/2026,128,-,-,Συμβατικά Καύσιμα,ΜΕΚ,Ντίζελ,Κατασκευής - Λειτουργίας,,Λευκωσία,Λευκωσία
ΤΜΗΜΑ ΚΤΗΜΑΤΟΛΟΓΙΟΥ ΚΑΙ ΧΩΡΟΜΕΤΡΙΑΣ,Ε001116/2014,21/07/2014,20/07/2026,128,-,-,Συμβατικά Καύσιμα,ΜΕΚ,Ντίζελ,Κατασκευής - Λειτουργίας,,Λευκωσία,Λευκωσία
ΝΟΜΙΚΗ ΥΠΗΡΕΣΙΑ /ΜΟΝΑΔΑ ΚΑΤΑΠΟΛΕΜΗΣΗΣ ΑΔΙΚΗΜΑΤΩΝ ΣΥΓΚΑΛΗΨΗΣ,Ε001115/2014,21/07/2014,20/07/2026,128,-,-,Συμβατικά Καύσιμα,ΜΕΚ,Ντίζελ,Κατασκευής - Λειτουργίας,,Λευκωσία,Στρόβολος
ΧΑΡΑΛΑΜΠΟΣ ΧΡΙΣΤΟΔΟΥΛΟΥ &AMP; ΥΙΟΙ ΛΤΔ,Ε001114/2014,21/07/2014,20/07/2026,21.6,-,-,Συμβατικά Καύσιμα,ΜΕΚ,Ντίζελ,Κατασκευής - Λειτουργίας,,Λεμεσός,Λεμύθου
K.TH.G. ECO –LOGICAL FUELS CO. LTD,Ε001113/2014,21/07/2014,20/07/2026,48,-,-,ΑΠΕ,Βιομάζα,Βιοντίζελ,Κατασκευής - Λειτουργίας,FiT,Πάφος,Βιομηχανική Ζώνη Αγίας Βαρβάρας
Α/ΦΟΙ ΙΑΚΩΒΟΥ ΚΑΤΑΣΚΕΥΕΣ ΛΤΔ,Ε001112/2014,21/07/2014,20/07/2026,400,-,-,Συμβατικά Καύσιμα,ΜΕΚ,Ντίζελ,Κατασκευής - Λειτουργίας,Αυτοπαραγωγή,Κινητή Μονάδα,Κινητή Μονάδα
Α/ΦΟΙ ΙΑΚΩΒΟΥ ΚΑΤΑΣΚΕΥΕΣ ΛΤΔ,Ε001111/2014,21/07/2014,20/07/2026,375,-,-,Συμβατικά Καύσιμα,ΜΕΚ,Ντίζελ,Κατασκευής - Λειτουργίας,Αυτοπαραγωγή,Κινητή Μονάδα,Κινητή Μονάδα
STELIOS CHARIDEMOU LTD,Ε001110/2014,10/07/2014,09/07/2044,99.36,-,-,ΑΠΕ,Φωτοβολταϊκό Σύστημα,,Λειτουργίας Σταθμού Παραγωγής Ηλεκτρισμού,FiT,Λεμεσός,Κελλάκι
G. NICOLAOU (MOSAICS) LTD,Ε001109/2014,10/07/2014,09/07/2044,63.84,-,-,ΑΠΕ,Φωτοβολταϊκό Σύστημα,,Λειτουργίας Σταθμού Παραγωγής Ηλεκτρισμού,FiT,Λευκωσία,Εργάτες
P.P ENERGIA LTD,Ε001106/2014,02/07/2014,01/07/2044,50,-,-,ΑΠΕ,Φωτοβολταϊκό Σύστημα,,Λειτουργίας Σταθμού Παραγωγής Ηλεκτρισμού,FiT,Λάρνακα,Δρομολαξιά
INVAR ENERGY INVESTMENT LTD ,Ε001105/2014,24/06/2014,23/06/2044,60,-,-,ΑΠΕ,Φωτοβολταϊκό Σύστημα,,Λειτουργίας Σταθμού Παραγωγής Ηλεκτρισμού,FiT,Λάρνακα,Αραδίππου
ΜΑΓΙΡΑ ΦΩΤΟΒΟΛΤΑΙΚΑ ΛΤΔ ,Ε001104/2014,24/06/2014,23/06/2044,150,-,-,ΑΠΕ,Φωτοβολταϊκό Σύστημα,,Λειτουργίας Σταθμού Παραγωγής Ηλεκτρισμού,FiT,Πάφος,Τσάδα
MERIDIAN HOTELS LTD,Ε001103/2014,10/06/2014,09/06/2026,280,-,-,Συμβατικά Καύσιμα,ΜΕΚ,Ντίζελ,Κατασκευής - Λειτουργίας,,Αμμόχωστος,Αγία Νάπα
ΑΡΧΗ ΛΙΜΕΝΩΝ ΚΥΠΡΟΥ,Ε001102/2014,10/06/2014,09/06/2026,48,-,-,Συμβατικά Καύσιμα,ΜΕΚ,Ντίζελ,Κατασκευής - Λειτουργίας,,Λάρνακα,Λιμάνι
ΑΡΧΗ ΛΙΜΕΝΩΝ ΚΥΠΡΟΥ,Ε001101/2014,10/06/2014,09/06/2026,740,-,-,Συμβατικά Καύσιμα,ΜΕΚ,Ντίζελ,Κατασκευής - Λειτουργίας,Εφεδρεία,Λεμεσός,Λιμάνι
PHARMA EXPRESS LTD,Ε001096/2014,10/06/2014,09/06/2026,64,-,-,Συμβατικά Καύσιμα,ΜΕΚ,Ντίζελ,Κατασκευής - Λειτουργίας,,Λευκωσία,Γέρι
VARLITIS &AMP; PAPANTONIOU HOTELS LTD,Ε001095/2014,10/06/2014,09/06/2026,108,-,-,Συμβατικά Καύσιμα,ΜΕΚ,Ντίζελ,Κατασκευής - Λειτουργίας,,Αμμόχωστος,Αγία Νάπα
BLUE ISLAND PLC,Ε001094/2014,10/06/2014,09/06/2026,320,-,-,Συμβατικά Καύσιμα,ΜΕΚ,Ντίζελ,Κατασκευής - Λειτουργίας,,Λευκωσία,Στρόβολος
MGIM FRANCHISING LTD,Ε001093/2014,10/06/2014,09/06/2026,208,-,-,Συμβατικά Καύσιμα,ΜΕΚ,Ντίζελ,Κατασκευής - Λειτουργίας,,Λάρνακα,Πύλα
ENGINO NET LTD,Ε001092/2014,10/06/2014,09/06/2026,120,-,-,Συμβατικά Καύσιμα,ΜΕΚ,Ντίζελ,Κατασκευής - Λειτουργίας,Αυτοπαραγωγή,Λεμεσός,Ύψωνας
MARLOW NAVIGATION,Ε001091/2014,10/06/2014,09/06/2026,640,-,-,Συμβατικά Καύσιμα,ΜΕΚ,Ντίζελ,Κατασκευής - Λειτουργίας,Εφεδρεία,Λεμεσός,Λεμεσός
THE GOLDEN COAST BEACH HOTEL,Ε001090/2014,10/06/2014,09/06/2026,603,-,-,Συμβατικά Καύσιμα,ΜΕΚ,Ντίζελ,Κατασκευής - Λειτουργίας,Εφεδρεία,Λάρνακα,Πύλα
ΦΥΣΙΚΟ ΠΡΟΣΩΠΟ,Ε001089/2014,10/06/2014,09/06/2026,40.2,-,-,Συμβατικά Καύσιμα,ΜΕΚ,Ντίζελ,Κατασκευής - Λειτουργίας,,Λάρνακα,Λάρνακα
LEFKARITIS INDUSTRIES LTD,Ε001088/2014,10/06/2014,09/06/2026,32,-,-,Συμβατικά Καύσιμα,ΜΕΚ,Ντίζελ,Κατασκευής - Λειτουργίας,,Κινητή Μονάδα,Κινητή Μονάδα
ΑΡΧΗ ΗΛΕΚΤΡΙΣΜΟΥ ΚΥΠΡΟΥ,Ε001087/2014,23/05/2014,22/05/2044,3000,-,-,ΑΠΕ,Φωτοβολταϊκό Σύστημα,,Λειτουργίας Σταθμού Παραγωγής Ηλεκτρισμού,Μειοδοτικός Διαγωνισμός,Λευκωσία,Τσέρι
5 OCEANS FOOD LTD,Ε001080/2014,16/04/2014,15/04/2044,99.84,-,-,ΑΠΕ,Φωτοβολταϊκό Σύστημα,,Λειτουργίας Σταθμού Παραγωγής Ηλεκτρισμού,FiT,Λεμεσός,Ύψωνας
M.P. AYIA MARINA SOLAR LTD,Ε001079/2014,07/04/2014,06/04/2044,1500,-,-,ΑΠΕ,Φωτοβολταϊκό Σύστημα,,Λειτουργίας Σταθμού Παραγωγής Ηλεκτρισμού,Μειοδοτικός Διαγωνισμός,Αμμόχωστος,Αυγόρου
LLETIS &AMP; SON LTD,Ε001078/2014,04/04/2014,03/04/2044,99.84,-,-,ΑΠΕ,Φωτοβολταϊκό Σύστημα,,Λειτουργίας Σταθμού Παραγωγής Ηλεκτρισμού,FiT,Λάρνακα,Αγγλισίδες
APV SUNLIGHT SYSTEMS LTD,Ε001055/2014,21/03/2014,20/03/2044,1500,-,-,ΑΠΕ,Φωτοβολταϊκό Σύστημα,,Λειτουργίας Σταθμού Παραγωγής Ηλεκτρισμού,Μειοδοτικός Διαγωνισμός,Λάρνακα,Σκαρίνου
L.IOANNOU R.Z. PIERIS LTD /LIMANAKI BEACH HOTEL,Ε001054/2014,28/02/2014,27/02/2026,120,-,-,Συμβατικά Καύσιμα,ΜΕΚ,Ντίζελ,Κατασκευής - Λειτουργίας,,Αμμόχωστος,Αγία Νάπα
PETROLINA HOLDINGS PUBLIC LTD,Ε001053/2014,28/02/2014,27/02/2026,52,-,-,Συμβατικά Καύσιμα,ΜΕΚ,Ντίζελ,Κατασκευής - Λειτουργίας,,Λάρνακα,Λάρνακα
PHOTOS PHOTIADES BREWERIES LTD,Ε001038/2014,28/02/2014,27/02/2026,840,-,-,Συμβατικά Καύσιμα,ΜΕΚ,Ντίζελ,Κατασκευής - Λειτουργίας,Εφεδρεία,Λευκωσία,Δάλι
KAPETANIOS ODYSSIA HOTEL ,Ε001037/2014,28/02/2014,27/02/2026,160,-,-,Συμβατικά Καύσιμα,ΜΕΚ,Ντίζελ,Κατασκευής - Λειτουργίας,,Λεμεσός,Λεμεσός
Ι. Γ. ΚΑΣΟΥΛΙΔΗΣ &AMP; ΥΙΟΙ ΛΤΔ,Ε001036/2014,28/02/2014,27/02/2026,504,-,-,Συμβατικά Καύσιμα,ΜΕΚ,Ντίζελ,Κατασκευής - Λειτουργίας,Εφεδρεία,Λευκωσία,Παλλουριώτισσα
GTK GENERATORS LTD,Ε001035/2014,28/02/2014,27/02/2026,26,-,-,Συμβατικά Καύσιμα,ΜΕΚ,Ντίζελ,Κατασκευής - Λειτουργίας,,Κινητή Μονάδα,Κινητή Μονάδα
ΙΕΡΑ ΜΟΝΗ ΚΥΚΚΟΥ,Ε001034/2014,28/02/2014,27/02/2026,400,-,-,Συμβατικά Καύσιμα,ΜΕΚ,Ντίζελ,Κατασκευής - Λειτουργίας,Εφεδρεία,Λευκωσία,Μετόχι Κύκκου
ΑΝΟΙΚΤΟ ΠΑΝΕΠΙΣΤΗΜΙΟ ΚΥΠΡΟΥ,Ε001033/2014,28/02/2014,27/02/2026,160,-,-,Συμβατικά Καύσιμα,ΜΕΚ,Ντίζελ,Κατασκευής - Λειτουργίας,,Λευκωσία,Λατσιά
VIVARTIA CYPRUS LTD,Ε001032/2014,28/02/2014,27/02/2026,440,-,-,Συμβατικά Καύσιμα,ΜΕΚ,Ντίζελ,Κατασκευής - Λειτουργίας,Εφεδρεία,Λευκωσία,Νήσου
NISSI PARK HOTEL,Ε001030/2014,28/02/2014,27/02/2026,132,-,-,Συμβατικά Καύσιμα,ΜΕΚ,Ντίζελ,Κατασκευής - Λειτουργίας,,Αμμόχωστος,Αγία Νάπα
BP EASTERN MEDITERRANEAN LTD,Ε001029/2014,28/02/2014,27/02/2026,106,-,-,Συμβατικά Καύσιμα,ΜΕΚ,Ντίζελ,Κατασκευής - Λειτουργίας,,Λάρνακα,Αεροδρόμιο Λάρνακας
BP EASTERN MEDITERRANEAN LTD,Ε001028/2014,28/02/2014,27/02/2026,53,-,-,Συμβατικά Καύσιμα,ΜΕΚ,Ντίζελ,Κατασκευής - Λειτουργίας,,Πάφος,Αεροδρόμιο Πάφου
COLUMBIA HOTELS &AMP; RESORTS LTD,Ε001027/2014,28/02/2014,27/02/2026,400,-,-,Συμβατικά Καύσιμα,ΜΕΚ,Ντίζελ,Κατασκευής - Λειτουργίας,Εφεδρεία,Λεμεσός,Πισσούρι
THARISA ADMINISTRATION SERVICES LTD,Ε001026/2014,28/02/2014,27/02/2026,204,-,-,Συμβατικά Καύσιμα,ΜΕΚ,Ντίζελ,Κατασκευής - Λειτουργίας,,Πάφος,Πάφος
ΠΑΝΕΠΙΣΤΗΜΙΟ ΚΥΠΡΟΥ,Ε001025/2014,28/02/2014,27/02/2026,88,-,-,Συμβατικά Καύσιμα,ΜΕΚ,Ντίζελ,Κατασκευής - Λειτουργίας,,Λευκωσία,Αγλαντζιά
ΠΑΝΕΠΙΣΤΗΜΙΟ ΚΥΠΡΟΥ,Ε001024/2014,28/02/2014,27/02/2026,400,-,-,Συμβατικά Καύσιμα,ΜΕΚ,Ντίζελ,Λειτουργίας Σταθμού Παραγωγής Ηλεκτρισμού,Εφεδρεία,Λευκωσία,Αγλαντζιά
ΠΑΝΕΠΙΣΤΗΜΙΟ ΚΥΠΡΟΥ,Ε001022/2014,28/02/2014,27/02/2026,360,-,-,Συμβατικά Καύσιμα,ΜΕΚ,Ντίζελ,Κατασκευής - Λειτουργίας,,Λευκωσία,Αγλαντζιά
ΠΑΝΕΠΙΣΤΗΜΙΟ ΚΥΠΡΟΥ,Ε001021/2014,28/02/2014,27/02/2026,320,-,-,Συμβατικά Καύσιμα,ΜΕΚ,Ντίζελ,Λειτουργίας Σταθμού Παραγωγής Ηλεκτρισμού,,Λευκωσία,Αγλαντζιά
ΠΑΝΕΠΙΣΤΗΜΙΟ ΚΥΠΡΟΥ,Ε001019/2014,28/02/2014,27/02/2026,240,-,-,Συμβατικά Καύσιμα,ΜΕΚ,Ντίζελ,Κατασκευής - Λειτουργίας,,Λευκωσία,Λατσιά
ΠΑΝΕΠΙΣΤΗΜΙΟ ΚΥΠΡΟΥ,Ε001018/2014,28/02/2014,27/02/2026,240,-,-,Συμβατικά Καύσιμα,ΜΕΚ,Ντίζελ,Κατασκευής - Λειτουργίας,,Λευκωσία,Αγλαντζιά
ΠΑΝΕΠΙΣΤΗΜΙΟ ΚΥΠΡΟΥ,Ε001017/2014,28/02/2014,27/02/2026,240,-,-,Συμβατικά Καύσιμα,ΜΕΚ,Ντίζελ,Κατασκευής - Λειτουργίας,,Λευκωσία,Αγλαντζιά
ΠΑΝΕΠΙΣΤΗΜΙΟ ΚΥΠΡΟΥ,Ε001016/2014,28/02/2014,27/02/2026,80,-,-,Συμβατικά Καύσιμα,ΜΕΚ,Ντίζελ,Κατασκευής - Λειτουργίας,,Λευκωσία,Αγλαντζιά
ΠΑΝΕΠΙΣΤΗΜΙΟ ΚΥΠΡΟΥ,Ε001015/2014,28/02/2014,27/02/2026,80,-,-,Συμβατικά Καύσιμα,ΜΕΚ,Ντίζελ,Κατασκευής - Λειτουργίας,,Λευκωσία,Αγλαντζιά
PHOTOS PHOTIADES BREWERIES LTD,Ε001012/2013,13/12/2013,12/12/2043,91.2,-,-,ΑΠΕ,Φωτοβολταϊκό Σύστημα,,Λειτουργίας Σταθμού Παραγωγής Ηλεκτρισμού,FiT,Λευκωσία,Δάλι
G &AMP; N ZAMBAKIDES CO. LTD,Ε000911/2013,15/11/2013,14/11/2043,120.96,-,-,ΑΠΕ,Φωτοβολταϊκό Σύστημα,,Λειτουργίας Σταθμού Παραγωγής Ηλεκτρισμού,FiT,Λευκωσία,Λουρουτζίνα
T.P.S. ENERGY SOLUTIONS LTD,Ε000838/2013,01/11/2013,31/10/2043,99.36,-,-,ΑΠΕ,Φωτοβολταϊκό Σύστημα,,Λειτουργίας Σταθμού Παραγωγής Ηλεκτρισμού,FiT,Πάφος,Αρόδες
M.A ECOPARK LTD,Ε000837/2013,01/11/2013,31/10/2043,149.96,-,-,ΑΠΕ,Φωτοβολταϊκό Σύστημα,,Λειτουργίας Σταθμού Παραγωγής Ηλεκτρισμού,FiT,Λάρνακα,Τόχνη
G.S. NEOCLEOUS ENERGY LTD,Ε000758/2013,12/08/2013,11/03/2043,94.5,-,-,ΑΠΕ,Φωτοβολταϊκό Σύστημα,,Λειτουργίας Σταθμού Παραγωγής Ηλεκτρισμού,FiT,Λευκωσία,Αγλαντζιά
Ν.KARAMANOU POWER LTD,Ε000757/2013,31/07/2013,30/07/2043,149.94,-,-,ΑΠΕ,Φωτοβολταϊκό Σύστημα,,Λειτουργίας Σταθμού Παραγωγής Ηλεκτρισμού,FiT,Πάφος,Κοίλη
AKANTHOS FOTOVOLTAIKO PARKO LTD,Ε000756/2013,31/07/2013,30/07/2043,149.96,-,-,ΑΠΕ,Φωτοβολταϊκό Σύστημα,,Λειτουργίας Σταθμού Παραγωγής Ηλεκτρισμού,FiT,Λεμεσός,Βάσα Κοιλανίου
ΒACALEXO LTD,Ε000755/2013,23/07/2013,22/07/2043,150,-,-,ΑΠΕ,Φωτοβολταϊκό Σύστημα,,Λειτουργίας Σταθμού Παραγωγής Ηλεκτρισμού,FiT,Πάφος,Άγιος Δημητριανός
S.F.E. SUN 4 ENERGY CO. LTD,Ε000754/2013,12/07/2013,11/07/2043,150,-,-,ΑΠΕ,Φωτοβολταϊκό Σύστημα,,Λειτουργίας Σταθμού Παραγωγής Ηλεκτρισμού,FiT,Πάφος,Κισσόνεργα
MELLOPOS LTD,Ε000752/2013,17/06/2013,16/06/2043,100,-,-,ΑΠΕ,Φωτοβολταϊκό Σύστημα,,Λειτουργίας Σταθμού Παραγωγής Ηλεκτρισμού,FiT,Αμμόχωστος,Περβόλες – Αυγόρου
P.S.C POWER SUPPLIES LTD,Ε000751/2013,17/06/2013,16/06/2043,100,-,-,ΑΠΕ,Φωτοβολταϊκό Σύστημα,,Λειτουργίας Σταθμού Παραγωγής Ηλεκτρισμού,FiT,Αμμόχωστος,Αυγόρου
VAPOROS HOLDINGS LTD,Ε000750/2013,17/06/2013,16/06/2043,90.72,-,-,ΑΠΕ,Φωτοβολταϊκό Σύστημα,,Λειτουργίας Σταθμού Παραγωγής Ηλεκτρισμού,FiT,Πάφος,Κούρδακα
ΠΑΝΑΓΙΩΤΗΣ ΠΟΥΜΠΟΥΡΗΣ ΕΠΕΝΔΥΣΕΙΣ ΛΤΔ ,Ε000749/2013,07/06/2013,06/06/2043,100,-,-,ΑΠΕ,Φωτοβολταϊκό Σύστημα,,Λειτουργίας Σταθμού Παραγωγής Ηλεκτρισμού,FiT,Πάφος,Αναρίτα
G.A.P TRADING &AMP; SERVICES LTD,Ε000748/2013,07/06/2013,06/06/2043,150,-,-,ΑΠΕ,Φωτοβολταϊκό Σύστημα,,Λειτουργίας Σταθμού Παραγωγής Ηλεκτρισμού,FiT,Λευκωσία,Παλιομέτοχο
NT SOLAR ENERGY PARK LTD,Ε000747/2013,27/05/2013,26/05/2043,150,-,-,ΑΠΕ,Φωτοβολταϊκό Σύστημα,,Λειτουργίας Σταθμού Παραγωγής Ηλεκτρισμού,FiT,Λεμεσός,Γεράσα
R.T.C RELIABLE HOMES,Ε000746/2013,22/05/2013,21/05/2043,150,-,-,ΑΠΕ,Φωτοβολταϊκό Σύστημα,,Λειτουργίας Σταθμού Παραγωγής Ηλεκτρισμού,FiT,Λεμεσός,Πάχνα
RINTORI HOLDING LTD,Ε000745/2013,22/05/2013,21/05/2043,150,-,-,ΑΠΕ,Φωτοβολταϊκό Σύστημα,,Λειτουργίας Σταθμού Παραγωγής Ηλεκτρισμού,FiT,Πάφος,Άγιος Δημητριανός
SPATOULAMENTO TRADING LTD,Ε000744/2013,22/05/2013,21/05/2043,98.28,-,-,ΑΠΕ,Φωτοβολταϊκό Σύστημα,,Λειτουργίας Σταθμού Παραγωγής Ηλεκτρισμού,FiT,Λάρνακα,Αθηένου
ΦΥΣΙΚΟ ΠΡΟΣΩΠΟ,Ε000743/2013,10/05/2013,09/02/2043,150,-,-,ΑΠΕ,Φωτοβολταϊκό Σύστημα,,Λειτουργίας Σταθμού Παραγωγής Ηλεκτρισμού,FiT,Πάφος,Τσάδα
KOMANT ENTERPRISES LTD,Ε000742/2013,19/04/2013,18/04/2043,149.94,-,-,ΑΠΕ,Φωτοβολταϊκό Σύστημα,,Λειτουργίας Σταθμού Παραγωγής Ηλεκτρισμού,FiT,Πάφος,Πέγεια
BALELA LTD,Ε000741/2013,04/04/2013,03/04/2043,150,-,-,ΑΠΕ,Φωτοβολταϊκό Σύστημα,,Λειτουργίας Σταθμού Παραγωγής Ηλεκτρισμού,FiT,Λάρνακα,Σκαρίνου
ABLESENTA TRADING LTD,Ε000740/2013,04/04/2013,03/04/2043,99.96,-,-,ΑΠΕ,Φωτοβολταϊκό Σύστημα,,Λειτουργίας Σταθμού Παραγωγής Ηλεκτρισμού,FiT,Λευκωσία,Περιστερώνα
PLIKTRIA ENTERPRISES LTD,Ε000739/2013,04/04/2013,03/04/2043,99.36,-,-,ΑΠΕ,Φωτοβολταϊκό Σύστημα,,Λειτουργίας Σταθμού Παραγωγής Ηλεκτρισμού,FiT,Λάρνακα,Αθηένου
VRENTIKOTO TRADING LTD,Ε000738/2013,04/04/2013,03/04/2043,99.36,-,-,ΑΠΕ,Φωτοβολταϊκό Σύστημα,,Λειτουργίας Σταθμού Παραγωγής Ηλεκτρισμού,FiT,Λάρνακα,Αθηένου
A.P.I ENERGY SOLUTIONS LTD,Ε000737/2013,26/03/2013,25/03/2043,99.9,-,-,ΑΠΕ,Φωτοβολταϊκό Σύστημα,,Λειτουργίας Σταθμού Παραγωγής Ηλεκτρισμού,FiT,Λευκωσία,Πέρα Χωρίο Νήσου
MV ISLAND PHOTOVOLTAIC LTD,Ε000736/2013,26/03/2013,25/03/2043,150,-,-,ΑΠΕ,Φωτοβολταϊκό Σύστημα,,Λειτουργίας Σταθμού Παραγωγής Ηλεκτρισμού,FiT,Πάφος,Σταυροκόννι
STORMITARIA TRADING LTD,Ε000735/2013,26/03/2013,25/03/2043,99.96,-,-,ΑΠΕ,Φωτοβολταϊκό Σύστημα,,Λειτουργίας Σταθμού Παραγωγής Ηλεκτρισμού,FiT,Λευκωσία,Περιστερώνα
LISPA CO. LTD,Ε000734/2013,26/03/2013,25/03/2043,150,-,-,ΑΠΕ,Φωτοβολταϊκό Σύστημα,,Λειτουργίας Σταθμού Παραγωγής Ηλεκτρισμού,FiT,Λάρνακα,Μαζωτός
SKETIBO TRADING LTD,Ε000733/2013,26/03/2013,25/03/2043,99.84,-,-,ΑΠΕ,Φωτοβολταϊκό Σύστημα,,Λειτουργίας Σταθμού Παραγωγής Ηλεκτρισμού,FiT,Λάρνακα,Αθηένου
PS SOLAR LTD,Ε000732/2013,26/03/2013,25/03/2043,99.96,-,-,ΑΠΕ,Φωτοβολταϊκό Σύστημα,,Λειτουργίας Σταθμού Παραγωγής Ηλεκτρισμού,FiT,Λευκωσία,Αναλιόντας
STERIFOTO ENTERPRISES LTD,Ε000731/2013,26/03/2013,25/03/2043,99.84,-,-,ΑΠΕ,Φωτοβολταϊκό Σύστημα,,Λειτουργίας Σταθμού Παραγωγής Ηλεκτρισμού,FiT,Λάρνακα,Αθηένου
CHR.ENERGY LTD,Ε000730/2013,26/03/2013,25/03/2043,149.82,-,-,ΑΠΕ,Φωτοβολταϊκό Σύστημα,,Λειτουργίας Σταθμού Παραγωγής Ηλεκτρισμού,FiT,Λεμεσός,Αυδήμου
CYPRA LTD,Ε000729/2013,21/03/2013,20/03/2038,600,-,-,ΑΠΕ,Βιοαέριο,Βιοαέριο,Λειτουργίας Σταθμού Παραγωγής Ηλεκτρισμού,FiT,Λευκωσία,Άγιοι Ηλιόφωτοι
COMFORT WINDOW PLUS LTD,Ε000725/2013,13/03/2013,12/03/2043,91.8,-,-,ΑΠΕ,Φωτοβολταϊκό Σύστημα,,Λειτουργίας Σταθμού Παραγωγής Ηλεκτρισμού,FiT,Λεμεσός,Βιομηχανική Περιοχή Ύψωνα
CENTRAL BANK OF CYPRUS,Ε000724/2013,13/03/2013,12/03/2043,39.84,-,-,ΑΠΕ,Φωτοβολταϊκό Σύστημα,,Λειτουργίας Σταθμού Παραγωγής Ηλεκτρισμού,FiT,Λευκωσία,Στρόβολος
CGE ORANGE ESTATES LTD,Ε000723/2013,13/03/2013,12/03/2043,150,-,-,ΑΠΕ,Φωτοβολταϊκό Σύστημα,,Λειτουργίας Σταθμού Παραγωγής Ηλεκτρισμού,FiT,Πάφος,Καλλέπεια
M.C.N. ENERGY FIELDS LTD,Ε000722/2013,04/03/2013,03/03/2043,149.94,-,-,ΑΠΕ,Φωτοβολταϊκό Σύστημα,,Λειτουργίας Σταθμού Παραγωγής Ηλεκτρισμού,FiT,Λεμεσός,Αψιού
DIONYSIOS SOLAR LTD,Ε000721/2013,04/03/2013,03/03/2043,149.94,-,-,ΑΠΕ,Φωτοβολταϊκό Σύστημα,,Λειτουργίας Σταθμού Παραγωγής Ηλεκτρισμού,FiT,Λεμεσός,Αψιού
STEINADLER SOLAR LTD,Ε000720/2013,04/03/2013,03/03/2043,149.91,-,-,ΑΠΕ,Φωτοβολταϊκό Σύστημα,,Λειτουργίας Σταθμού Παραγωγής Ηλεκτρισμού,FiT,Λεμεσός,Πάχνα
RG ENERGY LTD,Ε000719/2013,04/03/2013,03/03/2043,149.94,-,-,ΑΠΕ,Φωτοβολταϊκό Σύστημα,,Λειτουργίας Σταθμού Παραγωγής Ηλεκτρισμού,FiT,Λευκωσία,Αναλιόντας
E &AMP; C EVAGOROU LTD,Ε000718/2013,12/02/2013,11/02/2043,129.92,-,-,ΑΠΕ,Φωτοβολταϊκό Σύστημα,,Λειτουργίας Σταθμού Παραγωγής Ηλεκτρισμού,FiT,Λευκωσία,Ακάκι
ALEXANDRAKIS &AMP; MENELAOY ENERGY LTD,Ε000717/2013,12/02/2013,11/02/2043,99.64,-,-,ΑΠΕ,Φωτοβολταϊκό Σύστημα,,Λειτουργίας Σταθμού Παραγωγής Ηλεκτρισμού,FiT,Λάρνακα,Άγιος Θεόδωρος
SSH NORTHEN SUN LTD,Ε000716/2013,12/02/2013,11/02/2043,150,-,-,ΑΠΕ,Φωτοβολταϊκό Σύστημα,,Λειτουργίας Σταθμού Παραγωγής Ηλεκτρισμού,FiT,Λεμεσός,Παρεκκλησιά
N. KOURKOUTIS ENERGY LTD,Ε000715/2013,12/02/2013,11/02/2043,150,-,-,ΑΠΕ,Φωτοβολταϊκό Σύστημα,,Λειτουργίας Σταθμού Παραγωγής Ηλεκτρισμού,FiT,Λεμεσός,Πύργος
P. SOLMARE LTD,Ε000714/2013,12/02/2013,11/02/2043,149.91,-,-,ΑΠΕ,Φωτοβολταϊκό Σύστημα,,Λειτουργίας Σταθμού Παραγωγής Ηλεκτρισμού,FiT,Λεμεσός,Πισσούρι
MEDOCHEMIE LTD,Ε000713/2013,12/02/2013,11/02/2043,149.76,-,-,ΑΠΕ,Φωτοβολταϊκό Σύστημα,,Λειτουργίας Σταθμού Παραγωγής Ηλεκτρισμού,FiT,Λεμεσός,Άγιος Αθανάσιος
ARTEMIS SOLAR LTD,Ε000712/2013,22/01/2013,21/01/2043,149.94,-,-,ΑΠΕ,Φωτοβολταϊκό Σύστημα,,Λειτουργίας Σταθμού Παραγωγής Ηλεκτρισμού,FiT,Λεμεσός,Κελλάκι
L. NEMITSAS LTD,Ε000711/2013,22/01/2013,21/01/2043,144.92,-,-,ΑΠΕ,Φωτοβολταϊκό Σύστημα,,Λειτουργίας Σταθμού Παραγωγής Ηλεκτρισμού,FiT,Λεμεσός,Βιομηχανική Περιοχή Ύψωνα
MERBAL HOLDINGS LTD,Ε000710/2013,15/01/2013,14/01/2043,99.96,-,-,ΑΠΕ,Φωτοβολταϊκό Σύστημα,,Λειτουργίας Σταθμού Παραγωγής Ηλεκτρισμού,FiT,Πάφος,Πενταλιά
LK ENERGY LTD,Ε000709/2013,15/01/2013,14/01/2043,99.96,-,-,ΑΠΕ,Φωτοβολταϊκό Σύστημα,,Λειτουργίας Σταθμού Παραγωγής Ηλεκτρισμού,FiT,Πάφος,Πενταλιά
SOL INVICTUS POWER LTD,Ε000708/2013,15/01/2013,14/01/2043,150,-,-,ΑΠΕ,Φωτοβολταϊκό Σύστημα,,Λειτουργίας Σταθμού Παραγωγής Ηλεκτρισμού,FiT,Λάρνακα,Ψεματισμένος
ΔΙΛΟΦΟΣ ΣΤΕΓΑΣΤΙΚΗ ΛΤΔ,Ε000707/2013,15/01/2013,14/01/2043,150,-,-,ΑΠΕ,Φωτοβολταϊκό Σύστημα,,Λειτουργίας Σταθμού Παραγωγής Ηλεκτρισμού,FiT,Λευκωσία,Ποτάμι
EISTOP LTD,Ε000706/2013,15/01/2013,14/01/2043,149.9,-,-,ΑΠΕ,Φωτοβολταϊκό Σύστημα,,Λειτουργίας Σταθμού Παραγωγής Ηλεκτρισμού,FiT,Πάφος,Μελάδεια
SOTSOLAR LTD,Ε000704/2012,21/12/2012,20/12/2042,149.76,-,-,ΑΠΕ,Φωτοβολταϊκό Σύστημα,,Λειτουργίας Σταθμού Παραγωγής Ηλεκτρισμού,FiT,Λευκωσία,Καψαλιά Κοκκινοτριμιθιάς
MEGALEAGUE LTD,Ε000703/2012,21/12/2012,20/12/2042,99.36,-,-,ΑΠΕ,Φωτοβολταϊκό Σύστημα,,Λειτουργίας Σταθμού Παραγωγής Ηλεκτρισμού,FiT,Λάρνακα,Αραδίππου
N. ZAVRIDES LTD,Ε000702/2012,21/12/2012,20/12/2042,150,-,-,ΑΠΕ,Φωτοβολταϊκό Σύστημα,,Λειτουργίας Σταθμού Παραγωγής Ηλεκτρισμού,FiT,Πάφος,Τίμη
IONISOS RES LTD,Ε000683/2012,03/12/2012,02/12/2042,150,-,-,ΑΠΕ,Φωτοβολταϊκό Σύστημα,,Λειτουργίας Σταθμού Παραγωγής Ηλεκτρισμού,FiT,Πάφος,Μαντρίν Πενταλιάς
NIPORMA ENTERPRISES LTD,Ε000682/2012,03/12/2012,02/12/2042,150,-,-,ΑΠΕ,Φωτοβολταϊκό Σύστημα,,Λειτουργίας Σταθμού Παραγωγής Ηλεκτρισμού,FiT,Λάρνακα,Μαζωτός
P.K. EAST WEST HOUSE LTD,Ε000681/2012,03/12/2012,02/12/2042,143.22,-,-,ΑΠΕ,Φωτοβολταϊκό Σύστημα,,Λειτουργίας Σταθμού Παραγωγής Ηλεκτρισμού,FiT,Λευκωσία,Ακάκι
SOTOS SOLAR SYSTEMS LTD,Ε000680/2012,03/12/2012,02/12/2042,100,-,-,ΑΠΕ,Φωτοβολταϊκό Σύστημα,,Λειτουργίας Σταθμού Παραγωγής Ηλεκτρισμού,FiT,Λευκωσία,Δάλι
PRIMEWORK LTD,Ε000678/2012,15/10/2012,14/10/2042,149.73,-,-,ΑΠΕ,Φωτοβολταϊκό Σύστημα,,Λειτουργίας Σταθμού Παραγωγής Ηλεκτρισμού,FiT,Λεμεσός,Ύψωνας
ALLISON FASHION LTD,Ε000677/2012,15/10/2012,14/10/2042,149.76,-,-,ΑΠΕ,Φωτοβολταϊκό Σύστημα,,Λειτουργίας Σταθμού Παραγωγής Ηλεκτρισμού,FiT,Λεμεσός,Βιομηχανική Περιοχή Ύψωνα
A.K. TEXTILES LAND LTD,Ε000676/2012,15/10/2012,14/10/2042,149.76,-,-,ΑΠΕ,Φωτοβολταϊκό Σύστημα,,Λειτουργίας Σταθμού Παραγωγής Ηλεκτρισμού,FiT,Λεμεσός,Βιομηχανική Περιοχή Ύψωνα
FANOS PV PARK LTD,Ε000675/2012,25/09/2012,24/09/2042,50.4,-,-,ΑΠΕ,Φωτοβολταϊκό Σύστημα,,Λειτουργίας Σταθμού Παραγωγής Ηλεκτρισμού,FiT,Λευκωσία,Εργάτες
FANOS PV PARK LTD,Ε000674/2012,25/09/2012,24/09/2042,99.18,-,-,ΑΠΕ,Φωτοβολταϊκό Σύστημα,,Λειτουργίας Σταθμού Παραγωγής Ηλεκτρισμού,FiT,Λευκωσία,Δευτερά
Ε.Θ. ΚΑΠΝΙΣΗΣ ΦΩΤΟΒΟΛΤΑΙΚΑ ΛΤΔ,Ε000673/2012,25/09/2012,24/09/2042,91.65,-,-,ΑΠΕ,Φωτοβολταϊκό Σύστημα,,Λειτουργίας Σταθμού Παραγωγής Ηλεκτρισμού,FiT,Πάφος,Άγιος Δημητριανός
ΣΤΑΥΡΟΣ ΣΟΦΟΚΛΕΟΥΣ &AMP; ΥΙΟΙ ΚΑΤΑΣΚΕΥΕΣ ΛΤΔ,Ε000672/2012,17/09/2012,16/09/2042,149.93,-,-,ΑΠΕ,Φωτοβολταϊκό Σύστημα,,Λειτουργίας Σταθμού Παραγωγής Ηλεκτρισμού,FiT,Πάφος,Τσάδα
BEFORO MANAGEMENT LTD,Ε000671/2012,17/09/2012,16/09/2042,99.36,-,-,ΑΠΕ,Φωτοβολταϊκό Σύστημα,,Λειτουργίας Σταθμού Παραγωγής Ηλεκτρισμού,FiT,Λευκωσία,Νήσου
CRECELLIA LTD,Ε000670/2012,30/08/2012,29/08/2042,150,-,-,ΑΠΕ,Φωτοβολταϊκό Σύστημα,,Λειτουργίας Σταθμού Παραγωγής Ηλεκτρισμού,FiT,Λευκωσία,Πολιτικό
OLIVETERIO LTD,Ε000662/2012,23/08/2012,22/08/2042,99.36,-,-,ΑΠΕ,Φωτοβολταϊκό Σύστημα,,Λειτουργίας Σταθμού Παραγωγής Ηλεκτρισμού,FiT,Λάρνακα,Αθηένου
ΔΗΜΟΣ &AMP; ΜΑΡΙΑ ΦΩΤΟΒΟΛΤΑΙΚΑ ΛΤΔ,Ε000661/2012,14/08/2012,13/08/2042,149.96,-,-,ΑΠΕ,Φωτοβολταϊκό Σύστημα,,Λειτουργίας Σταθμού Παραγωγής Ηλεκτρισμού,FiT,Λεμεσός,Βουννί
MINSTRIPENTO HOLDINGS LTD,Ε000660/2012,25/07/2012,24/07/2042,99.33,-,-,ΑΠΕ,Φωτοβολταϊκό Σύστημα,,Λειτουργίας Σταθμού Παραγωγής Ηλεκτρισμού,FiT,Λάρνακα,Αθηένου
REMALO TRADING LTD,Ε000659/2012,25/07/2012,24/07/2042,99.36,-,-,ΑΠΕ,Φωτοβολταϊκό Σύστημα,,Λειτουργίας Σταθμού Παραγωγής Ηλεκτρισμού,FiT,Λευκωσία,Ορούντα
URITAMO TRADING LTD,Ε000658/2012,25/07/2012,24/07/2042,99.36,-,-,ΑΠΕ,Φωτοβολταϊκό Σύστημα,,Λειτουργίας Σταθμού Παραγωγής Ηλεκτρισμού,FiT,Λευκωσία,Ορούντα
GENSWALL TRADING LTD,Ε000657/2012,25/07/2012,24/07/2042,150,-,-,ΑΠΕ,Φωτοβολταϊκό Σύστημα,,Λειτουργίας Σταθμού Παραγωγής Ηλεκτρισμού,FiT,Λεμεσός,Φοινικάρα
ΕΤΑΙΡΕΙΑ ΜΩΣΑΙΚΩΝ ΣΤΑΥΡΟΣ ΕΛΛΗΝΑΣ ΛΤΔ,Ε000656/2012,25/07/2012,24/07/2042,149.82,-,-,ΑΠΕ,Φωτοβολταϊκό Σύστημα,,Λειτουργίας Σταθμού Παραγωγής Ηλεκτρισμού,FiT,Λευκωσία,Δάλι
Α.ΚΩΝ. Δ.Α ΕΠΙΧΕΙΡΗΣΕΙΣ ΛΤΔ,Ε000655/2012,25/07/2012,24/07/2042,99.64,-,-,ΑΠΕ,Φωτοβολταϊκό Σύστημα,,Λειτουργίας Σταθμού Παραγωγής Ηλεκτρισμού,FiT,Λευκωσία,Παλιομέτοχο
TIMOCHARIS ANAPTIXIAKI LTD,Ε000654/2012,25/07/2012,24/07/2042,149.96,-,-,ΑΠΕ,Φωτοβολταϊκό Σύστημα,,Λειτουργίας Σταθμού Παραγωγής Ηλεκτρισμού,FiT,Πάφος,Μέσα Χωριό
V.F.ECLIPSE PHOTOVOLTAIC HOUSE LTD,Ε000653/2012,25/07/2012,24/07/2042,149.94,-,-,ΑΠΕ,Φωτοβολταϊκό Σύστημα,,Λειτουργίας Σταθμού Παραγωγής Ηλεκτρισμού,FiT,Λευκωσία,Άγιος Ιωάννης Μαλούντας
DESKTONO TRADING LTD,Ε000652/2012,06/07/2012,05/07/2042,99.33,-,-,ΑΠΕ,Φωτοβολταϊκό Σύστημα,,Λειτουργίας Σταθμού Παραγωγής Ηλεκτρισμού,FiT,Λευκωσία,Ψευδάς
MAMELCO TRADING LTD,Ε000638/2012,18/06/2012,17/06/2042,99.33,-,-,ΑΠΕ,Φωτοβολταϊκό Σύστημα,,Λειτουργίας Σταθμού Παραγωγής Ηλεκτρισμού,FiT,Λάρνακα,Αθηένου
KOUMNOSPRO PROPERTY &AMP; INVESTMENTS LTD,Ε000637/2012,18/06/2012,17/06/2042,99.875,-,-,ΑΠΕ,Φωτοβολταϊκό Σύστημα,,Λειτουργίας Σταθμού Παραγωγής Ηλεκτρισμού,FiT,Λευκωσία,Πέρα Ορεινής
AFXAMADE PARK ENERGY LTD,Ε000636/2012,18/06/2012,17/06/2042,99.36,-,-,ΑΠΕ,Φωτοβολταϊκό Σύστημα,,Λειτουργίας Σταθμού Παραγωγής Ηλεκτρισμού,FiT,Λευκωσία,Παλιομέτοχο
P &AMP; S CARTON INDUSTRIES LTD,Ε000635/2012,30/05/2012,29/05/2042,149.96,-,-,ΑΠΕ,Φωτοβολταϊκό Σύστημα,,Λειτουργίας Σταθμού Παραγωγής Ηλεκτρισμού,FiT,Λεμεσός,Ύψωνας
Α &AMP; Π  ΚΑΣΑΠΗΣ ΕΝΕΡΓΕΙΑΚΗ ΛΤΔ,Ε000634/2012,30/05/2012,29/05/2042,149.96,-,-,ΑΠΕ,Φωτοβολταϊκό Σύστημα,,Λειτουργίας Σταθμού Παραγωγής Ηλεκτρισμού,FiT,Λάρνακα,Σκαρίνου
APV SYSTEMS LTD,Ε000633/2012,30/05/2012,29/05/2042,149.76,-,-,ΑΠΕ,Φωτοβολταϊκό Σύστημα,,Λειτουργίας Σταθμού Παραγωγής Ηλεκτρισμού,FiT,Λευκωσία,Βιομηχανική Περιοχή Κοκκινοτριμιθιάς
TTOOULOS &AMP; ADAMOU INVESTMENTS LTD,Ε000632/2012,30/05/2012,29/05/2042,79.35,-,-,ΑΠΕ,Φωτοβολταϊκό Σύστημα,,Λειτουργίας Σταθμού Παραγωγής Ηλεκτρισμού,FiT,Λάρνακα,Αθηένου
NICOLOTO HOLDING LTD,Ε000631/2012,30/05/2012,29/05/2042,99.64,-,-,ΑΠΕ,Φωτοβολταϊκό Σύστημα,,Λειτουργίας Σταθμού Παραγωγής Ηλεκτρισμού,FiT,Λάρνακα,Αθηένου
P.P.ENERGIA LTD,Ε000620/2012,03/05/2012,02/05/2042,99.84,-,-,ΑΠΕ,Φωτοβολταϊκό Σύστημα,,Λειτουργίας Σταθμού Παραγωγής Ηλεκτρισμού,FiT,Λάρνακα,Δρομολαξιά
FLAGSTAFF TRADING LTD,Ε000619/2012,03/05/2012,02/05/2042,99.69,-,-,ΑΠΕ,Φωτοβολταϊκό Σύστημα,,Λειτουργίας Σταθμού Παραγωγής Ηλεκτρισμού,FiT,Λευκωσία,Στρόβολος
G.M. BIO SUN LTD,Ε000618/2012,03/05/2012,02/05/2042,149.96,-,-,ΑΠΕ,Φωτοβολταϊκό Σύστημα,,Λειτουργίας Σταθμού Παραγωγής Ηλεκτρισμού,FiT,Λεμεσός,Βιομηχανική Περιοχή Λεμεσού
ΣΤΕΦΟΣ ΕΥΡΙΠΙΔΟΥ ΛΤΔ,Ε000617/2012,03/05/2012,02/05/2042,149.96,-,-,ΑΠΕ,Φωτοβολταϊκό Σύστημα,,Λειτουργίας Σταθμού Παραγωγής Ηλεκτρισμού,FiT,Λεμεσός,Βιομηχανική Περιοχή Λεμεσού
POWER OF THE CYPRUS SUN LTD,Ε000616/2012,03/05/2012,02/05/2042,99.84,-,-,ΑΠΕ,Φωτοβολταϊκό Σύστημα,,Λειτουργίας Σταθμού Παραγωγής Ηλεκτρισμού,FiT,Λεμεσός,Πισσούρι
C.A.P. HELIOELECTRIC LTD,Ε000615/2012,03/05/2012,02/05/2042,99.84,-,-,ΑΠΕ,Φωτοβολταϊκό Σύστημα,,Λειτουργίας Σταθμού Παραγωγής Ηλεκτρισμού,FiT,Λάρνακα,Ορά
ΤΟ ΚΟΚΚΙΝΟ ΜΠΑΛΟΝΙ ΛΤΔ,Ε000614/2012,03/05/2012,02/05/2042,149.96,-,-,ΑΠΕ,Φωτοβολταϊκό Σύστημα,,Λειτουργίας Σταθμού Παραγωγής Ηλεκτρισμού,FiT,Λευκωσία,Παλιομέτοχο
CJC DEVELOPING &AMP; CONSTRUCTION LTD,Ε000613/2012,03/05/2012,02/05/2042,149.96,-,-,ΑΠΕ,Φωτοβολταϊκό Σύστημα,,Λειτουργίας Σταθμού Παραγωγής Ηλεκτρισμού,FiT,Πάφος,Τσάδα
ΛΑΜΠΡΟΣ ΦΩΤΟΒΟΛΤΑΙΚΟ ΣΥΣΤΗΜΑ ΠΑΡΚΟ ΛΤΔ,Ε000612/2012,03/05/2012,02/05/2042,149.68,-,-,ΑΠΕ,Φωτοβολταϊκό Σύστημα,,Λειτουργίας Σταθμού Παραγωγής Ηλεκτρισμού,FiT,Λεμεσός,Πάχνα
AF ATHIENOU FARMERS GAS LTD,Ε000571/2011,09/12/2011,08/12/2036,800,-,-,ΑΠΕ,Βιοαέριο,Βιοαέριο,Λειτουργίας Σταθμού Παραγωγής Ηλεκτρισμού,FiT,Λάρνακα,Αθηένου
Α &AMP; Κ ΒΑΣΙΛΕΙΟΥ ΑΚΙΝΗΤΑ ΛΤΔ,Ε000569/2011,09/12/2011,08/12/2041,149.85,-,-,ΑΠΕ,Φωτοβολταϊκό Σύστημα,,Λειτουργίας Σταθμού Παραγωγής Ηλεκτρισμού,FiT,Λευκωσία,Γέρι
PEONIA ENTERPRISES LTD,Ε000568/2011,09/12/2011,08/12/2041,150,-,-,ΑΠΕ,Φωτοβολταϊκό Σύστημα,,Λειτουργίας Σταθμού Παραγωγής Ηλεκτρισμού,FiT,Λεμεσός,Πεντάκωμο – Μεσοβουνιά
CHRISTAKIS N. NEOFYTOU BIOGAS LTD,Ε000562/2011,16/11/2011,15/11/2036,500,-,-,ΑΠΕ,Βιοαέριο,Βιοαέριο,Λειτουργίας Σταθμού Παραγωγής Ηλεκτρισμού,FiT,Λευκωσία,Παλιομέτοχο
ΣΥΜΒΟΥΛΙΟ ΑΠΟΧΕΤΕΥΣΕΩΝ ΠΑΦΟΥ (ΣΑΠΑ),Ε000560/2011,16/11/2011,15/11/2036,100,-,-,ΑΠΕ,Βιοαέριο,Βιοαέριο,Λειτουργίας Σταθμού Παραγωγής Ηλεκτρισμού,FiT,Πάφος,Αχέλεια
ΖOTIADES TRADING &AMP; CONSULTING LTD,Ε000558/2011,03/11/2011,02/11/2041,88.32,-,-,ΑΠΕ,Φωτοβολταϊκό Σύστημα,,Λειτουργίας Σταθμού Παραγωγής Ηλεκτρισμού,FiT,Λευκωσία,Δάλι
DIRECT ELECTRICITY COMPANY (D.E.C) LTD,Ε000557/2011,03/11/2011,02/11/2041,149.96,-,-,ΑΠΕ,Φωτοβολταϊκό Σύστημα,,Λειτουργίας Σταθμού Παραγωγής Ηλεκτρισμού,FiT,Λευκωσία,Ορούντα
SOLARTECK PARK 1 (G.K.) LTD,Ε000556/2011,03/11/2011,02/11/2041,149.96,-,-,ΑΠΕ,Φωτοβολταϊκό Σύστημα,,Λειτουργίας Σταθμού Παραγωγής Ηλεκτρισμού,FiT,Λευκωσία,Ορούντα
SOLARTECK PARK 2 (G.K.) LTD,Ε000555/2011,03/11/2011,02/11/2041,149.96,-,-,ΑΠΕ,Φωτοβολταϊκό Σύστημα,,Λειτουργίας Σταθμού Παραγωγής Ηλεκτρισμού,FiT,Λευκωσία,Ορούντα
PHOTOGREEN ELECTRICITY CO. LTD,Ε000554/2011,03/11/2011,02/11/2041,149.96,-,-,ΑΠΕ,Φωτοβολταϊκό Σύστημα,,Λειτουργίας Σταθμού Παραγωγής Ηλεκτρισμού,FiT,Λευκωσία,Ορούντα
PATROCLOS GEORGHIOU DEVELOPERS LTD,Ε000553/2011,03/11/2011,02/11/2041,54.72,-,-,ΑΠΕ,Φωτοβολταϊκό Σύστημα,,Λειτουργίας Σταθμού Παραγωγής Ηλεκτρισμού,FiT,Λάρνακα,Λάρνακα
ΣΥΜΒΟΥΛΙΟ ΑΠΟΧΕΤΕΥΣΕΩΣ ΛΕΜΕΣΟΥ – ΑΜΑΘΟΥΝΤΑΣ (ΣΑΛΑ),Ε000536/2011,21/07/2011,20/07/2041,43.68,-,-,ΑΠΕ,Φωτοβολταϊκό Σύστημα,,Λειτουργίας Σταθμού Παραγωγής Ηλεκτρισμού,FiT,Λεμεσός,Μονή
ΥΠΟΥΡΓΕΙΟ ΟΙΚΟΝΟΜΙΚΩΝ,Ε000507/2011,05/05/2011,04/05/2041,50,-,-,ΑΠΕ,Φωτοβολταϊκό Σύστημα,,Λειτουργίας Σταθμού Παραγωγής Ηλεκτρισμού,FiT,Λευκωσία,Λευκωσία
ΥΠΟΥΡΓΕΙΟ ΑΜΥΝΑΣ ΣΤΡΑΤΟΠΕΔΟ «Σ. ΚΑΛΜΠΟΥΡΤΖΗ»,Ε000506/2011,05/05/2011,04/05/2041,50,-,-,ΑΠΕ,Φωτοβολταϊκό Σύστημα,,Λειτουργίας Σταθμού Παραγωγής Ηλεκτρισμού,FiT,Λάρνακα,Δελίκηπος
ΥΠΟΥΡΓΕΙΟ ΑΜΥΝΑΣ ΣΤΡΑΤΟΠΕΔΟ «ΚΑΤΕΛΑΡΗ»,Ε000505/2011,05/05/2011,04/05/2041,50,-,-,ΑΠΕ,Φωτοβολταϊκό Σύστημα,,Λειτουργίας Σταθμού Παραγωγής Ηλεκτρισμού,FiT,Λευκωσία,Μαθιάτης
ΥΠΟΥΡΓΕΙΟ ΑΜΥΝΑΣ ΣΤΡΑΤΟΠΕΔΟ «E. ΧΑΤΖΗΔΑΚΗ»,Ε000504/2011,05/05/2011,04/05/2041,25,-,-,ΑΠΕ,Φωτοβολταϊκό Σύστημα,,Λειτουργίας Σταθμού Παραγωγής Ηλεκτρισμού,FiT,Λευκωσία,Αγία Βαρβάρα
ΥΠΟΥΡΓΕΙΟ ΑΜΥΝΑΣ ΣΤΡΑΤΟΠΕΔΟ «ΤΑΣΟΣ ΜΑΡΚΟΥ»,Ε000503/2011,05/05/2011,04/05/2041,40,-,-,ΑΠΕ,Φωτοβολταϊκό Σύστημα,,Λειτουργίας Σταθμού Παραγωγής Ηλεκτρισμού,FiT,Λευκωσία,Κλήρου
ΣΧΟΛΙΚΗ ΕΦΟΡΕΙΑ ΠΟΛΗΣ ΧΡΥΣΟΧΟΥΣ (ΤΕΧΝΙΚΗ ΣΧΟΛΗ ΠΟΛΗΣ),Ε000502/2011,05/05/2011,04/05/2041,25,-,-,ΑΠΕ,Φωτοβολταϊκό Σύστημα,,Λειτουργίας Σταθμού Παραγωγής Ηλεκτρισμού,FiT,Πάφος,Πόλης Χρυσοχούς
ΣΧΟΛΙΚΗ ΕΦΟΡΕΙΑ ΠΟΛΕΜΙΟΥ (ΛΥΚΕΙΟ ΠΟΛΕΜΙΟΥ),Ε000501/2011,05/05/2011,04/05/2041,25,-,-,ΑΠΕ,Φωτοβολταϊκό Σύστημα,,Λειτουργίας Σταθμού Παραγωγής Ηλεκτρισμού,FiT,Πάφος,Πολέμι
ΥΠΟΥΡΓΕΙΟ ΠΑΙΔΕΙΑΣ ΚΑΙ ΠΟΛΙΤΙΣΜΟΥ (ΝΕΑ ΤΕΧΝΙΚΗ ΣΧΟΛΗ ΛΑΡΝΑΚΑΣ),Ε000500/2011,05/05/2011,04/05/2041,35,-,-,ΑΠΕ,Φωτοβολταϊκό Σύστημα,,Λειτουργίας Σταθμού Παραγωγής Ηλεκτρισμού,FiT,Λάρνακα,Λάρνακα
ΣΧΟΛΙΚΗ ΕΦΟΡΕΙΑ ΕΓΚΩΜΗΣ (ΛΥΚΕΙΟ ΚΥΚΚΟΥ Β’ ),Ε000499/2011,05/05/2011,04/05/2041,25,-,-,ΑΠΕ,Φωτοβολταϊκό Σύστημα,,Λειτουργίας Σταθμού Παραγωγής Ηλεκτρισμού,FiT,Λευκωσία,Έγκωμη
ΥΠΟΥΡΓΕΙΟ ΑΜΥΝΑΣ ΣΤΡΑΤΟΠΕΔΟ «Ε. ΠΑΝΑΓΙΩΤΟΥ»,Ε000498/2011,05/05/2011,04/05/2041,100,-,-,ΑΠΕ,Φωτοβολταϊκό Σύστημα,,Λειτουργίας Σταθμού Παραγωγής Ηλεκτρισμού,FiT,Λεμεσός,Πολεμίδια
ΣΧΟΛΙΚΗ ΕΦΟΡΕΙΑ ΣΤΡΟΒΟΛΟΥ (ΛΥΚΕΙΟ ΕΘΝ. ΚΥΠΡΙΑΝΟΥ),Ε000497/2011,05/05/2011,04/05/2041,45,-,-,ΑΠΕ,Φωτοβολταϊκό Σύστημα,,Λειτουργίας Σταθμού Παραγωγής Ηλεκτρισμού,FiT,Λευκωσία,Στρόβολος
ΣΧΟΛΙΚΗ ΕΦΟΡΕΙΑ ΚΟΚΚΙΝΟΧΩΡΙΩΝ (ΛΥΚΕΙΟ ΚΟΚΚΙΝΟΧΩΡΙΩΝ),Ε000496/2011,05/05/2011,04/05/2041,30,-,-,ΑΠΕ,Φωτοβολταϊκό Σύστημα,,Λειτουργίας Σταθμού Παραγωγής Ηλεκτρισμού,FiT,Αμμόχωστος,Φρέναρος
ΠΑΝΕΠΙΣΤΗΜΙΟ ΚΥΠΡΟΥ,Ε000355/2010,24/06/2010,23/06/2040,250,-,-,ΑΠΕ,Αιολικό Πάρκο,,Λειτουργίας Σταθμού Παραγωγής Ηλεκτρισμού,FiT,Λευκωσία,Γέρι
ISLAND BIO-ENERGY LTD,Ε000278/2009,17/12/2009,16/12/2039,250,-,-,ΑΠΕ,Βιομάζα,Βιομάζα,Λειτουργίας Σταθμού Παραγωγής Ηλεκτρισμού,FiT,Λευκωσία,Μαρκί
CHRISTAKIS N. NEOFYTOU BIOGAS LTD,Ε000232/2009,03/09/2009,02/09/2039,750,-,-,ΑΠΕ,Βιοαέριο,Βιοαέριο,Λειτουργίας Σταθμού Παραγωγής Ηλεκτρισμού,FiT,Λευκωσία,Παλιομέτοχο
ΙΩΑΝΝΗΣ ΓΕΩΡΓΙΟΥ ΠΙΚΕΡΙ ΛΤΔ,Ε000133/2007,20/12/2007,19/12/2032,230,-,-,ΑΠΕ,Βιοαέριο,Μεθάνιο,Λειτουργίας Σταθμού Παραγωγής Ηλεκτρισμού,FiT,Λευκωσία,Κάτω Μονή
ΣΥΜΒΟΥΛΙΟ ΑΠΟΧΕΤΕΥΣΕΩΣ ΛΕΜΕΣΟΥ ΑΜΑΘΟΥΝΤΑΣ,Ε000122/2007,05/12/2007,04/12/2032,622,-,-,ΑΠΕ,Βιομάζα,Βιομάζα,Λειτουργίας Σταθμού Παραγωγής Ηλεκτρισμού,FiT,Λεμεσός,Λεμεσός
Α. ΚΑΙΛΑΣ &AMP; ΥΙΟΙ ΛΤΔ,Ε000118/2007,05/12/2007,04/12/2032,500,-,-,ΑΠΕ,Βιομάζα,Βιομάζα,Λειτουργίας Σταθμού Παραγωγής Ηλεκτρισμού,FiT,Λάρνακα,Αθηένου
Σ.Π. ΛΑΓΟΣ ΦΑΡΜΑ ΛΤΔ,Ε000116/2007,05/12/2007,04/12/2032,505,-,-,ΑΠΕ,Βιομάζα,Βιομάζα,Λειτουργίας Σταθμού Παραγωγής Ηλεκτρισμού,FiT,Λευκωσία,Δάλι
G. &AMP; AF ENERGY LTD,Ε000114/2007,24/09/2007,23/09/2032,960,-,-,ΑΠΕ,Βιοαέριο,Βιοαέριο,Λειτουργίας Σταθμού Παραγωγής Ηλεκτρισμού,FiT,Λάρνακα,Μαρώνι
ISLAND BIO-ENERGY LTD,Ε000082/2007,20/06/2007,19/06/2032,500,-,-,ΑΠΕ,Βιοαέριο,Μεθάνιο,Λειτουργίας Σταθμού Παραγωγής Ηλεκτρισμού,FiT,Λευκωσία,Μαρκί
ΦΑΡΜΑ ΑΝΔΡΕΟΥ &AMP; ΚΩΣΤΗ ΛΤΔ,Ε000080/2007,20/06/2007,19/06/2032,500,-,-,ΑΠΕ,Βιοαέριο,Βιοαέριο,Λειτουργίας Σταθμού Παραγωγής Ηλεκτρισμού,FiT,Λάρνακα,Τερσεφάνου
ΦΑΡΜΑ ΑΝΔΡΕΟΥ &AMP; ΚΩΣΤΗ ΛΤΔ,Ε000078/2007,20/06/2007,19/06/2032,500,-,-,ΑΠΕ,Βιοαέριο,Βιοαέριο,Λειτουργίας Σταθμού Παραγωγής Ηλεκτρισμού,FiT,Λάρνακα,Ξυλοτύμπου
ARMENIS FARM LTD,Ε000076/2007,20/06/2007,19/06/2032,1000,-,-,ΑΠΕ,Βιοαέριο,Μεθάνιο,Λειτουργίας Σταθμού Παραγωγής Ηλεκτρισμού,FiT,Λεμεσός,Μοναγρούλλι
ΦΥΣΙΚΟ ΠΡΟΣΩΠΟ,Ε000053/2006,01/09/2006,31/08/2026,12,-,-,Συμβατικά Καύσιμα,ΜΕΚ,Ντίζελ,Κατασκευής - Λειτουργίας,,Λευκωσία,Κατύδατα
ΠΑΓΩΤΑ ΠΑΠΑΦΙΛΙΠΠΟΥ &AMP; ΠΑΤΙΣΕΡΙ ΠΑΝΑΓΙΩΤΗΣ ΛΤΔ,Ε000052/2006,01/09/2006,31/08/2026,246,-,-,Συμβατικά Καύσιμα,ΜΕΚ,Ντίζελ,Κατασκευής - Λειτουργίας,Εφεδρεία,Λευκωσία,Παλιομέτοχο
ELECTROMATIC LTD,Ε000050/2006,01/09/2006,31/08/2026,120,-,-,Συμβατικά Καύσιμα,ΜΕΚ,Ντίζελ,Κατασκευής - Λειτουργίας,Εφεδρεία,Λευκωσία,Λατσιά
ΠΑΡΠΑΡΕΣΙΗΣ ΝΙΚΟΛΑΣ ΚΑΤΑΣΚΕΥΕΣ ΛΤΔ,Ε000049/2006,18/07/2006,17/07/2026,200,-,-,Συμβατικά Καύσιμα,ΜΕΚ,Ντίζελ,Κατασκευής - Λειτουργίας,Εφεδρεία,Αμμόχωστος,Φρέναρος
Γ. ΧΡΙΣΤΟΔΟΥΛΟΥ ΚΑΙ ΥΙΟΙ ΛΤΔ,Ε000045/2006,18/07/2006,17/07/2026,48,-,-,Συμβατικά Καύσιμα,ΜΕΚ,Ντίζελ,Κατασκευής - Λειτουργίας,,Λεμεσός,Άρσος
ELMA INVESTMENTS LTD,Ε000043/2006,18/07/2006,17/07/2026,24,-,-,Συμβατικά Καύσιμα,ΜΕΚ,Ντίζελ,Κατασκευής - Λειτουργίας,,Λευκωσία,Λευκωσία
ΝΙΚΟΣ ΑΡΜΕΝΗΣ &AMP; ΥΙΟΙ ΛΤΔ,Ε000027/2006,09/03/2006,08/03/2036,250,-,-,ΑΠΕ,Βιοαέριο,Μεθάνιο,Λειτουργίας Σταθμού Παραγωγής Ηλεκτρισμού,FiT,Λεμεσός,Μοναγρούλλι
CYPRA LTD,Ε000018/2006,17/02/2006,16/02/2036,2000,-,-,ΑΠΕ,Βιοαέριο,Βιοαέριο,Λειτουργίας Σταθμού Παραγωγής Ηλεκτρισμού,FiT,Λευκωσία,Άγιοι Ηλιόφωτοι